-- phpMyAdmin SQL Dump
-- version 4.6.5.2
-- https://www.phpmyadmin.net/
--
-- Máy chủ: 127.0.0.1
-- Thời gian đã tạo: Th7 08, 2017 lúc 06:56 SA
-- Phiên bản máy phục vụ: 10.1.21-MariaDB
-- Phiên bản PHP: 5.6.30

SET SQL_MODE = "NO_AUTO_VALUE_ON_ZERO";
SET time_zone = "+00:00";


/*!40101 SET @OLD_CHARACTER_SET_CLIENT=@@CHARACTER_SET_CLIENT */;
/*!40101 SET @OLD_CHARACTER_SET_RESULTS=@@CHARACTER_SET_RESULTS */;
/*!40101 SET @OLD_COLLATION_CONNECTION=@@COLLATION_CONNECTION */;
/*!40101 SET NAMES utf8mb4 */;

--
-- Cơ sở dữ liệu: `dudoffhoa`
--

-- --------------------------------------------------------

--
-- Cấu trúc bảng cho bảng `district`
--

CREATE TABLE `district` (
  `districtid` varchar(5) NOT NULL,
  `name` varchar(100) NOT NULL,
  `type` varchar(30) NOT NULL,
  `location` varchar(30) NOT NULL,
  `provinceid` varchar(5) NOT NULL
) ENGINE=InnoDB DEFAULT CHARSET=utf8;

--
-- Đang đổ dữ liệu cho bảng `district`
--

INSERT INTO `district` (`districtid`, `name`, `type`, `location`, `provinceid`) VALUES
('001', 'Ba Đình', 'Quận', '21 02 08N, 105 49 38E', '01'),
('002', 'Hoàn Kiếm', 'Quận', '21 01 53N, 105 51 09E', '01'),
('003', 'Tây Hồ', 'Quận', '21 04 10N, 105 49 07E', '01'),
('004', 'Long Biên', 'Quận', '21 02 21N, 105 53 07E', '01'),
('005', 'Cầu Giấy', 'Quận', '21 01 52N, 105 47 20E', '01'),
('006', 'Đống Đa', 'Quận', '21 00 56N, 105 49 06E', '01'),
('007', 'Hai Bà Trưng', 'Quận', '21 00 27N, 105 51 35E', '01'),
('008', 'Hoàng Mai', 'Quận', '20 58 33N, 105 51 22E', '01'),
('009', 'Thanh Xuân', 'Quận', '20 59 44N, 105 48 56E', '01'),
('016', 'Sóc Sơn', 'Huyện', '21 16 55N, 105 49 46E', '01'),
('017', 'Đông Anh', 'Huyện', '21 08 16N, 105 49 38E', '01'),
('018', 'Gia Lâm', 'Huyện', '21 01 28N, 105 56 54E', '01'),
('019', 'Từ Liêm', 'Huyện', '21 02 39N, 105 45 32E', '01'),
('020', 'Thanh Trì', 'Huyện', '20 56 32N, 105 50 55E', '01'),
('024', 'Hà Giang', 'Thị Xã', '22 46 23N, 105 02 39E', '02'),
('026', 'Đồng Văn', 'Huyện', '23 14 34N, 105 15 48E', '02'),
('027', 'Mèo Vạc', 'Huyện', '23 09 10N, 105 26 38E', '02'),
('028', 'Yên Minh', 'Huyện', '23 04 20N, 105 10 13E', '02'),
('029', 'Quản Bạ', 'Huyện', '23 04 03N, 104 58 05E', '02'),
('030', 'Vị Xuyên', 'Huyện', '22 45 50N, 104 56 26E', '02'),
('031', 'Bắc Mê', 'Huyện', '22 45 48N, 105 16 26E', '02'),
('032', 'Hoàng Su Phì', 'Huyện', '22 41 37N, 104 40 06E', '02'),
('033', 'Xín Mần', 'Huyện', '22 38 05N, 104 28 35E', '02'),
('034', 'Bắc Quang', 'Huyện', '22 23 42N, 104 55 06E', '02'),
('035', 'Quang Bình', 'Huyện', '22 23 07N, 104 37 11E', '02'),
('040', 'Cao Bằng', 'Thị Xã', '22 39 20N, 106 15 20E', '04'),
('042', 'Bảo Lâm', 'Huyện', '22 52 37N, 105 27 28E', '04'),
('043', 'Bảo Lạc', 'Huyện', '22 52 31N, 105 42 41E', '04'),
('044', 'Thông Nông', 'Huyện', '22 49 09N, 105 57 05E', '04'),
('045', 'Hà Quảng', 'Huyện', '22 53 42N, 106 06 32E', '04'),
('046', 'Trà Lĩnh', 'Huyện', '22 48 14N, 106 19 47E', '04'),
('047', 'Trùng Khánh', 'Huyện', '22 49 31N, 106 33 58E', '04'),
('048', 'Hạ Lang', 'Huyện', '22 42 37N, 106 41 42E', '04'),
('049', 'Quảng Uyên', 'Huyện', '22 40 15N, 106 27 42E', '04'),
('050', 'Phục Hoà', 'Huyện', '22 33 52N, 106 30 02E', '04'),
('051', 'Hoà An', 'Huyện', '22 41 20N, 106 02 05E', '04'),
('052', 'Nguyên Bình', 'Huyện', '22 38 52N, 105 57 02E', '04'),
('053', 'Thạch An', 'Huyện', '22 28 51N, 106 19 51E', '04'),
('058', 'Bắc Kạn', 'Thị Xã', '22 08 00N, 105 51 10E', '06'),
('060', 'Pác Nặm', 'Huyện', '22 35 46N, 105 40 25E', '06'),
('061', 'Ba Bể', 'Huyện', '22 23 54N, 105 43 30E', '06'),
('062', 'Ngân Sơn', 'Huyện', '22 25 50N, 106 01 00E', '06'),
('063', 'Bạch Thông', 'Huyện', '22 12 04N, 105 51 01E', '06'),
('064', 'Chợ Đồn', 'Huyện', '22 11 18N, 105 34 43E', '06'),
('065', 'Chợ Mới', 'Huyện', '21 57 56N, 105 51 29E', '06'),
('066', 'Na Rì', 'Huyện', '22 09 48N, 106 05 09E', '06'),
('070', 'Tuyên Quang', 'Thị Xã', '21 49 40N, 105 13 12E', '08'),
('072', 'Nà Hang', 'Huyện', '22 28 34N, 105 21 03E', '08'),
('073', 'Chiêm Hóa', 'Huyện', '22 12 49N, 105 14 32E', '08'),
('074', 'Hàm Yên', 'Huyện', '22 05 46N, 105 00 13E', '08'),
('075', 'Yên Sơn', 'Huyện', '21 51 53N, 105 18 14E', '08'),
('076', 'Sơn Dương', 'Huyện', '21 40 22N, 105 22 57E', '08'),
('080', 'Lào Cai', 'Thành Phố', '22 25 07N, 103 58 43E', '10'),
('082', 'Bát Xát', 'Huyện', '22 35 50N, 103 44 49E', '10'),
('083', 'Mường Khương', 'Huyện', '22 41 05N, 104 08 26E', '10'),
('084', 'Si Ma Cai', 'Huyện', '22 39 46N, 104 16 05E', '10'),
('085', 'Bắc Hà', 'Huyện', '22 30 08N, 104 18 54E', '10'),
('086', 'Bảo Thắng', 'Huyện', '22 22 47N, 104 10 00E', '10'),
('087', 'Bảo Yên', 'Huyện', '22 17 38N, 104 25 02E', '10'),
('088', 'Sa Pa', 'Huyện', '22 18 54N, 103 54 18E', '10'),
('089', 'Văn Bàn', 'Huyện', '22 03 48N, 104 10 59E', '10'),
('094', 'Điện Biên Phủ', 'Thành Phố', '21 24 52N, 103 02 31E', '11'),
('095', 'Mường Lay', 'Thị Xã', '22 01 47N, 103 07 10E', '11'),
('096', 'Mường Nhé', 'Huyện', '22 06 11N, 102 30 54E', '11'),
('097', 'Mường Chà', 'Huyện', '21 50 31N, 103 03 15E', '11'),
('098', 'Tủa Chùa', 'Huyện', '21 58 19N, 103 23 01E', '11'),
('099', 'Tuần Giáo', 'Huyện', '21 38 03N, 103 21 06E', '11'),
('100', 'Điện Biên', 'Huyện', '21 15 19N, 103 03 19E', '11'),
('101', 'Điện Biên Đông', 'Huyện', '21 14 07N, 103 15 19E', '11'),
('102', 'Mường Ảng', 'Huyện', '', '11'),
('104', 'Lai Châu', 'Thị Xã', '22 23 15N, 103 24 22E', '12'),
('106', 'Tam Đường', 'Huyện', '22 20 16N, 103 32 53E', '12'),
('107', 'Mường Tè', 'Huyện', '22 24 16N, 102 43 11E', '12'),
('108', 'Sìn Hồ', 'Huyện', '22 17 21N, 103 18 12E', '12'),
('109', 'Phong Thổ', 'Huyện', '22 38 24N, 103 22 38E', '12'),
('110', 'Than Uyên', 'Huyện', '21 59 35N, 103 45 30E', '12'),
('111', 'Tân Uyên', 'Huyện', '', '12'),
('116', 'Sơn La', 'Thành Phố', '21 20 39N, 103 54 52E', '14'),
('118', 'Quỳnh Nhai', 'Huyện', '21 46 34N, 103 39 02E', '14'),
('119', 'Thuận Châu', 'Huyện', '21 24 54N, 103 39 46E', '14'),
('120', 'Mường La', 'Huyện', '21 31 38N, 104 02 48E', '14'),
('121', 'Bắc Yên', 'Huyện', '21 13 23N, 104 22 09E', '14'),
('122', 'Phù Yên', 'Huyện', '21 13 33N, 104 41 51E', '14'),
('123', 'Mộc Châu', 'Huyện', '20 49 21N, 104 43 10E', '14'),
('124', 'Yên Châu', 'Huyện', '20 59 33N, 104 19 51E', '14'),
('125', 'Mai Sơn', 'Huyện', '21 10 08N, 103 59 36E', '14'),
('126', 'Sông Mã', 'Huyện', '21 06 04N, 103 43 56E', '14'),
('127', 'Sốp Cộp', 'Huyện', '20 52 46N, 103 30 38E', '14'),
('132', 'Yên Bái', 'Thành Phố', '21 44 28N, 104 53 42E', '15'),
('133', 'Nghĩa Lộ', 'Thị Xã', '21 35 58N, 104 29 22E', '15'),
('135', 'Lục Yên', 'Huyện', '22 06 44N, 104 43 12E', '15'),
('136', 'Văn Yên', 'Huyện', '21 55 55N, 104 33 51E', '15'),
('137', 'Mù Cang Chải', 'Huyện', '21 48 22N, 104 09 01E', '15'),
('138', 'Trấn Yên', 'Huyện', '21 42 20N, 104 48 56E', '15'),
('139', 'Trạm Tấu', 'Huyện', '21 30 40N, 104 28 03E', '15'),
('140', 'Văn Chấn', 'Huyện', '21 34 15N, 104 35 19E', '15'),
('141', 'Yên Bình', 'Huyện', '21 52 24N, 104 55 16E', '15'),
('148', 'Hòa Bình', 'Thành Phố', '20 50 36N, 105 19 20E', '17'),
('150', 'Đà Bắc', 'Huyện', '20 55 58N, 105 04 52E', '17'),
('151', 'Kỳ Sơn', 'Huyện', '20 54 06N, 105 23 18E', '17'),
('152', 'Lương Sơn', 'Huyện', '20 53 16N, 105 30 55E', '17'),
('153', 'Kim Bôi', 'Huyện', '20 40 34N, 105 32 15E', '17'),
('154', 'Cao Phong', 'Huyện', '20 41 23N, 105 17 48E', '17'),
('155', 'Tân Lạc', 'Huyện', '20 36 44N, 105 15 03E', '17'),
('156', 'Mai Châu', 'Huyện', '20 40 56N, 104 59 46E', '17'),
('157', 'Lạc Sơn', 'Huyện', '20 29 59N, 105 24 57E', '17'),
('158', 'Yên Thủy', 'Huyện', '20 25 42N, 105 37 59E', '17'),
('159', 'Lạc Thủy', 'Huyện', '20 29 12N, 105 44 06E', '17'),
('164', 'Thái Nguyên', 'Thành Phố', '21 33 20N, 105 48 26E', '19'),
('165', 'Sông Công', 'Thị Xã', '21 29 14N, 105 48 47E', '19'),
('167', 'Định Hóa', 'Huyện', '21 53 50N, 105 38 01E', '19'),
('168', 'Phú Lương', 'Huyện', '21 45 57N, 105 43 22E', '19'),
('169', 'Đồng Hỷ', 'Huyện', '21 41 10N, 105 55 43E', '19'),
('170', 'Võ Nhai', 'Huyện', '21 47 14N, 106 02 29E', '19'),
('171', 'Đại Từ', 'Huyện', '21 36 17N, 105 37 28E', '19'),
('172', 'Phổ Yên', 'Huyện', '21 27 08N, 105 45 19E', '19'),
('173', 'Phú Bình', 'Huyện', '21 29 36N, 105 57 42E', '19'),
('178', 'Lạng Sơn', 'Thành Phố', '21 51 19N, 106 44 50E', '20'),
('180', 'Tràng Định', 'Huyện', '22 18 09N, 106 26 32E', '20'),
('181', 'Bình Gia', 'Huyện', '22 03 56N, 106 19 01E', '20'),
('182', 'Văn Lãng', 'Huyện', '22 01 59N, 106 34 17E', '20'),
('183', 'Cao Lộc', 'Huyện', '21 53 05N, 106 50 34E', '20'),
('184', 'Văn Quan', 'Huyện', '21 51 04N, 106 33 04E', '20'),
('185', 'Bắc Sơn', 'Huyện', '21 48 57N, 106 15 28E', '20'),
('186', 'Hữu Lũng', 'Huyện', '21 34 33N, 106 20 33E', '20'),
('187', 'Chi Lăng', 'Huyện', '21 40 05N, 106 37 24E', '20'),
('188', 'Lộc Bình', 'Huyện', '21 40 41N, 106 58 12E', '20'),
('189', 'Đình Lập', 'Huyện', '21 32 07N, 107 07 25E', '20'),
('193', 'Hạ Long', 'Thành Phố', '20 52 24N, 107 05 23E', '22'),
('194', 'Móng Cái', 'Thành Phố', '21 26 31N, 107 55 09E', '22'),
('195', 'Cẩm Phả', 'Thị Xã', '21 03 42N, 107 17 22E', '22'),
('196', 'Uông Bí', 'Thị Xã', '21 04 33N, 106 45 07E', '22'),
('198', 'Bình Liêu', 'Huyện', '21 33 07N, 107 26 24E', '22'),
('199', 'Tiên Yên', 'Huyện', '21 22 24N, 107 22 50E', '22'),
('200', 'Đầm Hà', 'Huyện', '21 21 23N, 107 34 32E', '22'),
('201', 'Hải Hà', 'Huyện', '21 25 50N, 107 41 26E', '22'),
('202', 'Ba Chẽ', 'Huyện', '21 15 40N, 107 09 52E', '22'),
('203', 'Vân Đồn', 'Huyện', '20 56 17N, 107 28 02E', '22'),
('204', 'Hoành Bồ', 'Huyện', '21 06 30N, 107 02 43E', '22'),
('205', 'Đông Triều', 'Huyện', '21 07 10N, 106 34 36E', '22'),
('206', 'Yên Hưng', 'Huyện', '20 55 40N, 106 51 05E', '22'),
('207', 'Cô Tô', 'Huyện', '21 05 01N, 107 49 10E', '22'),
('213', 'Bắc Giang', 'Thành Phố', '21 17 36N, 106 11 18E', '24'),
('215', 'Yên Thế', 'Huyện', '21 31 29N, 106 09 27E', '24'),
('216', 'Tân Yên', 'Huyện', '21 23 23N, 106 05 55E', '24'),
('217', 'Lạng Giang', 'Huyện', '21 21 58N, 106 15 21E', '24'),
('218', 'Lục Nam', 'Huyện', '21 18 16N, 106 29 24E', '24'),
('219', 'Lục Ngạn', 'Huyện', '21 26 15N, 106 39 09E', '24'),
('220', 'Sơn Động', 'Huyện', '21 19 42N, 106 51 09E', '24'),
('221', 'Yên Dũng', 'Huyện', '21 12 22N, 106 14 12E', '24'),
('222', 'Việt Yên', 'Huyện', '21 16 16N, 106 04 59E', '24'),
('223', 'Hiệp Hòa', 'Huyện', '21 15 51N, 105 57 30E', '24'),
('227', 'Việt Trì', 'Thành Phố', '21 19 01N, 105 23 35E', '25'),
('228', 'Phú Thọ', 'Thị Xã', '21 24 54N, 105 13 46E', '25'),
('230', 'Đoan Hùng', 'Huyện', '21 36 56N, 105 08 42E', '25'),
('231', 'Hạ Hoà', 'Huyện', '21 35 13N, 105 00 22E', '25'),
('232', 'Thanh Ba', 'Huyện', '21 27 04N, 105 09 10E', '25'),
('233', 'Phù Ninh', 'Huyện', '21 26 59N, 105 18 13E', '25'),
('234', 'Yên Lập', 'Huyện', '21 22 21N, 105 01 25E', '25'),
('235', 'Cẩm Khê', 'Huyện', '21 23 04N, 105 05 25E', '25'),
('236', 'Tam Nông', 'Huyện', '21 18 24N, 105 14 59E', '25'),
('237', 'Lâm Thao', 'Huyện', '21 19 37N, 105 18 09E', '25'),
('238', 'Thanh Sơn', 'Huyện', '21 08 32N, 105 04 40E', '25'),
('239', 'Thanh Thuỷ', 'Huyện', '21 07 26N, 105 17 18E', '25'),
('240', 'Tân Sơn', 'Huyện', '', '25'),
('243', 'Vĩnh Yên', 'Thành Phố', '21 18 26N, 105 35 33E', '26'),
('244', 'Phúc Yên', 'Thị Xã', '21 18 55N, 105 43 54E', '26'),
('246', 'Lập Thạch', 'Huyện', '21 24 45N, 105 25 39E', '26'),
('247', 'Tam Dương', 'Huyện', '21 21 40N, 105 33 36E', '26'),
('248', 'Tam Đảo', 'Huyện', '21 27 34N, 105 35 09E', '26'),
('249', 'Bình Xuyên', 'Huyện', '21 19 48N, 105 39 43E', '26'),
('250', 'Mê Linh', 'Huyện', '21 10 53N, 105 42 05E', '01'),
('251', 'Yên Lạc', 'Huyện', '21 13 17N, 105 34 44E', '26'),
('252', 'Vĩnh Tường', 'Huyện', '21 14 58N, 105 29 37E', '26'),
('253', 'Sông Lô', 'Huyện', '', '26'),
('256', 'Bắc Ninh', 'Thành Phố', '21 10 48N, 106 03 58E', '27'),
('258', 'Yên Phong', 'Huyện', '21 12 40N, 105 59 36E', '27'),
('259', 'Quế Võ', 'Huyện', '21 08 44N, 106 11 06E', '27'),
('260', 'Tiên Du', 'Huyện', '21 07 37N, 106 02 19E', '27'),
('261', 'Từ Sơn', 'Thị Xã', '21 07 12N, 105 57 26E', '27'),
('262', 'Thuận Thành', 'Huyện', '21 02 24N, 106 04 10E', '27'),
('263', 'Gia Bình', 'Huyện', '21 03 55N, 106 12 53E', '27'),
('264', 'Lương Tài', 'Huyện', '21 01 33N, 106 13 28E', '27'),
('268', 'Hà Đông', 'Quận', '20 57 25N, 105 45 21E', '01'),
('269', 'Sơn Tây', 'Thị Xã', '21 05 51N, 105 28 27E', '01'),
('271', 'Ba Vì', 'Huyện', '21 09 40N, 105 22 43E', '01'),
('272', 'Phúc Thọ', 'Huyện', '21 06 32N, 105 34 52E', '01'),
('273', 'Đan Phượng', 'Huyện', '21 07 13N, 105 40 49E', '01'),
('274', 'Hoài Đức', 'Huyện', '21 01 25N, 105 42 03E', '01'),
('275', 'Quốc Oai', 'Huyện', '20 58 45N, 105 36 43E', '01'),
('276', 'Thạch Thất', 'Huyện', '21 02 17N, 105 33 05E', '01'),
('277', 'Chương Mỹ', 'Huyện', '20 52 46N, 105 39 01E', '01'),
('278', 'Thanh Oai', 'Huyện', '20 51 44N, 105 46 18E', '01'),
('279', 'Thường Tín', 'Huyện', '20 49 59N, 105 22 19E', '01'),
('280', 'Phú Xuyên', 'Huyện', '20 43 37N, 105 53 43E', '01'),
('281', 'Ứng Hòa', 'Huyện', '20 42 41N, 105 47 58E', '01'),
('282', 'Mỹ Đức', 'Huyện', '20 41 53N, 105 43 31E', '01'),
('288', 'Hải Dương', 'Thành Phố', '20 56 14N, 106 18 21E', '30'),
('290', 'Chí Linh', 'Huyện', '21 07 47N, 106 23 46E', '30'),
('291', 'Nam Sách', 'Huyện', '21 00 15N, 106 20 26E', '30'),
('292', 'Kinh Môn', 'Huyện', '21 00 04N, 106 30 23E', '30'),
('293', 'Kim Thành', 'Huyện', '20 55 40N, 106 30 33E', '30'),
('294', 'Thanh Hà', 'Huyện', '20 53 19N, 106 25 43E', '30'),
('295', 'Cẩm Giàng', 'Huyện', '20 57 05N, 106 12 29E', '30'),
('296', 'Bình Giang', 'Huyện', '20 52 36N, 106 11 24E', '30'),
('297', 'Gia Lộc', 'Huyện', '20 51 01N, 106 17 34E', '30'),
('298', 'Tứ Kỳ', 'Huyện', '20 49 05N, 106 24 05E', '30'),
('299', 'Ninh Giang', 'Huyện', '20 45 13N, 106 20 09E', '30'),
('300', 'Thanh Miện', 'Huyện', '20 46 02N, 106 12 26E', '30'),
('303', 'Hồng Bàng', 'Quận', '20 52 37N, 106 38 32E', '31'),
('304', 'Ngô Quyền', 'Quận', '20 51 13N, 106 41 57E', '31'),
('305', 'Lê Chân', 'Quận', '20 50 12N, 106 40 30E', '31'),
('306', 'Hải An', 'Quận', '20 49 38N, 106 45 57E', '31'),
('307', 'Kiến An', 'Quận', '20 48 26N, 106 38 03E', '31'),
('308', 'Đồ Sơn', 'Quận', '20 42 41N, 106 44 54E', '31'),
('309', 'Kinh Dương', 'Quận', '', '31'),
('311', 'Thuỷ Nguyên', 'Huyện', '20 56 36N, 106 39 38E', '31'),
('312', 'An Dương', 'Huyện', '20 53 06N, 106 35 36E', '31'),
('313', 'An Lão', 'Huyện', '20 47 54N, 106 33 19E', '31'),
('314', 'Kiến Thụy', 'Huyện', '20 45 13N, 106 41 47E', '31'),
('315', 'Tiên Lãng', 'Huyện', '20 42 23N, 106 36 03E', '31'),
('316', 'Vĩnh Bảo', 'Huyện', '20 40 56N, 106 29 57E', '31'),
('317', 'Cát Hải', 'Huyện', '20 47 09N, 106 58 07E', '31'),
('318', 'Bạch Long Vĩ', 'Huyện', '20 08 41N, 107 42 51E', '31'),
('323', 'Hưng Yên', 'Thành Phố', '20 39 38N, 106 03 08E', '33'),
('325', 'Văn Lâm', 'Huyện', '20 58 31N, 106 02 51E', '33'),
('326', 'Văn Giang', 'Huyện', '20 55 51N, 105 57 14E', '33'),
('327', 'Yên Mỹ', 'Huyện', '20 53 45N, 106 01 21E', '33'),
('328', 'Mỹ Hào', 'Huyện', '20 55 35N, 106 05 34E', '33'),
('329', 'Ân Thi', 'Huyện', '20 48 49N, 106 05 30E', '33'),
('330', 'Khoái Châu', 'Huyện', '20 49 53N, 105 58 28E', '33'),
('331', 'Kim Động', 'Huyện', '20 44 47N, 106 01 47E', '33'),
('332', 'Tiên Lữ', 'Huyện', '20 40 05N, 106 07 59E', '33'),
('333', 'Phù Cừ', 'Huyện', '20 42 51N, 106 11 30E', '33'),
('336', 'Thái Bình', 'Thành Phố', '20 26 45N, 106 19 56E', '34'),
('338', 'Quỳnh Phụ', 'Huyện', '20 38 57N, 106 21 16E', '34'),
('339', 'Hưng Hà', 'Huyện', '20 35 38N, 106 12 42E', '34'),
('340', 'Đông Hưng', 'Huyện', '20 32 50N, 106 20 15E', '34'),
('341', 'Thái Thụy', 'Huyện', '20 32 33N, 106 32 32E', '34'),
('342', 'Tiền Hải', 'Huyện', '20 21 05N, 106 32 45E', '34'),
('343', 'Kiến Xương', 'Huyện', '20 23 52N, 106 25 22E', '34'),
('344', 'Vũ Thư', 'Huyện', '20 25 29N, 106 16 43E', '34'),
('347', 'Phủ Lý', 'Thành Phố', '20 32 19N, 105 54 55E', '35'),
('349', 'Duy Tiên', 'Huyện', '20 37 33N, 105 58 01E', '35'),
('350', 'Kim Bảng', 'Huyện', '20 34 19N, 105 50 41E', '35'),
('351', 'Thanh Liêm', 'Huyện', '20 27 31N, 105 55 09E', '35'),
('352', 'Bình Lục', 'Huyện', '20 29 23N, 106 02 52E', '35'),
('353', 'Lý Nhân', 'Huyện', '20 32 55N, 106 04 48E', '35'),
('356', 'Nam Định', 'Thành Phố', '20 25 07N, 106 09 54E', '36'),
('358', 'Mỹ Lộc', 'Huyện', '20 27 21N, 106 07 56E', '36'),
('359', 'Vụ Bản', 'Huyện', '20 22 57N, 106 05 35E', '36'),
('360', 'Ý Yên', 'Huyện', '20 19 48N, 106 01 55E', '36'),
('361', 'Nghĩa Hưng', 'Huyện', '20 05 37N, 106 08 59E', '36'),
('362', 'Nam Trực', 'Huyện', '20 20 08N, 106 12 54E', '36'),
('363', 'Trực Ninh', 'Huyện', '20 14 42N, 106 12 45E', '36'),
('364', 'Xuân Trường', 'Huyện', '20 17 53N, 106 21 43E', '36'),
('365', 'Giao Thủy', 'Huyện', '20 14 45N, 106 28 39E', '36'),
('366', 'Hải Hậu', 'Huyện', '20 06 26N, 106 16 29E', '36'),
('369', 'Ninh Bình', 'Thành Phố', '20 14 45N, 105 58 24E', '37'),
('370', 'Tam Điệp', 'Thị Xã', '20 09 42N, 103 52 43E', '37'),
('372', 'Nho Quan', 'Huyện', '20 18 46N, 105 42 48E', '37'),
('373', 'Gia Viễn', 'Huyện', '20 19 50N, 105 52 20E', '37'),
('374', 'Hoa Lư', 'Huyện', '20 15 04N, 105 55 52E', '37'),
('375', 'Yên Khánh', 'Huyện', '20 11 26N, 106 04 33E', '37'),
('376', 'Kim Sơn', 'Huyện', '20 02 07N, 106 05 27E', '37'),
('377', 'Yên Mô', 'Huyện', '20 07 45N, 105 59 45E', '37'),
('380', 'Thanh Hóa', 'Thành Phố', '19 48 26N, 105 47 37E', '38'),
('381', 'Bỉm Sơn', 'Thị Xã', '20 05 21N, 105 51 48E', '38'),
('382', 'Sầm Sơn', 'Thị Xã', '19 45 11N, 105 54 03E', '38'),
('384', 'Mường Lát', 'Huyện', '20 30 42N, 104 37 27E', '38'),
('385', 'Quan Hóa', 'Huyện', '20 29 15N, 104 56 35E', '38'),
('386', 'Bá Thước', 'Huyện', '20 22 48N, 105 14 50E', '38'),
('387', 'Quan Sơn', 'Huyện', '20 15 17N, 104 51 58E', '38'),
('388', 'Lang Chánh', 'Huyện', '20 08 58N, 105 07 40E', '38'),
('389', 'Ngọc Lặc', 'Huyện', '20 04 08N, 105 22 39E', '38'),
('390', 'Cẩm Thủy', 'Huyện', '20 12 20N, 105 27 22E', '38'),
('391', 'Thạch Thành', 'Huyện', '21 12 41N, 105 36 38E', '38'),
('392', 'Hà Trung', 'Huyện', '20 03 20N, 105 51 20E', '38'),
('393', 'Vĩnh Lộc', 'Huyện', '20 02 29N, 105 39 28E', '38'),
('394', 'Yên Định', 'Huyện', '20 00 31N, 105 37 44E', '38'),
('395', 'Thọ Xuân', 'Huyện', '19 55 39N, 105 29 14E', '38'),
('396', 'Thường Xuân', 'Huyện', '19 54 55N, 105 10 46E', '38'),
('397', 'Triệu Sơn', 'Huyện', '19 48 11N, 105 34 03E', '38'),
('398', 'Thiệu Hoá', 'Huyện', '19 53 56N, 105 40 57E', '38'),
('399', 'Hoằng Hóa', 'Huyện', '19 51 59N, 105 51 34E', '38'),
('400', 'Hậu Lộc', 'Huyện', '19 56 02N, 105 53 19E', '38'),
('401', 'Nga Sơn', 'Huyện', '20 00 16N, 105 59 26E', '38'),
('402', 'Như Xuân', 'Huyện', '19 5 55N, 105 20 22E', '38'),
('403', 'Như Thanh', 'Huyện', '19 35 19N, 105 33 09E', '38'),
('404', 'Nông Cống', 'Huyện', '19 36 58N, 105 40 54E', '38'),
('405', 'Đông Sơn', 'Huyện', '19 47 44N, 105 42 19E', '38'),
('406', 'Quảng Xương', 'Huyện', '19 40 53N, 105 48 01E', '38'),
('407', 'Tĩnh Gia', 'Huyện', '19 27 13N, 105 43 38E', '38'),
('412', 'Vinh', 'Thành Phố', '18 41 06N, 105 42 05E', '40'),
('413', 'Cửa Lò', 'Thị Xã', '18 47 26N, 105 43 31E', '40'),
('414', 'Thái Hoà', 'Thị Xã', '', '40'),
('415', 'Quế Phong', 'Huyện', '19 42 25N, 104 54 21E', '40'),
('416', 'Quỳ Châu', 'Huyện', '19 32 16N, 105 03 18E', '40'),
('417', 'Kỳ Sơn', 'Huyện', '19 24 36N, 104 09 45E', '40'),
('418', 'Tương Dương', 'Huyện', '19 19 15N, 104 35 41E', '40'),
('419', 'Nghĩa Đàn', 'Huyện', '19 21 19N, 105 26 33E', '40'),
('420', 'Quỳ Hợp', 'Huyện', '19 19 24N, 105 09 12E', '40'),
('421', 'Quỳnh Lưu', 'Huyện', '19 14 01N, 105 37 00E', '40'),
('422', 'Con Cuông', 'Huyện', '19 03 50N, 107 47 15E', '40'),
('423', 'Tân Kỳ', 'Huyện', '19 06 11N, 105 14 14E', '40'),
('424', 'Anh Sơn', 'Huyện', '18 58 04N, 105 04 30E', '40'),
('425', 'Diễn Châu', 'Huyện', '19 01 20N, 105 34 13E', '40'),
('426', 'Yên Thành', 'Huyện', '19 01 25N, 105 26 17E', '40'),
('427', 'Đô Lương', 'Huyện', '18 55 00N, 105 21 03E', '40'),
('428', 'Thanh Chương', 'Huyện', '18 44 11N, 105 12 59E', '40'),
('429', 'Nghi Lộc', 'Huyện', '18 47 41N, 105 31 30E', '40'),
('430', 'Nam Đàn', 'Huyện', '18 40 28N, 105 30 32E', '40'),
('431', 'Hưng Nguyên', 'Huyện', '18 41 13N, 105 37 41E', '40'),
('436', 'Hà Tĩnh', 'Thành Phố', '18 21 20N, 105 54 00E', '42'),
('437', 'Hồng Lĩnh', 'Thị Xã', '18 32 05N, 105 42 40E', '42'),
('439', 'Hương Sơn', 'Huyện', '18 26 47N, 105 19 36E', '42'),
('440', 'Đức Thọ', 'Huyện', '18 29 23N, 105 36 39E', '42'),
('441', 'Vũ Quang', 'Huyện', '18 19 30N, 105 26 38E', '42'),
('442', 'Nghi Xuân', 'Huyện', '18 38 46N, 105 46 17E', '42'),
('443', 'Can Lộc', 'Huyện', '18 26 39N, 105 46 13E', '42'),
('444', 'Hương Khê', 'Huyện', '18 11 36N, 105 41 24E', '42'),
('445', 'Thạch Hà', 'Huyện', '18 19 29N, 105 52 43E', '42'),
('446', 'Cẩm Xuyên', 'Huyện', '18 11 32N, 106 00 04E', '42'),
('447', 'Kỳ Anh', 'Huyện', '18 05 15N, 106 15 49E', '42'),
('448', 'Lộc Hà', 'Huyện', '', '42'),
('450', 'Đồng Hới', 'Thành Phố', '17 26 53N, 106 35 15E', '44'),
('452', 'Minh Hóa', 'Huyện', '17 44 03N, 105 51 45E', '44'),
('453', 'Tuyên Hóa', 'Huyện', '17 54 04N, 105 58 17E', '44'),
('454', 'Quảng Trạch', 'Huyện', '17 50 04N, 106 22 24E', '44'),
('455', 'Bố Trạch', 'Huyện', '17 29 13N, 106 06 54E', '44'),
('456', 'Quảng Ninh', 'Huyện', '17 15 15N, 106 32 31E', '44'),
('457', 'Lệ Thủy', 'Huyện', '17 07 35N, 106 41 47E', '44'),
('461', 'Đông Hà', 'Thành Phố', '16 48 12N, 107 05 12E', '45'),
('462', 'Quảng Trị', 'Thị Xã', '16 44 37N, 107 11 20E', '45'),
('464', 'Vĩnh Linh', 'Huyện', '17 01 35N, 106 53 49E', '45'),
('465', 'Hướng Hóa', 'Huyện', '16 42 19N, 106 40 14E', '45'),
('466', 'Gio Linh', 'Huyện', '16 54 49N, 106 56 16E', '45'),
('467', 'Đa Krông', 'Huyện', '16 33 58N, 106 55 49E', '45'),
('468', 'Cam Lộ', 'Huyện', '16 47 09N, 106 57 52E', '45'),
('469', 'Triệu Phong', 'Huyện', '16 46 32N, 107 09 12E', '45'),
('470', 'Hải Lăng', 'Huyện', '16 41 07N, 107 13 34E', '45'),
('471', 'Cồn Cỏ', 'Huyện', '19 09 39N, 107 19 58E', '45'),
('474', 'Huế', 'Thành Phố', '16 27 16N, 107 34 29E', '46'),
('476', 'Phong Điền', 'Huyện', '16 32 42N, 106 16 37E', '46'),
('477', 'Quảng Điền', 'Huyện', '16 35 21N, 107 29 31E', '46'),
('478', 'Phú Vang', 'Huyện', '16 27 20N, 107 42 28E', '46'),
('479', 'Hương Thủy', 'Huyện', '16 19 27N, 107 37 26E', '46'),
('480', 'Hương Trà', 'Huyện', '16 25 49N, 107 28 37E', '46'),
('481', 'A Lưới', 'Huyện', '16 13 59N, 107 16 12E', '46'),
('482', 'Phú Lộc', 'Huyện', '16 17 16N, 107 55 25E', '46'),
('483', 'Nam Đông', 'Huyện', '16 07 11N, 107 41 25E', '46'),
('490', 'Liên Chiểu', 'Quận', '16 07 26N, 108 07 04E', '48'),
('491', 'Thanh Khê', 'Quận', '16 03 28N, 108 11 00E', '48'),
('492', 'Hải Châu', 'Quận', '16 03 38N, 108 11 46E', '48'),
('493', 'Sơn Trà', 'Quận', '16 06 13N, 108 16 26E', '48'),
('494', 'Ngũ Hành Sơn', 'Quận', '16 00 30N, 108 15 09E', '48'),
('495', 'Cẩm Lệ', 'Quận', '', '48'),
('497', 'Hoà Vang', 'Huyện', '16 03 59N, 108 01 57E', '48'),
('498', 'Hoàng Sa', 'Huyện', '16 21 36N, 111 57 01E', '48'),
('502', 'Tam Kỳ', 'Thành Phố', '15 34 37N, 108 29 52E', '49'),
('503', 'Hội An', 'Thành Phố', '15 53 20N, 108 20 42E', '49'),
('504', 'Tây Giang', 'Huyện', '15 53 46N, 107 25 52E', '49'),
('505', 'Đông Giang', 'Huyện', '15 54 44N, 107 47 06E', '49'),
('506', 'Đại Lộc', 'Huyện', '15 50 10N, 107 58 27E', '49'),
('507', 'Điện Bàn', 'Huyện', '15 54 15N, 108 13 38E', '49'),
('508', 'Duy Xuyên', 'Huyện', '15 47 58N, 108 13 27E', '49'),
('509', 'Quế Sơn', 'Huyện', '15 41 03N, 108 05 34E', '49'),
('510', 'Nam Giang', 'Huyện', '15 36 37N, 107 33 52E', '49'),
('511', 'Phước Sơn', 'Huyện', '15 23 17N, 107 50 22E', '49'),
('512', 'Hiệp Đức', 'Huyện', '15 31 09N, 108 05 56E', '49'),
('513', 'Thăng Bình', 'Huyện', '15 42 29N, 108 22 04E', '49'),
('514', 'Tiên Phước', 'Huyện', '15 29 30N, 108 15 28E', '49'),
('515', 'Bắc Trà My', 'Huyện', '15 08 00N, 108 05 32E', '49'),
('516', 'Nam Trà My', 'Huyện', '15 16 40N, 108 12 15E', '49'),
('517', 'Núi Thành', 'Huyện', '15 26 53N, 108 34 49E', '49'),
('518', 'Phú Ninh', 'Huyện', '15 30 43N, 108 24 43E', '49'),
('519', 'Nông Sơn', 'Huyện', '', '49'),
('522', 'Quảng Ngãi', 'Thành Phố', '15 07 17N, 108 48 24E', '51'),
('524', 'Bình Sơn', 'Huyện', '15 18 45N, 108 45 35E', '51'),
('525', 'Trà Bồng', 'Huyện', '15 13 30N, 108 29 57E', '51'),
('526', 'Tây Trà', 'Huyện', '15 11 13N, 108 22 23E', '51'),
('527', 'Sơn Tịnh', 'Huyện', '15 11 49N, 108 45 03E', '51'),
('528', 'Tư Nghĩa', 'Huyện', '15 05 25N, 108 45 23E', '51'),
('529', 'Sơn Hà', 'Huyện', '14 58 35N, 108 29 09E', '51'),
('530', 'Sơn Tây', 'Huyện', '14 58 11N, 108 21 22E', '51'),
('531', 'Minh Long', 'Huyện', '14 56 49N, 108 40 19E', '51'),
('532', 'Nghĩa Hành', 'Huyện', '14 58 06N, 108 46 05E', '51'),
('533', 'Mộ Đức', 'Huyện', '11 59 13N, 108 52 21E', '51'),
('534', 'Đức Phổ', 'Huyện', '14 44 59N, 108 56 58E', '51'),
('535', 'Ba Tơ', 'Huyện', '14 42 52N, 108 43 44E', '51'),
('536', 'Lý Sơn', 'Huyện', '15 22 50N, 109 06 56E', '51'),
('540', 'Qui Nhơn', 'Thành Phố', '13 47 15N, 109 12 48E', '52'),
('542', 'An Lão', 'Huyện', '14 32 10N, 108 47 52E', '52'),
('543', 'Hoài Nhơn', 'Huyện', '14 30 56N, 109 01 56E', '52'),
('544', 'Hoài Ân', 'Huyện', '14 20 51N, 108 54 04E', '52'),
('545', 'Phù Mỹ', 'Huyện', '14 14 41N, 109 05 43E', '52'),
('546', 'Vĩnh Thạnh', 'Huyện', '14 14 26N, 108 44 08E', '52'),
('547', 'Tây Sơn', 'Huyện', '13 56 47N, 108 53 06E', '52'),
('548', 'Phù Cát', 'Huyện', '14 03 48N, 109 03 57E', '52'),
('549', 'An Nhơn', 'Huyện', '13 51 28N, 109 04 02E', '52'),
('550', 'Tuy Phước', 'Huyện', '13 46 30N, 109 05 38E', '52'),
('551', 'Vân Canh', 'Huyện', '13 40 35N, 108 57 52E', '52'),
('555', 'Tuy Hòa', 'Thành Phố', '13 05 42N, 109 15 50E', '54'),
('557', 'Sông Cầu', 'Thị Xã', '13 31 40N, 109 12 39E', '54'),
('558', 'Đồng Xuân', 'Huyện', '13 24 59N, 108 56 46E', '54'),
('559', 'Tuy An', 'Huyện', '13 15 19N, 109 12 21E', '54'),
('560', 'Sơn Hòa', 'Huyện', '13 12 16N, 108 57 17E', '54'),
('561', 'Sông Hinh', 'Huyện', '12 54 19N, 108 53 38E', '54'),
('562', 'Tây Hoà', 'Huyện', '', '54'),
('563', 'Phú Hoà', 'Huyện', '13 04 07N, 109 11 24E', '54'),
('564', 'Đông Hoà', 'Huyện', '', '54'),
('568', 'Nha Trang', 'Thành Phố', '12 15 40N, 109 10 40E', '56'),
('569', 'Cam Ranh', 'Thị Xã', '11 59 05N, 108 08 17E', '56'),
('570', 'Cam Lâm', 'Huyện', '', '56'),
('571', 'Vạn Ninh', 'Huyện', '12 43 10N, 109 11 18E', '56'),
('572', 'Ninh Hòa', 'Huyện', '12 32 54N, 109 06 11E', '56'),
('573', 'Khánh Vĩnh', 'Huyện', '12 17 50N, 108 51 56E', '56'),
('574', 'Diên Khánh', 'Huyện', '12 13 19N, 109 02 16E', '56'),
('575', 'Khánh Sơn', 'Huyện', '12 02 17N, 108 53 47E', '56'),
('576', 'Trường Sa', 'Huyện', '9 07 27N, 114 15 00E', '56'),
('582', 'Phan Rang-Tháp Chàm', 'Thành Phố', '11 36 11N, 108 58 34E', '58'),
('584', 'Bác Ái', 'Huyện', '11 54 45N, 108 51 29E', '58'),
('585', 'Ninh Sơn', 'Huyện', '11 42 36N, 108 44 55E', '58'),
('586', 'Ninh Hải', 'Huyện', '11 42 46N, 109 05 41E', '58'),
('587', 'Ninh Phước', 'Huyện', '11 28 56N, 108 50 34E', '58'),
('588', 'Thuận Bắc', 'Huyện', '', '58'),
('589', 'Thuận Nam', 'Huyện', '', '58'),
('593', 'Phan Thiết', 'Thành Phố', '10 54 16N, 108 03 44E', '60'),
('594', 'La Gi', 'Thị Xã', '', '60'),
('595', 'Tuy Phong', 'Huyện', '11 20 26N, 108 41 15E', '60'),
('596', 'Bắc Bình', 'Huyện', '11 15 52N, 108 21 33E', '60'),
('597', 'Hàm Thuận Bắc', 'Huyện', '11 09 18N, 108 03 07E', '60'),
('598', 'Hàm Thuận Nam', 'Huyện', '10 56 20N, 107 54 38E', '60'),
('599', 'Tánh Linh', 'Huyện', '11 08 26N, 107 41 22E', '60'),
('600', 'Đức Linh', 'Huyện', '11 11 43N, 107 31 34E', '60'),
('601', 'Hàm Tân', 'Huyện', '10 44 41N, 107 41 33E', '60'),
('602', 'Phú Quí', 'Huyện', '10 33 13N, 108 57 46E', '60'),
('608', 'Kon Tum', 'Thành Phố', '14 20 32N, 107 58 04E', '62'),
('610', 'Đắk Glei', 'Huyện', '15 08 13N, 107 44 03E', '62'),
('611', 'Ngọc Hồi', 'Huyện', '14 44 23N, 107 38 49E', '62'),
('612', 'Đắk Tô', 'Huyện', '14 46 49N, 107 55 36E', '62'),
('613', 'Kon Plông', 'Huyện', '14 48 13N, 108 20 05E', '62'),
('614', 'Kon Rẫy', 'Huyện', '14 32 56N, 108 13 09E', '62'),
('615', 'Đắk Hà', 'Huyện', '14 36 50N, 107 59 55E', '62'),
('616', 'Sa Thầy', 'Huyện', '14 16 02N, 107 36 30E', '62'),
('617', 'Tu Mơ Rông', 'Huyện', '', '62'),
('622', 'Pleiku', 'Thành Phố', '13 57 42N, 107 58 03E', '64'),
('623', 'An Khê', 'Thị Xã', '14 01 24N, 108 41 29E', '64'),
('624', 'Ayun Pa', 'Thị Xã', '', '64'),
('625', 'Kbang', 'Huyện', '14 18 08N, 108 29 17E', '64'),
('626', 'Đăk Đoa', 'Huyện', '14 07 02N, 108 09 36E', '64'),
('627', 'Chư Păh', 'Huyện', '14 13 30N, 107 56 33E', '64'),
('628', 'Ia Grai', 'Huyện', '13 59 25N, 107 43 16E', '64'),
('629', 'Mang Yang', 'Huyện', '13 57 26N, 108 18 37E', '64'),
('630', 'Kông Chro', 'Huyện', '13 45 47N, 108 36 04E', '64'),
('631', 'Đức Cơ', 'Huyện', '13 46 16N, 107 38 26E', '64'),
('632', 'Chư Prông', 'Huyện', '13 35 39N, 107 47 36E', '64'),
('633', 'Chư Sê', 'Huyện', '13 37 04N, 108 06 56E', '64'),
('634', 'Đăk Pơ', 'Huyện', '13 55 47N, 108 36 16E', '64'),
('635', 'Ia Pa', 'Huyện', '13 31 37N, 108 30 34E', '64'),
('637', 'Krông Pa', 'Huyện', '13 14 13N, 108 39 12E', '64'),
('638', 'Phú Thiện', 'Huyện', '', '64'),
('639', 'Chư Pưh', 'Huyện', '', '64'),
('643', 'Buôn Ma Thuột', 'Thành Phố', '12 39 43N, 108 10 40E', '66'),
('644', 'Buôn Hồ', 'Thị Xã', '', '66'),
('645', 'Ea H\'leo', 'Huyện', '13 13 52N, 108 12 30E', '66'),
('646', 'Ea Súp', 'Huyện', '13 10 59N, 107 46 49E', '66'),
('647', 'Buôn Đôn', 'Huyện', '12 52 45N, 107 45 20E', '66'),
('648', 'Cư M\'gar', 'Huyện', '12 53 47N, 108 04 16E', '66'),
('649', 'Krông Búk', 'Huyện', '12 56 27N, 108 13 54E', '66'),
('650', 'Krông Năng', 'Huyện', '12 59 41N, 108 23 42E', '66'),
('651', 'Ea Kar', 'Huyện', '12 48 17N, 108 32 42E', '66'),
('652', 'M\'đrắk', 'Huyện', '12 42 14N, 108 47 09E', '66'),
('653', 'Krông Bông', 'Huyện', '12 27 08N, 108 27 01E', '66'),
('654', 'Krông Pắc', 'Huyện', '12 41 20N, 108 18 42E', '66'),
('655', 'Krông A Na', 'Huyện', '12 31 51N, 108 05 03E', '66'),
('656', 'Lắk', 'Huyện', '12 19 20N, 108 12 17E', '66'),
('657', 'Cư Kuin', 'Huyện', '', '66'),
('660', 'Gia Nghĩa', 'Thị Xã', '', '67'),
('661', 'Đắk Glong', 'Huyện', '12 01 53N, 107 50 37E', '67'),
('662', 'Cư Jút', 'Huyện', '12 40 56N, 107 44 44E', '67'),
('663', 'Đắk Mil', 'Huyện', '12 31 08N, 107 42 24E', '67'),
('664', 'Krông Nô', 'Huyện', '12 22 16N, 107 53 49E', '67'),
('665', 'Đắk Song', 'Huyện', '12 14 04N, 107 36 30E', '67'),
('666', 'Đắk R\'lấp', 'Huyện', '12 02 30N, 107 25 59E', '67'),
('667', 'Tuy Đức', 'Huyện', '', '67'),
('672', 'Đà Lạt', 'Thành Phố', '11 54 33N, 108 27 08E', '68'),
('673', 'Bảo Lộc', 'Thị Xã', '11 32 48N, 107 47 37E', '68'),
('674', 'Đam Rông', 'Huyện', '12 02 35N, 108 10 26E', '68'),
('675', 'Lạc Dương', 'Huyện', '12 08 30N, 108 27 48E', '68'),
('676', 'Lâm Hà', 'Huyện', '11 55 26N, 108 11 31E', '68'),
('677', 'Đơn Dương', 'Huyện', '11 48 26N, 108 32 48E', '68'),
('678', 'Đức Trọng', 'Huyện', '11 41 50N, 108 18 58E', '68'),
('679', 'Di Linh', 'Huyện', '11 31 10N, 108 05 23E', '68'),
('680', 'Bảo Lâm', 'Huyện', '11 38 31N, 107 43 25E', '68'),
('681', 'Đạ Huoai', 'Huyện', '11 27 11N, 107 38 08E', '68'),
('682', 'Đạ Tẻh', 'Huyện', '11 33 46N, 107 32 00E', '68'),
('683', 'Cát Tiên', 'Huyện', '11 39 38N, 107 23 27E', '68'),
('688', 'Phước Long', 'Thị Xã', '', '70'),
('689', 'Đồng Xoài', 'Thị Xã', '11 31 01N, 106 50 21E', '70'),
('690', 'Bình Long', 'Thị Xã', '', '70'),
('691', 'Bù Gia Mập', 'Huyện', '11 56 57N, 106 59 21E', '70'),
('692', 'Lộc Ninh', 'Huyện', '11 49 28N, 106 35 11E', '70'),
('693', 'Bù Đốp', 'Huyện', '11 59 08N, 106 49 54E', '70'),
('694', 'Hớn Quản', 'Huyện', '11 37 37N, 106 36 02E', '70'),
('695', 'Đồng Phù', 'Huyện', '11 28 45N, 106 57 07E', '70'),
('696', 'Bù Đăng', 'Huyện', '11 46 09N, 107 14 14E', '70'),
('697', 'Chơn Thành', 'Huyện', '11 28 45N, 106 39 26E', '70'),
('703', 'Tây Ninh', 'Thị Xã', '11 21 59N, 106 07 47E', '72'),
('705', 'Tân Biên', 'Huyện', '11 35 14N, 105 57 53E', '72'),
('706', 'Tân Châu', 'Huyện', '11 34 49N, 106 17 48E', '72'),
('707', 'Dương Minh Châu', 'Huyện', '11 22 04N, 106 16 58E', '72'),
('708', 'Châu Thành', 'Huyện', '11 19 02N, 106 00 15E', '72'),
('709', 'Hòa Thành', 'Huyện', '11 15 31N, 106 08 44E', '72'),
('710', 'Gò Dầu', 'Huyện', '11 09 39N, 106 14 42E', '72'),
('711', 'Bến Cầu', 'Huyện', '11 07 50N, 106 08 25E', '72'),
('712', 'Trảng Bàng', 'Huyện', '11 06 18N, 106 23 12E', '72'),
('718', 'Thủ Dầu Một', 'Thị Xã', '11 00 01N, 106 38 56E', '74'),
('720', 'Dầu Tiếng', 'Huyện', '11 19 07N, 106 26 59E', '74'),
('721', 'Bến Cát', 'Huyện', '11 12 42N, 106 36 28E', '74'),
('722', 'Phú Giáo', 'Huyện', '11 20 21N, 106 47 48E', '74'),
('723', 'Tân Uyên', 'Huyện', '11 06 31N, 106 49 02E', '74'),
('724', 'Dĩ An', 'Huyện', '10 55 03N, 106 47 09E', '74'),
('725', 'Thuận An', 'Huyện', '10 55 58N, 106 41 59E', '74'),
('731', 'Biên Hòa', 'Thành Phố', '10 56 31N, 106 50 50E', '75'),
('732', 'Long Khánh', 'Thị Xã', '10 56 24N, 107 14 29E', '75'),
('734', 'Tân Phú', 'Huyện', '11 22 51N, 107 21 35E', '75'),
('735', 'Vĩnh Cửu', 'Huyện', '11 14 31N, 107 00 06E', '75'),
('736', 'Định Quán', 'Huyện', '11 12 41N, 107 17 03E', '75'),
('737', 'Trảng Bom', 'Huyện', '10 58 39N, 107 00 52E', '75'),
('738', 'Thống Nhất', 'Huyện', '10 58 29N, 107 09 26E', '75'),
('739', 'Cẩm Mỹ', 'Huyện', '10 47 05N, 107 14 36E', '75'),
('740', 'Long Thành', 'Huyện', '10 47 38N, 106 59 42E', '75'),
('741', 'Xuân Lộc', 'Huyện', '10 55 39N, 107 24 21E', '75'),
('742', 'Nhơn Trạch', 'Huyện', '10 39 18N, 106 53 18E', '75'),
('747', 'Vũng Tầu', 'Thành Phố', '10 24 08N, 107 07 05E', '77'),
('748', 'Bà Rịa', 'Thị Xã', '10 30 33N, 107 10 47E', '77'),
('750', 'Châu Đức', 'Huyện', '10 39 23N, 107 15 08E', '77'),
('751', 'Xuyên Mộc', 'Huyện', '10 37 46N, 107 29 39E', '77'),
('752', 'Long Điền', 'Huyện', '10 26 47N, 107 12 53E', '77'),
('753', 'Đất Đỏ', 'Huyện', '10 28 40N, 107 18 27E', '77'),
('754', 'Tân Thành', 'Huyện', '10 34 50N, 107 05 06E', '77'),
('755', 'Côn Đảo', 'Huyện', '8 42 25N, 106 36 05E', '77'),
('760', '1', 'Quận', '10 46 34N, 106 41 45E', '79'),
('761', '12', 'Quận', '10 51 43N, 106 39 32E', '79'),
('762', 'Thủ Đức', 'Quận', '10 51 20N, 106 45 05E', '79'),
('763', '9', 'Quận', '10 49 49N, 106 49 03E', '79'),
('764', 'Gò Vấp', 'Quận', '10 50 12N, 106 39 52E', '79'),
('765', 'Bình Thạnh', 'Quận', '10 48 46N, 106 42 57E', '79'),
('766', 'Tân Bình', 'Quận', '10 48 13N, 106 39 03E', '79'),
('767', 'Tân Phú', 'Quận', '10 47 32N, 106 37 31E', '79'),
('768', 'Phú Nhuận', 'Quận', '10 48 06N, 106 40 39E', '79'),
('769', '2', 'Quận', '10 46 51N, 106 45 25E', '79'),
('770', '3', 'Quận', '10 46 48N, 106 40 46E', '79'),
('771', '10', 'Quận', '10 46 25N, 106 40 02E', '79'),
('772', '11', 'Quận', '10 46 01N, 106 38 44E', '79'),
('773', '4', 'Quận', '10 45 42N, 106 42 09E', '79'),
('774', '5', 'Quận', '10 45 24N, 106 40 00E', '79'),
('775', '6', 'Quận', '10 44 46N, 106 38 10E', '79'),
('776', '8', 'Quận', '10 43 24N, 106 37 40E', '79'),
('777', 'Bình Tân', 'Quận', '10 46 16N, 106 35 26E', '79'),
('778', '7', 'Quận', '10 44 19N, 106 43 35E', '79'),
('783', 'Củ Chi', 'Huyện', '11 02 17N, 106 30 20E', '79'),
('784', 'Hóc Môn', 'Huyện', '10 52 42N, 106 35 33E', '79'),
('785', 'Bình Chánh', 'Huyện', '10 45 01N, 106 30 45E', '79'),
('786', 'Nhà Bè', 'Huyện', '10 39 06N, 106 43 35E', '79'),
('787', 'Cần Giờ', 'Huyện', '10 30 43N, 106 52 50E', '79'),
('794', 'Tân An', 'Thành Phố', '10 31 36N, 106 24 06E', '80'),
('796', 'Tân Hưng', 'Huyện', '10 49 05N, 105 39 26E', '80'),
('797', 'Vĩnh Hưng', 'Huyện', '10 52 54N, 105 45 58E', '80'),
('798', 'Mộc Hóa', 'Huyện', '10 47 09N, 105 57 56E', '80'),
('799', 'Tân Thạnh', 'Huyện', '10 37 44N, 105 57 07E', '80'),
('800', 'Thạnh Hóa', 'Huyện', '10 41 37N, 106 11 08E', '80'),
('801', 'Đức Huệ', 'Huyện', '10 51 57N, 106 15 48E', '80'),
('802', 'Đức Hòa', 'Huyện', '10 53 04N, 106 23 58E', '80'),
('803', 'Bến Lức', 'Huyện', '10 41 40N, 106 26 28E', '80'),
('804', 'Thủ Thừa', 'Huyện', '10 39 41N, 106 20 12E', '80'),
('805', 'Tân Trụ', 'Huyện', '10 31 47N, 106 30 06E', '80'),
('806', 'Cần Đước', 'Huyện', '10 32 21N, 106 36 33E', '80'),
('807', 'Cần Giuộc', 'Huyện', '10 34 43N, 106 38 35E', '80'),
('808', 'Châu Thành', 'Huyện', '10 27 52N, 106 30 00E', '80'),
('815', 'Mỹ Tho', 'Thành Phố', '10 22 14N, 106 21 52E', '82'),
('816', 'Gò Công', 'Thị Xã', '10 21 55N, 106 40 24E', '82'),
('818', 'Tân Phước', 'Huyện', '10 30 36N, 106 13 02E', '82'),
('819', 'Cái Bè', 'Huyện', '10 24 21N, 105 56 01E', '82'),
('820', 'Cai Lậy', 'Huyện', '10 24 20N, 106 06 05E', '82'),
('821', 'Châu Thành', 'Huyện', '20 25 21N, 106 16 57E', '82'),
('822', 'Chợ Gạo', 'Huyện', '10 23 45N, 106 26 53E', '82'),
('823', 'Gò Công Tây', 'Huyện', '10 19 55N, 106 35 02E', '82'),
('824', 'Gò Công Đông', 'Huyện', '10 20 42N, 106 42 54E', '82'),
('825', 'Tân Phú Đông', 'Huyện', '', '82'),
('829', 'Bến Tre', 'Thành Phố', '10 14 17N, 106 22 26E', '83'),
('831', 'Châu Thành', 'Huyện', '10 17 24N, 106 17 45E', '83'),
('832', 'Chợ Lách', 'Huyện', '10 13 26N, 106 09 08E', '83'),
('833', 'Mỏ Cày Nam', 'Huyện', '10 06 56N, 106 19 40E', '83'),
('834', 'Giồng Trôm', 'Huyện', '10 08 46N, 106 28 12E', '83'),
('835', 'Bình Đại', 'Huyện', '10 09 56N, 106 37 46E', '83'),
('836', 'Ba Tri', 'Huyện', '10 04 08N, 106 35 10E', '83'),
('837', 'Thạnh Phú', 'Huyện', '9 55 53N, 106 32 45E', '83'),
('838', 'Mỏ Cày Bắc', 'Huyện', '', '83'),
('842', 'Trà Vinh', 'Thị Xã', '9 57 09N, 106 20 39E', '84'),
('844', 'Càng Long', 'Huyện', '9 58 18N, 106 12 52E', '84'),
('845', 'Cầu Kè', 'Huyện', '9 51 23N, 106 03 33E', '84'),
('846', 'Tiểu Cần', 'Huyện', '9 48 37N, 106 12 06E', '84'),
('847', 'Châu Thành', 'Huyện', '9 52 57N, 106 24 12E', '84'),
('848', 'Cầu Ngang', 'Huyện', '9 47 14N, 106 29 19E', '84'),
('849', 'Trà Cú', 'Huyện', '9 42 06N, 106 16 24E', '84'),
('850', 'Duyên Hải', 'Huyện', '9 39 58N, 106 26 23E', '84'),
('855', 'Vĩnh Long', 'Thành Phố', '10 15 09N, 105 56 08E', '86'),
('857', 'Long Hồ', 'Huyện', '10 13 58N, 105 55 47E', '86'),
('858', 'Mang Thít', 'Huyện', '10 10 58N, 106 05 13E', '86'),
('859', 'Vũng Liêm', 'Huyện', '10 03 32N, 106 10 35E', '86'),
('860', 'Tam Bình', 'Huyện', '10 03 58N, 105 58 03E', '86'),
('861', 'Bình Minh', 'Huyện', '10 05 45N, 105 47 21E', '86'),
('862', 'Trà Ôn', 'Huyện', '9 59 20N, 105 57 56E', '86'),
('863', 'Bình Tân', 'Huyện', '', '86'),
('866', 'Cao Lãnh', 'Thành Phố', '10 27 38N, 105 37 21E', '87'),
('867', 'Sa Đéc', 'Thị Xã', '10 19 22N, 105 44 31E', '87'),
('868', 'Hồng Ngự', 'Thị Xã', '', '87'),
('869', 'Tân Hồng', 'Huyện', '10 52 48N, 105 29 21E', '87'),
('870', 'Hồng Ngự', 'Huyện', '10 48 13N, 105 19 00E', '87'),
('871', 'Tam Nông', 'Huyện', '10 44 06N, 105 30 58E', '87'),
('872', 'Tháp Mười', 'Huyện', '10 33 36N, 105 47 13E', '87'),
('873', 'Cao Lãnh', 'Huyện', '10 29 03N, 105 41 40E', '87'),
('874', 'Thanh Bình', 'Huyện', '10 36 38N, 105 28 51E', '87'),
('875', 'Lấp Vò', 'Huyện', '10 21 27N, 105 36 06E', '87'),
('876', 'Lai Vung', 'Huyện', '10 14 43N, 105 38 40E', '87'),
('877', 'Châu Thành', 'Huyện', '10 13 27N, 105 48 38E', '87'),
('883', 'Long Xuyên', 'Thành Phố', '10 22 22N, 105 25 33E', '89'),
('884', 'Châu Đốc', 'Thị Xã', '10 41 20N, 105 05 15E', '89'),
('886', 'An Phú', 'Huyện', '10 50 12N, 105 05 33E', '89'),
('887', 'Tân Châu', 'Thị Xã', '10 49 11N, 105 11 18E', '89'),
('888', 'Phú Tân', 'Huyện', '10 40 26N, 105 14 40E', '89'),
('889', 'Châu Phú', 'Huyện', '10 34 12N, 105 12 13E', '89'),
('890', 'Tịnh Biên', 'Huyện', '10 33 30N, 105 00 17E', '89'),
('891', 'Tri Tôn', 'Huyện', '10 24 41N, 104 56 58E', '89'),
('892', 'Châu Thành', 'Huyện', '10 25 39N, 105 15 31E', '89'),
('893', 'Chợ Mới', 'Huyện', '10 27 23N, 105 26 57E', '89'),
('894', 'Thoại Sơn', 'Huyện', '10 16 45N, 105 15 59E', '89'),
('899', 'Rạch Giá', 'Thành Phố', '10 01 35N, 105 06 20E', '91'),
('900', 'Hà Tiên', 'Thị Xã', '10 22 54N, 104 30 10E', '91'),
('902', 'Kiên Lương', 'Huyện', '10 20 21N, 104 39 46E', '91'),
('903', 'Hòn Đất', 'Huyện', '10 14 20N, 104 55 57E', '91'),
('904', 'Tân Hiệp', 'Huyện', '10 05 18N, 105 14 04E', '91'),
('905', 'Châu Thành', 'Huyện', '9 57 37N, 105 10 16E', '91'),
('906', 'Giồng Giềng', 'Huyện', '9 56 05N, 105 22 06E', '91'),
('907', 'Gò Quao', 'Huyện', '9 43 17N, 105 17 06E', '91'),
('908', 'An Biên', 'Huyện', '9 48 37N, 105 03 18E', '91'),
('909', 'An Minh', 'Huyện', '9 40 24N, 104 59 05E', '91'),
('910', 'Vĩnh Thuận', 'Huyện', '9 33 25N, 105 11 30E', '91'),
('911', 'Phú Quốc', 'Huyện', '10 13 44N, 103 57 25E', '91'),
('912', 'Kiên Hải', 'Huyện', '9 48 31N, 104 37 48E', '91'),
('913', 'U Minh Thượng', 'Huyện', '', '91'),
('914', 'Giang Thành', 'Huyện', '', '91'),
('916', 'Ninh Kiều', 'Quận', '10 01 58N, 105 45 34E', '92'),
('917', 'Ô Môn', 'Quận', '10 07 28N, 105 37 51E', '92'),
('918', 'Bình Thuỷ', 'Quận', '10 03 42N, 105 43 17E', '92'),
('919', 'Cái Răng', 'Quận', '9 59 57N, 105 46 56E', '92'),
('923', 'Thốt Nốt', 'Quận', '10 14 23N, 105 32 02E', '92'),
('924', 'Vĩnh Thạnh', 'Huyện', '10 11 35N, 105 22 45E', '92'),
('925', 'Cờ Đỏ', 'Huyện', '10 02 48N, 105 29 46E', '92'),
('926', 'Phong Điền', 'Huyện', '9 59 57N, 105 39 35E', '92'),
('927', 'Thới Lai', 'Huyện', '', '92'),
('930', 'Vị Thanh', 'Thị Xã', '9 45 15N, 105 24 50E', '93'),
('931', 'Ngã Bảy', 'Thị Xã', '', '93'),
('932', 'Châu Thành A', 'Huyện', '9 55 50N, 105 38 31E', '93'),
('933', 'Châu Thành', 'Huyện', '9 55 22N, 105 48 37E', '93'),
('934', 'Phụng Hiệp', 'Huyện', '9 47 20N, 105 43 29E', '93'),
('935', 'Vị Thuỷ', 'Huyện', '9 48 05N, 105 32 13E', '93'),
('936', 'Long Mỹ', 'Huyện', '9 40 47N, 105 30 53E', '93'),
('941', 'Sóc Trăng', 'Thành Phố', '9 36 39N, 105 59 00E', '94'),
('942', 'Châu Thành', 'Huyện', '', '94'),
('943', 'Kế Sách', 'Huyện', '9 49 30N, 105 57 25E', '94'),
('944', 'Mỹ Tú', 'Huyện', '9 38 21N, 105 49 52E', '94'),
('945', 'Cù Lao Dung', 'Huyện', '9 37 36N, 106 12 13E', '94'),
('946', 'Long Phú', 'Huyện', '9 34 38N, 106 06 07E', '94'),
('947', 'Mỹ Xuyên', 'Huyện', '9 28 16N, 105 55 51E', '94'),
('948', 'Ngã Năm', 'Huyện', '9 31 38N, 105 37 22E', '94'),
('949', 'Thạnh Trị', 'Huyện', '9 28 05N, 105 43 02E', '94'),
('950', 'Vĩnh Châu', 'Huyện', '9 20 50N, 105 59 58E', '94'),
('951', 'Trần Đề', 'Huyện', '', '94'),
('954', 'Bạc Liêu', 'Thị Xã', '9 16 05N, 105 45 08E', '95'),
('956', 'Hồng Dân', 'Huyện', '9 30 37N, 105 24 25E', '95'),
('957', 'Phước Long', 'Huyện', '9 23 13N, 105 24 41E', '95'),
('958', 'Vĩnh Lợi', 'Huyện', '9 16 51N, 105 40 54E', '95'),
('959', 'Giá Rai', 'Huyện', '9 15 51N, 105 23 18E', '95'),
('960', 'Đông Hải', 'Huyện', '9 08 11N, 105 24 42E', '95'),
('961', 'Hoà Bình', 'Huyện', '', '95'),
('964', 'Cà Mau', 'Thành Phố', '9 10 33N, 105 11 11E', '96'),
('966', 'U Minh', 'Huyện', '9 22 30N, 104 57 00E', '96'),
('967', 'Thới Bình', 'Huyện', '9 22 50N, 105 07 35E', '96'),
('968', 'Trần Văn Thời', 'Huyện', '9 07 36N, 104 57 27E', '96'),
('969', 'Cái Nước', 'Huyện', '9 00 31N, 105 03 23E', '96'),
('970', 'Đầm Dơi', 'Huyện', '8 57 48N, 105 13 56E', '96'),
('971', 'Năm Căn', 'Huyện', '8 46 59N, 104 58 20E', '96'),
('972', 'Phú Tân', 'Huyện', '8 52 47N, 104 53 35E', '96'),
('973', 'Ngọc Hiển', 'Huyện', '8 40 47N, 104 57 58E', '96');

-- --------------------------------------------------------

--
-- Cấu trúc bảng cho bảng `landtype`
--

CREATE TABLE `landtype` (
  `id` tinyint(4) NOT NULL,
  `parentid` tinyint(4) NOT NULL DEFAULT '0',
  `name` varchar(255) COLLATE utf8_unicode_ci NOT NULL
) ENGINE=InnoDB DEFAULT CHARSET=utf8 COLLATE=utf8_unicode_ci;

--
-- Đang đổ dữ liệu cho bảng `landtype`
--

INSERT INTO `landtype` (`id`, `parentid`, `name`) VALUES
(1, 0, 'Bán căn hộ chung cư'),
(2, 0, 'Tất cả các loại nhà bán'),
(3, 0, 'Tất cả các loại đất bán'),
(4, 0, 'Bán trang trại, khu nghỉ dưỡng'),
(5, 0, 'Bán kho, nhà xưởng'),
(6, 0, 'Bán loại bất động sản khác'),
(7, 2, 'Bán nhà riêng'),
(8, 2, 'Bán nhà biệt thự, liền kề'),
(9, 2, 'Bán nhà mặt phố'),
(10, 3, 'Bán đất nền dự án'),
(11, 3, 'Bán đất'),
(12, 1, 'Can ho trung cu 1');

-- --------------------------------------------------------

--
-- Cấu trúc bảng cho bảng `province`
--

CREATE TABLE `province` (
  `provinceid` varchar(5) NOT NULL,
  `name` varchar(100) NOT NULL,
  `type` varchar(30) NOT NULL
) ENGINE=InnoDB DEFAULT CHARSET=utf8;

--
-- Đang đổ dữ liệu cho bảng `province`
--

INSERT INTO `province` (`provinceid`, `name`, `type`) VALUES
('01', 'Hà Nội', 'Thành Phố'),
('02', 'Hà Giang', 'Tỉnh'),
('04', 'Cao Bằng', 'Tỉnh'),
('06', 'Bắc Kạn', 'Tỉnh'),
('08', 'Tuyên Quang', 'Tỉnh'),
('10', 'Lào Cai', 'Tỉnh'),
('11', 'Điện Biên', 'Tỉnh'),
('12', 'Lai Châu', 'Tỉnh'),
('14', 'Sơn La', 'Tỉnh'),
('15', 'Yên Bái', 'Tỉnh'),
('17', 'Hòa Bình', 'Tỉnh'),
('19', 'Thái Nguyên', 'Tỉnh'),
('20', 'Lạng Sơn', 'Tỉnh'),
('22', 'Quảng Ninh', 'Tỉnh'),
('24', 'Bắc Giang', 'Tỉnh'),
('25', 'Phú Thọ', 'Tỉnh'),
('26', 'Vĩnh Phúc', 'Tỉnh'),
('27', 'Bắc Ninh', 'Tỉnh'),
('30', 'Hải Dương', 'Tỉnh'),
('31', 'Hải Phòng', 'Thành Phố'),
('33', 'Hưng Yên', 'Tỉnh'),
('34', 'Thái Bình', 'Tỉnh'),
('35', 'Hà Nam', 'Tỉnh'),
('36', 'Nam Định', 'Tỉnh'),
('37', 'Ninh Bình', 'Tỉnh'),
('38', 'Thanh Hóa', 'Tỉnh'),
('40', 'Nghệ An', 'Tỉnh'),
('42', 'Hà Tĩnh', 'Tỉnh'),
('44', 'Quảng Bình', 'Tỉnh'),
('45', 'Quảng Trị', 'Tỉnh'),
('46', 'Thừa Thiên Huế', 'Tỉnh'),
('48', 'Đà Nẵng', 'Thành Phố'),
('49', 'Quảng Nam', 'Tỉnh'),
('51', 'Quảng Ngãi', 'Tỉnh'),
('52', 'Bình Định', 'Tỉnh'),
('54', 'Phú Yên', 'Tỉnh'),
('56', 'Khánh Hòa', 'Tỉnh'),
('58', 'Ninh Thuận', 'Tỉnh'),
('60', 'Bình Thuận', 'Tỉnh'),
('62', 'Kon Tum', 'Tỉnh'),
('64', 'Gia Lai', 'Tỉnh'),
('66', 'Đắk Lắk', 'Tỉnh'),
('67', 'Đắk Nông', 'Tỉnh'),
('68', 'Lâm Đồng', 'Tỉnh'),
('70', 'Bình Phước', 'Tỉnh'),
('72', 'Tây Ninh', 'Tỉnh'),
('74', 'Bình Dương', 'Tỉnh'),
('75', 'Đồng Nai', 'Tỉnh'),
('77', 'Bà Rịa - Vũng Tàu', 'Tỉnh'),
('79', 'Hồ Chí Minh', 'Thành Phố'),
('80', 'Long An', 'Tỉnh'),
('82', 'Tiền Giang', 'Tỉnh'),
('83', 'Bến Tre', 'Tỉnh'),
('84', 'Trà Vinh', 'Tỉnh'),
('86', 'Vĩnh Long', 'Tỉnh'),
('87', 'Đồng Tháp', 'Tỉnh'),
('89', 'An Giang', 'Tỉnh'),
('91', 'Kiên Giang', 'Tỉnh'),
('92', 'Cần Thơ', 'Thành Phố'),
('93', 'Hậu Giang', 'Tỉnh'),
('94', 'Sóc Trăng', 'Tỉnh'),
('95', 'Bạc Liêu', 'Tỉnh'),
('96', 'Cà Mau', 'Tỉnh');

-- --------------------------------------------------------

--
-- Cấu trúc bảng cho bảng `tblactivitylog`
--

CREATE TABLE `tblactivitylog` (
  `id` int(11) NOT NULL,
  `description` mediumtext NOT NULL,
  `date` datetime NOT NULL,
  `staffid` varchar(100) DEFAULT NULL
) ENGINE=MyISAM DEFAULT CHARSET=utf8;

--
-- Đang đổ dữ liệu cho bảng `tblactivitylog`
--

INSERT INTO `tblactivitylog` (`id`, `description`, `date`, `staffid`) VALUES
(1, 'Failed Login Attempt [Email:admin@admin.com, Is Staff Member:Yes, IP:::1]', '2017-03-30 14:25:38', NULL),
(2, 'Failed Login Attempt [Email:admin@admin.com, Is Staff Member:Yes, IP:::1]', '2017-03-30 14:25:45', NULL),
(3, 'Failed Login Attempt [Email:admin@admin.com, Is Staff Member:Yes, IP:::1]', '2017-03-30 14:26:21', NULL),
(4, 'New Client Created [FOSO From Staff: 1]', '2017-03-30 14:30:34', ' '),
(5, 'Failed Login Attempt [Email:client@test.com, Is Staff Member:No, IP:::1]', '2017-03-30 14:32:52', ' '),
(6, 'Contact Created [Khách hàng 1]', '2017-03-30 20:53:19', ' '),
(7, 'New Client Created [Viettel From Staff: 1]', '2017-03-30 20:53:19', ' '),
(8, 'Contact Created [FO SO]', '2017-03-30 20:57:05', ' '),
(9, 'New Contract Added [Báo cáo thuế]', '2017-03-31 00:14:42', ' '),
(10, 'Failed Login Attempt [Email:khachhang1@gmail.com, Is Staff Member:No, IP:::1]', '2017-03-31 00:25:03', ' '),
(11, 'Failed Login Attempt [Email:khachhang1@gmail.com, Is Staff Member:No, IP:::1]', '2017-03-31 00:25:13', ' '),
(12, 'New Staff Member Added [ID: 2, Tân Nguyễn]', '2017-03-31 00:37:49', ' '),
(13, 'Tried to access page where dont have permission [contracts]', '2017-03-31 00:44:01', 'Tân Nguyễn'),
(14, 'Role Updated [ID: 1.Sale]', '2017-03-31 00:46:52', ' '),
(15, 'New Role Added [ID: 2.Nghiệp Vụ]', '2017-03-31 00:47:42', ' '),
(16, 'New Role Added [ID: 3.Kế toán]', '2017-03-31 00:48:11', ' '),
(17, 'New Staff Member Added [ID: 3, Ngọc Hà]', '2017-03-31 00:49:22', ' '),
(18, 'Staff Member Updated [ID: 3, Ngọc Hà]', '2017-03-31 00:49:32', ' '),
(19, 'New Staff Member Added [ID: 4, Thùy Linh]', '2017-03-31 00:50:39', ' '),
(20, 'Tried to access page where dont have permission [settings]', '2017-03-31 00:53:35', 'Thùy Linh'),
(21, 'Customer Attachment Deleted [CustomerID: 2]', '2017-03-31 01:42:47', ' '),
(22, 'Customer Attachment Deleted [CustomerID: 2]', '2017-03-31 01:43:03', ' '),
(23, 'New Task Added [ID:1, Name: Nhiệm vụ 1]', '2017-04-03 12:52:35', ' '),
(24, 'New Task Added [ID:2, Name: Chăm sóc khách hàng]', '2017-04-03 12:56:14', ' '),
(25, 'New Task Added [ID:3, Name: Chăm sóc khách hàng]', '2017-04-03 12:58:03', ' '),
(26, 'Đã Hủy Đính Kèm của Khách Hàng [CustomerID: 1]', '2017-05-04 11:05:33', ' '),
(27, 'Đã Hủy Đính Kèm của Khách Hàng [CustomerID: 1]', '2017-05-04 11:08:00', ' '),
(28, 'Đã Hủy Đính Kèm của Khách Hàng [CustomerID: 1]', '2017-05-04 11:11:20', ' '),
(29, 'Đã Hủy Đính Kèm của Khách Hàng [CustomerID: 1]', '2017-05-04 11:14:45', ' '),
(30, 'Đã Hủy Đính Kèm của Khách Hàng [CustomerID: 1]', '2017-05-04 11:17:53', ' '),
(31, 'Đã Hủy Đính Kèm của Khách Hàng [CustomerID: 1]', '2017-05-04 11:18:07', ' '),
(32, 'Đã Hủy Đính Kèm của Khách Hàng [CustomerID: 1]', '2017-05-04 11:18:11', ' '),
(33, 'Đã Hủy Đính Kèm của Khách Hàng [CustomerID: 1]', '2017-05-04 11:21:05', ' '),
(34, 'Đã Hủy Đính Kèm của Khách Hàng [CustomerID: 1]', '2017-05-04 11:21:20', ' '),
(35, 'Đã Hủy Đính Kèm của Khách Hàng [CustomerID: 1]', '2017-05-04 11:25:18', ' '),
(36, 'Đã Hủy Đính Kèm của Khách Hàng [CustomerID: 1]', '2017-05-04 11:26:57', ' '),
(37, 'Đã Hủy Đính Kèm của Khách Hàng [CustomerID: 1]', '2017-05-04 11:32:55', ' '),
(38, 'Đã Hủy Đính Kèm của Khách Hàng [CustomerID: 2]', '2017-05-04 12:12:48', ' '),
(39, 'Đã Hủy Đính Kèm của Khách Hàng [CustomerID: 2]', '2017-05-04 13:45:39', ' '),
(40, 'Đã Hủy Đính Kèm của Khách Hàng [CustomerID: 2]', '2017-05-04 13:45:41', ' '),
(41, 'New Invoice Item Added [ID:1, nhân viên]', '2017-05-04 13:48:10', ' '),
(42, 'Invoice Item Deleted [ID: 1]', '2017-05-04 13:48:14', ' '),
(43, 'Đã Hủy Đính Kèm của Khách Hàng [CustomerID: 1]', '2017-05-04 13:48:40', ' '),
(44, 'Đã Hủy Đính Kèm của Khách Hàng [CustomerID: 1]', '2017-05-04 13:48:42', ' '),
(45, 'Đã Hủy Đính Kèm của Khách Hàng [CustomerID: 1]', '2017-05-04 16:09:21', ' '),
(46, 'Đã Hủy Đính Kèm của Khách Hàng [CustomerID: 1]', '2017-05-04 16:09:24', ' '),
(47, 'Đã Hủy Đính Kèm của Khách Hàng [CustomerID: 1]', '2017-05-04 16:09:27', ' '),
(48, 'Đã Hủy Đính Kèm của Khách Hàng [CustomerID: 1]', '2017-05-04 16:09:29', ' '),
(49, 'Đã Hủy Đính Kèm của Khách Hàng [CustomerID: 1]', '2017-05-04 16:59:05', ' '),
(50, 'Đã Hủy Đính Kèm của Khách Hàng [CustomerID: 1]', '2017-05-04 16:59:09', ' '),
(51, 'Đã Hủy Đính Kèm của Khách Hàng [CustomerID: 1]', '2017-05-04 17:02:58', ' '),
(52, 'Đã Hủy Đính Kèm của Khách Hàng [CustomerID: 1]', '2017-05-04 17:03:00', ' '),
(53, 'Đã Hủy Đính Kèm của Khách Hàng [CustomerID: 1]', '2017-05-04 17:03:03', ' '),
(54, 'Đã Hủy Đính Kèm của Khách Hàng [CustomerID: 1]', '2017-05-04 17:03:05', ' '),
(55, 'Đã Hủy Đính Kèm của Khách Hàng [CustomerID: 1]', '2017-05-04 17:03:08', ' '),
(56, 'Đã Hủy Đính Kèm của Khách Hàng [CustomerID: 1]', '2017-05-04 17:07:22', ' '),
(57, 'Đã Hủy Đính Kèm của Khách Hàng [CustomerID: 1]', '2017-05-04 17:47:30', ' '),
(58, 'Đã Hủy Đính Kèm của Khách Hàng [CustomerID: 1]', '2017-05-04 17:47:32', ' '),
(59, 'Đã Hủy Đính Kèm của Khách Hàng [CustomerID: 1]', '2017-05-04 17:47:34', ' '),
(60, 'Đã Hủy Đính Kèm của Khách Hàng [CustomerID: 1]', '2017-05-04 17:47:37', ' '),
(61, 'Đã Hủy Đính Kèm của Khách Hàng [CustomerID: 1]', '2017-05-04 17:47:39', ' '),
(62, 'Đã Hủy Đính Kèm của Khách Hàng [CustomerID: 1]', '2017-05-05 08:37:10', ' '),
(63, 'Đã Hủy Đính Kèm của Khách Hàng [CustomerID: 1]', '2017-05-05 09:07:25', ' '),
(64, 'Đã Hủy Đính Kèm của Khách Hàng [CustomerID: 1]', '2017-05-05 09:07:43', ' '),
(65, 'Đã Hủy Đính Kèm của Khách Hàng [CustomerID: 1]', '2017-05-05 09:54:08', ' '),
(66, 'Đã Hủy Đính Kèm của Khách Hàng [CustomerID: 1]', '2017-05-05 09:54:11', ' '),
(67, 'Items Group Created [Name: Thuy]', '2017-05-05 15:37:46', ' '),
(68, 'Items Land Type Updated [Name: Thuy aa]', '2017-05-05 15:38:05', ' '),
(69, 'Items Land Type Created [Name: thuy]', '2017-05-05 15:38:32', ' '),
(70, 'Invoice Item Deleted [ID: 15]', '2017-05-05 16:08:41', ' '),
(71, 'New Invoice Item Added [ID:17, dsad]', '2017-05-05 16:08:51', ' '),
(72, 'Invoice Item Updated [ID: 17, dsad]', '2017-05-05 16:14:03', ' '),
(73, 'New Invoice Item Added [ID:18, fgfdg]', '2017-05-05 16:18:31', ' '),
(74, 'Invoice Item Updated [ID: 17, dsad]', '2017-05-05 16:38:45', ' '),
(75, 'New Invoice Item Added [ID:19, sdsadsa]', '2017-05-05 16:47:20', ' '),
(76, 'Invoice Item Updated [ID: 17, dsad]', '2017-05-06 08:26:00', ' '),
(77, 'Invoice Item Updated [ID: 19, sdsadsa]', '2017-05-06 08:34:51', ' '),
(78, 'Invoice Item Updated [ID: 19, sdsadsa]', '2017-05-06 08:35:05', ' '),
(79, 'Invoice Item Updated [ID: 19, sdsadsa]', '2017-05-06 08:35:24', ' '),
(80, 'Invoice Item Updated [ID: 19, sdsadsa]', '2017-05-06 08:37:09', ' '),
(81, 'Invoice Item Updated [ID: 19, sdsadsa]', '2017-05-06 08:37:23', ' '),
(82, 'Invoice Item Updated [ID: 16, sdvdsf]', '2017-05-06 08:39:52', ' '),
(83, 'New Invoice Item Added [ID:20, aaaa]', '2017-05-06 08:46:24', ' '),
(84, 'Invoice Item Updated [ID: 19, sdsadsa]', '2017-05-06 09:05:46', ' '),
(85, 'Invoice Item Updated [ID: 19, sdsadsa]', '2017-05-06 09:06:12', ' '),
(86, 'Invoice Item Updated [ID: 16, sdvdsf]', '2017-05-06 09:11:33', ' '),
(87, 'New Invoice Item Added [ID:21, Thuy]', '2017-05-06 09:12:25', ' '),
(88, 'New Invoice Item Added [ID:22, Tan]', '2017-05-06 09:14:43', ' '),
(89, 'New Invoice Item Added [ID:23, wedwae]', '2017-05-06 09:28:17', ' '),
(90, 'Invoice Item Updated [ID: 21, Thuy]', '2017-05-06 09:29:48', ' '),
(91, 'Invoice Item Updated [ID: 21, Thuy]', '2017-05-06 09:30:03', ' '),
(92, 'Invoice Item Updated [ID: 21, Thuy]', '2017-05-06 09:31:09', ' '),
(93, 'Invoice Item Updated [ID: 21, Thuy]', '2017-05-06 09:31:17', ' '),
(94, 'Invoice Item Deleted [ID: 23]', '2017-05-06 09:36:49', ' '),
(95, 'Invoice Item Updated [ID: 21, Thuy]', '2017-05-06 09:41:26', ' '),
(96, 'Invoice Item Updated [ID: 21, Thuy]', '2017-05-08 09:47:21', ' '),
(97, 'New Invoice Item Added [ID:24, System Administrator]', '2017-05-08 09:47:49', ' '),
(98, 'Invoice Item Updated [ID: 24, System Administrator]', '2017-05-08 10:29:58', ' '),
(99, 'Invoice Item Updated [ID: 24, System Administrator]', '2017-05-08 10:30:27', ' '),
(100, 'Invoice Item Updated [ID: 24, System Administrator]', '2017-05-08 10:31:03', ' '),
(101, 'Invoice Item Deleted [ID: 24]', '2017-05-08 10:31:11', ' '),
(102, 'New Invoice Item Added [ID:25, nhân viên]', '2017-05-08 10:31:40', ' '),
(103, 'Invoice Item Updated [ID: 21, Thuy]', '2017-05-08 10:41:28', ' '),
(104, 'Invoice Item Deleted [ID: 25]', '2017-05-08 11:56:24', ' '),
(105, 'Invoice Item Updated [ID: 21, Thuy]', '2017-05-08 11:56:59', ' '),
(106, 'Invoice Item Updated [ID: 21, Thuy]', '2017-05-08 14:50:13', ' '),
(107, 'Invoice Item Updated [ID: 22, Tan]', '2017-05-08 14:50:57', ' '),
(108, 'New Invoice Item Added [ID:26, thuan]', '2017-05-08 15:25:39', ' '),
(109, 'Invoice Item Updated [ID: 21, Thuy]', '2017-05-08 15:26:46', ' '),
(110, 'New Invoice Item Added [ID:27, dssad]', '2017-05-08 15:27:52', ' '),
(111, 'New Invoice Item Added [ID:28, 1ghfhfdh]', '2017-05-08 15:28:37', ' '),
(112, 'New Invoice Item Added [ID:29, ewqewqe]', '2017-05-08 15:31:19', ' '),
(113, 'New Invoice Item Added [ID:30, aaa1111]', '2017-05-08 16:07:46', ' '),
(114, 'New Invoice Item Added [ID:31, 232432432]', '2017-05-08 16:17:06', ' '),
(115, 'Invoice Item Updated [ID: 31, 232432432]', '2017-05-08 16:17:13', ' '),
(116, 'Invoice Item Updated [ID: 29, ewqewqe]', '2017-05-08 16:18:20', ' '),
(117, 'Invoice Item Updated [ID: 27, dssad]', '2017-05-08 16:22:33', ' '),
(118, 'Invoice Item Updated [ID: 27, dssad]', '2017-05-08 16:34:10', ' '),
(119, 'Invoice Item Updated [ID: 27, dssad]', '2017-05-08 16:54:33', ' '),
(120, 'Invoice Item Deleted [ID: 28]', '2017-05-08 16:56:36', ' '),
(121, 'Invoice Item Deleted [ID: 27]', '2017-05-08 16:56:41', ' '),
(122, 'Invoice Item Updated [ID: 29, ewqewqe]', '2017-05-08 16:56:52', ' '),
(123, 'Invoice Item Deleted [ID: 31]', '2017-05-09 08:43:59', ' '),
(124, 'Invoice Item Deleted [ID: 30]', '2017-05-09 08:44:02', ' '),
(125, 'Invoice Item Deleted [ID: 26]', '2017-05-09 08:44:05', ' '),
(126, 'Invoice Item Deleted [ID: 22]', '2017-05-09 08:44:07', ' '),
(127, 'New Invoice Item Added [ID:32, sdsa]', '2017-05-10 08:46:23', ' '),
(128, 'New Invoice Item Added [ID:33, a]', '2017-05-10 09:03:46', ' '),
(129, 'Invoice Item Deleted [ID: 21]', '2017-05-10 09:05:34', ' '),
(130, 'Invoice Item Deleted [ID: 33]', '2017-05-10 09:05:36', ' '),
(131, 'Invoice Item Deleted [ID: 29]', '2017-05-10 09:05:39', ' '),
(132, 'Invoice Item Deleted [ID: 32]', '2017-05-10 09:05:41', ' '),
(133, 'New Invoice Item Added [ID:34, 1]', '2017-05-10 09:06:00', ' '),
(134, 'Invoice Item Updated [ID: 34, 1]', '2017-05-10 09:06:14', ' '),
(135, 'Invoice Item Updated [ID: 34, 1]', '2017-05-10 09:06:20', ' '),
(136, 'Trạng thái Khách hàng đã thay đổi [CustomerID: 1 Status(Active/Inactive): 0]', '2017-05-10 09:27:48', ' '),
(137, 'Trạng thái Khách hàng đã thay đổi [CustomerID: 1 Status(Active/Inactive): 1]', '2017-05-10 09:27:49', ' '),
(138, 'Trạng thái Khách hàng đã thay đổi [CustomerID: 1 Status(Active/Inactive): 0]', '2017-05-10 09:27:51', ' '),
(139, 'Trạng thái Khách hàng đã thay đổi [CustomerID: 1 Status(Active/Inactive): 1]', '2017-05-10 09:27:55', ' '),
(140, 'Invoice Item Updated [ID: 34, 1]', '2017-05-10 09:31:38', ' '),
(141, 'Invoice Item Updated [ID: 34, 1]', '2017-05-10 09:35:04', ' '),
(142, 'New Invoice Item Added [ID:35, 2]', '2017-05-10 09:53:47', ' '),
(143, 'Invoice Item Updated [ID: 35, 2]', '2017-05-10 09:53:57', ' '),
(144, 'Invoice Item Updated [ID: 35, 2]', '2017-05-10 09:54:18', ' '),
(145, 'Invoice Item Updated [ID: 35, 2]', '2017-05-10 09:54:32', ' '),
(146, 'Invoice Item Updated [ID: 35, 2]', '2017-05-10 09:54:46', ' '),
(147, 'New Invoice Item Added [ID:36, dsa]', '2017-05-10 10:27:13', ' '),
(148, 'Invoice Item Updated [ID: 36, dsa]', '2017-05-10 10:27:27', ' '),
(149, 'Leads Status Updated [StatusID: 1, Name: Đã gọi]', '2017-05-26 16:14:43', ' '),
(150, 'New Leads Status Added [StatusID: 2, Name: Chưa gọi]', '2017-05-26 16:14:59', ' '),
(151, 'New Leads Status Added [StatusID: 3, Name: Thất bại]', '2017-05-26 16:15:30', ' '),
(152, 'New Web to Lead Form Added [New template]', '2017-05-26 16:21:19', ' '),
(153, 'New Customer Group Created [ID:1, Name:Khách hàng]', '2017-05-26 16:31:24', ' '),
(154, 'New Customer Group Created [ID:2, Name:Khách hàng tiềm năng]', '2017-05-26 16:31:37', ' '),
(155, 'New Client Created [Cty TNHH MTV Tân Phong From Staff: 1]', '2017-05-26 16:38:24', ' '),
(156, 'Customer Info Updated [Cty TNHH MTV Tân Phong]', '2017-05-26 16:38:41', ' '),
(157, 'New Custom Field Added [Mã KH]', '2017-05-26 17:06:42', ' '),
(158, 'Custom Field Updated [Mã KH]', '2017-05-26 17:07:56', ' '),
(159, 'Customer Info Updated [Cty TNHH MTV Tân Phong]', '2017-05-26 17:08:51', ' '),
(160, 'Custom Field Updated [Mã KH]', '2017-05-26 17:09:41', ' '),
(161, 'New Leads Source Added [SourceID: 3, Name: Cty Luat]', '2017-05-29 08:55:06', ' '),
(162, 'New Leads Source Added [SourceID: 4, Name: Cty Luat]', '2017-05-29 08:55:10', ' '),
(163, 'Leads Source Deleted [LeadID: 4]', '2017-05-29 08:55:15', ' '),
(164, 'New Lead Added [Name: Nguyen Van A]', '2017-05-29 09:11:26', ' '),
(165, 'Custom Field Deleted [1]', '2017-06-02 11:43:50', ' '),
(166, 'New Custom Field Added [Mã số khách hàng tiềm năng]', '2017-06-02 11:44:28', ' '),
(167, 'Custom Field Updated [Mã số khách hàng tiềm năng]', '2017-06-02 11:45:39', ' '),
(168, 'Custom Field Updated [Mã số khách hàng tiềm năng]', '2017-06-02 11:45:44', ' '),
(169, 'New Proposal Created [ID:1]', '2017-06-02 11:48:30', ' '),
(170, 'Custom Field Deleted [2]', '2017-06-02 15:18:47', ' '),
(171, 'New Lead Added [Name: sadsadsa]', '2017-06-02 15:38:17', ' '),
(172, 'New Lead Added [Name: sadsadsa]', '2017-06-02 15:38:21', ' '),
(173, 'New Lead Added [Name: ABCXYZ]', '2017-06-02 15:56:07', ' '),
(174, 'New Lead Added [Name: dsad]', '2017-06-02 16:12:22', ' '),
(175, 'Lead Deleted [Deleted by:  , LeadID: 2]', '2017-06-02 16:13:04', ' '),
(176, 'Lead Marked as Lost [LeadID: 5]', '2017-06-02 17:06:39', ' '),
(177, 'Lead Unmarked as Lost [LeadID: 5]', '2017-06-02 17:06:42', ' '),
(178, 'Lead Deleted [Deleted by:  , LeadID: 5]', '2017-06-02 17:16:26', ' '),
(179, 'Failed Login Attempt [Email:owner@google.com, Is Staff Member:Yes, IP:::1]', '2017-06-03 08:08:31', NULL),
(180, 'Failed Login Attempt [Email:owner@google.com, Is Staff Member:Yes, IP:::1]', '2017-06-03 08:08:57', NULL),
(181, 'New Task Added [ID:4, Name: saasdasd]', '2017-06-03 08:27:14', ' '),
(182, 'New Proposal Created [ID:2]', '2017-06-03 08:48:23', ' '),
(183, 'New Task Added [ID:5, Name: 21312312321]', '2017-06-03 08:54:43', ' '),
(184, 'New Lead Added [Name: ABCXYZ]', '2017-06-03 10:05:16', ' '),
(185, 'New Reminder Added [LeadID: 4 Description: 12312312312]', '2017-06-05 08:19:32', ' '),
(186, 'New Task Added [ID:6, Name: Kỹ thuật]', '2017-06-05 09:58:48', ' '),
(187, 'New Reminder Added [LeadID: 6 Description: 123213]', '2017-06-06 08:53:03', ' '),
(188, 'Reminder Deleted [LeadID: 2 Description: 123213]', '2017-06-06 09:06:23', ' '),
(189, 'New Reminder Added [LeadID: 6 Description: 12312312]', '2017-06-06 09:33:53', ' '),
(190, 'Reminder Deleted [LeadID: 3 Description: 12312312]', '2017-06-06 09:33:58', ' '),
(191, 'New Proposal Created [ID:3]', '2017-06-06 09:34:13', ' '),
(192, 'New Task Added [ID:7, Name: 12312312]', '2017-06-06 09:34:33', ' '),
(193, 'New Task Added [ID:8, Name: 213123123213]', '2017-06-06 09:34:45', ' '),
(194, 'New Reminder Added [LeadID: 4 Description: 12312312]', '2017-06-06 11:41:32', ' '),
(195, 'Reminder Deleted [LeadID: 4 Description: 12312312]', '2017-06-06 11:41:38', ' '),
(196, 'Reminder Deleted [LeadID: 1 Description: 12312312312]', '2017-06-06 11:41:41', ' '),
(197, 'Lead Updated [Name: ABCXYZ]', '2017-06-06 11:58:44', ' '),
(198, 'Lead Updated [Name: ABCXYZ]', '2017-06-06 12:01:20', ' '),
(199, 'Lead Updated [Name: ABCXYZa]', '2017-06-06 12:02:13', ' '),
(200, 'Lead Updated [Name: Nguyen Van A]', '2017-06-06 13:13:01', ' '),
(201, 'New Reminder Added [LeadID: 11 Description: ádsa]', '2017-06-07 10:21:42', ' '),
(202, 'New Project Created [ID: 1]', '2017-06-07 11:52:51', ' '),
(203, 'New Lead Added [Name: sdasd]', '2017-06-08 10:00:19', ' '),
(204, 'Lead Updated [Name: sdasd]', '2017-06-08 10:02:05', ' '),
(205, 'Lead Updated [Name: ]', '2017-06-08 10:04:45', ' '),
(206, 'Lead Deleted [Deleted by:  , LeadID: 12]', '2017-06-08 11:21:07', ' '),
(207, 'New Reminder Added [LeadID: 11 Description: ]', '2017-06-08 12:09:04', ' '),
(208, 'New Reminder Added [LeadID: 11 Description: ]', '2017-06-08 12:10:00', ' '),
(209, 'Staff Status Changed [StaffID: 3 - Status(Active/Inactive): 0]', '2017-06-08 16:12:52', ' '),
(210, 'Staff Status Changed [StaffID: 3 - Status(Active/Inactive): 1]', '2017-06-08 16:12:52', ' '),
(211, 'New Custom Field Added [123]', '2017-06-09 14:21:54', ' '),
(212, 'Custom Field Deleted [3]', '2017-06-09 14:22:04', ' '),
(213, 'Failed Login Attempt [Email:ngocha@admin.com, Is Staff Member:Yes, IP:::1]', '2017-06-09 17:30:55', NULL),
(214, 'New Staff Member Added [ID: 5, lechi cong]', '2017-06-09 17:35:17', ' '),
(215, 'Staff Member Updated [ID: 5, lechi cong]', '2017-06-09 17:35:43', ' '),
(216, 'Staff Member Updated [ID: 5, lechi cong]', '2017-06-09 17:35:54', ' '),
(217, 'Failed Login Attempt [Email:admin@admin.com, Is Staff Member:Yes, IP:14.186.2.243]', '2017-06-10 13:09:00', NULL),
(218, 'Failed Login Attempt [Email:admin@admin.com, Is Staff Member:Yes, IP:14.186.2.243]', '2017-06-10 13:09:06', NULL),
(219, 'Failed Login Attempt [Email:admin@admin.com, Is Staff Member:Yes, IP:14.186.2.243]', '2017-06-10 13:09:22', NULL),
(220, 'Lead Updated [Name: ABCXYZa]', '2017-06-10 13:18:16', ' '),
(221, 'Lead Updated [Name: Nguyen Van A]', '2017-06-10 13:32:33', ' '),
(222, 'New Lead Added [Name: HUY]', '2017-06-10 13:44:15', ' '),
(223, 'New Lead Added [Name: Hùng]', '2017-06-10 14:32:44', ' '),
(224, 'New Lead Added [Name: Anh nghĩa]', '2017-06-11 09:20:22', ' '),
(225, 'New Leads Status Added [StatusID: 4, Name: không bắt máy]', '2017-06-11 09:38:42', ' '),
(226, 'Contact Created [Nguyen Van A]', '2017-06-14 11:28:12', ' '),
(227, 'New Client Created [Cty TNHH MTV A From Staff: 1]', '2017-06-14 11:28:12', ' '),
(228, 'Created Lead Client Profile [LeadID: 1, ClientID: 4]', '2017-06-14 11:28:12', ' '),
(229, 'Lead Deleted [Deleted by:  , LeadID: 11]', '2017-06-14 12:14:23', ' '),
(230, 'Lead Updated [Name: Anh nghĩa]', '2017-06-14 13:43:57', ' '),
(231, 'Lead Updated [Name: Anh nghĩa]', '2017-06-14 13:45:36', ' '),
(232, 'Lead Updated [Name: Anh nghĩa]', '2017-06-14 13:46:03', ' '),
(233, 'Trạng thái Khách hàng đã thay đổi [CustomerID: 4 Status(Active/Inactive): 0]', '2017-06-14 16:33:58', ' '),
(234, 'Trạng thái Khách hàng đã thay đổi [CustomerID: 4 Status(Active/Inactive): 1]', '2017-06-14 16:33:59', ' '),
(235, 'Trạng thái Khách hàng đã thay đổi [CustomerID: 3 Status(Active/Inactive): 0]', '2017-06-14 16:34:00', ' '),
(236, 'Failed Login Attempt [Email:hungthinh199@gmail.com, Is Staff Member:Yes, IP:113.180.94.180]', '2017-06-14 20:02:13', NULL),
(237, 'Trạng thái Khách hàng đã thay đổi [CustomerID: 3 Status(Active/Inactive): 1]', '2017-06-14 20:07:38', ' '),
(238, 'Failed Login Attempt [Email:admin@admin.com, Is Staff Member:Yes, IP:14.168.213.140]', '2017-06-16 13:13:29', NULL),
(239, 'Email Template Updated [New Ticket Opened (Opened by Staff, Sent to Customer)]', '2017-06-24 14:01:22', ' '),
(240, 'Failed Login Attempt [Email:hungthinh199@gmail.com, Is Staff Member:Yes, IP:14.172.108.231]', '2017-06-25 18:15:48', NULL),
(241, 'Failed Login Attempt [Email:hungthinh199@gmail.com, Is Staff Member:Yes, IP:14.172.108.231]', '2017-06-25 18:16:27', NULL),
(242, 'New Staff Member Added [ID: 6, Tran  Tan]', '2017-06-27 10:20:44', ' '),
(243, 'New Staff Member Added [ID: 7, tra dfvb]', '2017-06-27 13:26:32', ' '),
(244, 'Staff Member Deleted [Name: Tran  Tan, Data Transfered To:  ]', '2017-06-27 13:27:03', ' '),
(245, 'Staff Member Deleted [Name: tra dfvb, Data Transfered To:  ]', '2017-06-27 13:27:10', ' '),
(246, 'Staff Member Updated [ID: 9,  ]', '2017-06-27 13:58:32', ' '),
(247, 'Staff Member Updated [ID: 9,  ]', '2017-06-27 14:00:19', ' '),
(248, 'Staff Member Updated [ID: 9,  ]', '2017-06-27 14:08:58', ' '),
(249, 'Staff Member Updated [ID: 9,  ]', '2017-06-27 14:09:04', ' '),
(250, 'Staff Member Updated [ID: 9,  ]', '2017-06-27 14:09:13', ' '),
(251, 'Staff Member Updated [ID: 9,  ]', '2017-06-27 14:09:24', ' '),
(252, 'Staff Member Updated [ID: 9,  ]', '2017-06-27 14:09:38', ' '),
(253, 'Staff Member Updated [ID: 9,  ]', '2017-06-27 14:09:47', ' '),
(254, 'Staff Member Updated [ID: 9,  ]', '2017-06-27 14:09:55', ' '),
(255, 'Staff Member Updated [ID: 9,  ]', '2017-06-27 14:12:58', ' '),
(256, 'Staff Member Updated [ID: 9,  ]', '2017-06-27 14:13:04', ' '),
(257, 'Staff Member Updated [ID: 9,  ]', '2017-06-27 14:16:18', ' '),
(258, 'Staff Member Updated [ID: 9,  ]', '2017-06-27 14:16:44', ' '),
(259, 'Staff Member Updated [ID: 9,  ]', '2017-06-27 14:16:51', ' '),
(260, 'Staff Member Updated [ID: 9,  ]', '2017-06-27 14:16:59', ' '),
(261, 'New Staff Member Added [ID: 10,  ]', '2017-06-27 14:30:54', ' '),
(262, 'Staff Member Updated [ID: 10,  ]', '2017-06-27 14:32:04', ' '),
(263, 'Staff Member Updated [ID: 10,  ]', '2017-06-27 14:42:27', ' '),
(264, 'Staff Member Updated [ID: 10,  ]', '2017-06-27 14:42:43', ' '),
(265, 'Staff Member Updated [ID: 10,  ]', '2017-06-27 14:48:37', ' '),
(266, 'Staff Member Updated [ID: 10,  ]', '2017-06-27 14:48:46', ' '),
(267, 'Staff Member Updated [ID: 10,  ]', '2017-06-27 14:48:58', ' '),
(268, 'Staff Member Updated [ID: 10,  ]', '2017-06-27 14:49:37', ' '),
(269, 'Staff Member Updated [ID: 10,  ]', '2017-06-27 14:49:49', ' '),
(270, 'Staff Member Updated [ID: 10,  ]', '2017-06-27 14:51:17', ' '),
(271, 'Staff Member Updated [ID: 10,  ]', '2017-06-27 14:53:27', ' '),
(272, 'Staff Member Updated [ID: 10,  ]', '2017-06-27 14:55:35', ' '),
(273, 'Staff Member Updated [ID: 10,  ]', '2017-06-27 14:55:47', ' '),
(274, 'Staff Member Updated [ID: 10,  ]', '2017-06-27 14:56:02', ' '),
(275, 'Staff Member Updated [ID: 10,  ]', '2017-06-27 14:56:15', ' '),
(276, 'Staff Member Updated [ID: 10,  ]', '2017-06-27 14:56:22', ' '),
(277, 'Staff Member Updated [ID: 10,  ]', '2017-06-27 14:56:43', ' '),
(278, 'Staff Member Updated [ID: 5,  ]', '2017-06-27 15:31:14', ' '),
(279, 'Staff Member Updated [ID: 5,  ]', '2017-06-27 15:31:29', ' '),
(280, 'Staff Member Updated [ID: 5,  ]', '2017-06-27 15:32:36', ' '),
(281, 'Staff Member Updated [ID: 5,  ]', '2017-06-27 15:34:43', ' '),
(282, 'New Client Created [Cty TNHH TT From Staff: 1]', '2017-06-27 16:51:00', ' '),
(283, 'New Client Created [Kieu Tien From Staff: 1]', '2017-06-27 16:56:34', ' '),
(284, 'Customer Info Updated [Kieu Tien]', '2017-06-27 16:58:59', ' '),
(285, 'Customer Info Updated [Kieu Tien]', '2017-06-27 16:59:45', ' '),
(286, 'New Client Created [Anh Tuan From Staff: 1]', '2017-06-27 17:06:28', ' '),
(287, 'New Staff Member Added [ID: 11, Nhuyen Van  Anh]', '2017-06-29 09:21:45', ' '),
(288, 'Staff Member Updated [ID: 9,  ]', '2017-06-29 09:42:38', ' '),
(289, 'New Staff Member Added [ID: 12, tran anh  tuan]', '2017-06-29 16:51:33', ' '),
(290, 'New Staff Member Added [ID: 13, Tran Van  Tan]', '2017-06-29 17:08:58', ' '),
(291, 'Staff Member Updated [ID: 13,  ]', '2017-06-29 17:17:06', ' '),
(292, 'Staff Member Updated [ID: 13,  ]', '2017-06-29 17:17:36', ' '),
(293, 'Staff Member Updated [ID: 13,  ]', '2017-06-29 17:18:30', ' '),
(294, 'Staff Member Updated [ID: 13,  ]', '2017-06-29 17:19:41', ' '),
(295, 'Staff Member Updated [ID: 13,  ]', '2017-06-29 17:29:56', ' '),
(296, 'Staff Member Updated [ID: 13,  ]', '2017-06-29 17:31:13', ' '),
(297, 'Staff Member Updated [ID: 4,  ]', '2017-06-30 08:13:26', ' '),
(298, 'New Staff Member Added [ID: 14, Tran Thij Kieu  Tien]', '2017-06-30 08:14:56', ' '),
(299, 'Client Deleted [7]', '2017-06-30 13:39:06', ' '),
(300, 'New Role Added [ID: 4.222]', '2017-06-30 13:39:51', ' '),
(301, 'Role Deleted [ID: 4', '2017-06-30 13:39:58', ' '),
(302, 'New Role Added [ID: 5.222]', '2017-06-30 13:41:08', ' '),
(303, 'Role Deleted [ID: 5', '2017-06-30 13:41:13', ' '),
(304, 'Items Land Type Created [Name: fgjnghjhg]', '2017-07-04 10:41:52', ' '),
(305, 'Item Group Deleted [Name: fgjnghjhg]', '2017-07-04 10:42:09', ' '),
(306, 'Items Land Type Created [Name: Nhom KH]', '2017-07-04 10:42:22', ' '),
(307, 'Invoice Item Updated [ID: 34, Dich vu 1]', '2017-07-04 10:43:03', ' '),
(308, 'Invoice Item Updated [ID: 35, Dich vu 2]', '2017-07-04 10:43:15', ' '),
(309, 'Invoice Item Updated [ID: 36, Dich vu 3]', '2017-07-04 10:43:30', ' '),
(310, 'Proposal Attachment Deleted [ProposalID: 2]', '2017-07-04 10:49:05', ' '),
(311, 'Proposal Attachment Deleted [ProposalID: 2]', '2017-07-04 10:49:07', ' '),
(312, 'Invoice Status Updated [Invoice Number: INV-000001, From: Chưa thanh toán To: Đã thanh toán]', '2017-07-04 10:52:59', ' '),
(313, 'Items Group Updated [Name: Nhom 1]', '2017-07-04 11:10:31', ' '),
(314, 'Items Group Updated [Name: Nhom 2]', '2017-07-04 11:10:48', ' '),
(315, 'Items Land Type Created [Name: New Nhom]', '2017-07-04 11:11:02', ' '),
(316, 'Invoice Item Updated [ID: 36, Dich vu 3]', '2017-07-04 11:14:30', ' '),
(317, 'Items Group Updated [Name: Nhom 3]', '2017-07-04 11:41:51', ' '),
(318, 'New Invoice Item Added [ID:37, fgjfg]', '2017-07-04 11:47:13', ' '),
(319, 'New Invoice Item Added [ID:38, gfjgh]', '2017-07-04 11:47:28', ' '),
(320, 'Invoice Status Updated [Invoice Number: INV-000001, From: Đã thanh toán To: Chưa thanh toán]', '2017-07-04 11:52:17', ' '),
(321, 'Invoice Item Updated [ID: 34, Dich vu 1]', '2017-07-04 13:43:12', ' '),
(322, 'Invoice Item Updated [ID: 35, Dich vu 2]', '2017-07-04 13:43:24', ' '),
(323, 'Invoice Item Updated [ID: 36, Dich vu 3]', '2017-07-04 13:43:31', ' '),
(324, 'Invoice Item Updated [ID: 37, fgjfg]', '2017-07-04 13:43:45', ' '),
(325, 'Invoice Item Updated [ID: 38, gfjgh]', '2017-07-04 13:43:53', ' '),
(326, 'Invoice Item Updated [ID: 37, San Pham 1]', '2017-07-04 13:53:17', ' '),
(327, 'Invoice Item Updated [ID: 38, San Pham 2]', '2017-07-04 13:53:29', ' '),
(328, 'New Invoice Item Added [ID:39, San pham]', '2017-07-04 14:11:00', ' '),
(329, 'Invoice Item Updated [ID: 39, San pham]', '2017-07-04 14:11:39', ' '),
(330, 'Tax Updated [ID: 1, Thuế 5%]', '2017-07-04 14:39:48', ' '),
(331, 'New Tax Added [ID: 2, Thuế 0%]', '2017-07-04 14:40:06', ' '),
(332, 'New Tax Added [ID: 3, Thuế 10%]', '2017-07-04 14:40:18', ' '),
(333, 'New Tax Added [ID: 4, Thuế 20%]', '2017-07-04 14:40:36', ' '),
(334, 'New Currency Added [ID: VNĐ]', '2017-07-04 14:42:12', ' '),
(335, 'Payment Mode Status Changed [ModeID: 1 Status(Active/Inactive): 0]', '2017-07-04 14:56:13', ' '),
(336, 'Payment Mode Status Changed [ModeID: 1 Status(Active/Inactive): 1]', '2017-07-04 14:56:14', ' '),
(337, 'New Payment Mode Added [ID: 2, Name:Tiền mặt]', '2017-07-04 14:56:49', ' '),
(338, 'Invoice Item Updated [ID: 34, Dich vu 1]', '2017-07-04 14:59:35', ' '),
(339, 'Invoice Item Updated [ID: 37, San Pham 1]', '2017-07-04 16:15:47', ' '),
(340, 'Invoice Item Updated [ID: 38, San Pham 2]', '2017-07-04 16:15:57', ' '),
(341, 'Invoice Item Updated [ID: 34, Dich vu 1]', '2017-07-04 16:16:06', ' '),
(342, 'Invoice Item Updated [ID: 34, Dich vu 1]', '2017-07-04 16:16:23', ' '),
(343, 'Invoice Item Updated [ID: 39, San pham]', '2017-07-05 08:29:20', ' '),
(344, 'Invoice Item Updated [ID: 34, 1]', '2017-07-06 02:14:37', ' '),
(345, 'Invoice Item Updated [ID: 34, 1]', '2017-07-06 02:14:47', ' '),
(346, 'Invoice Item Updated [ID: 34, 1]', '2017-07-06 02:27:02', ' '),
(347, 'New Invoice Item Added [ID:37, 213213]', '2017-07-06 02:45:48', ' '),
(348, 'Invoice Item Updated [ID: 34, 1]', '2017-07-07 09:56:32', ' '),
(349, 'Staff Member Updated [ID: 3,  ]', '2017-07-07 15:47:37', ' '),
(350, 'Invoice Item Updated [ID: 37, 213213]', '2017-07-07 16:28:25', ' '),
(351, 'Invoice Item Updated [ID: 37, 213213]', '2017-07-07 16:44:44', ' '),
(352, 'Invoice Item Updated [ID: 37, 213213]', '2017-07-07 16:59:24', ' '),
(353, 'Invoice Item Updated [ID: 37, 213213]', '2017-07-07 17:00:40', ' '),
(354, 'Invoice Item Updated [ID: 37, 213213]', '2017-07-07 17:01:07', ' '),
(355, 'Invoice Item Updated [ID: 37, 213213]', '2017-07-07 17:01:16', ' '),
(356, 'Invoice Item Updated [ID: 37, 213213]', '2017-07-07 17:03:20', ' '),
(357, 'Invoice Item Updated [ID: 37, 213213]', '2017-07-07 17:03:54', ' '),
(358, 'Invoice Item Updated [ID: 37, 213213]', '2017-07-07 17:04:21', ' '),
(359, 'Invoice Item Updated [ID: 37, 213213]', '2017-07-07 17:10:43', ' '),
(360, 'Invoice Item Updated [ID: 37, 213213]', '2017-07-08 08:13:37', ' '),
(361, 'Invoice Item Updated [ID: 37, 213213]', '2017-07-08 08:27:59', ' '),
(362, 'Invoice Item Updated [ID: 37, 213213]', '2017-07-08 08:32:32', ' '),
(363, 'Invoice Item Updated [ID: 37, 213213]', '2017-07-08 08:36:24', ' '),
(364, 'New Client Created [123123 From Staff: 1]', '2017-07-08 08:40:38', ' '),
(365, 'Client Deleted [8]', '2017-07-08 08:40:56', ' '),
(366, 'Invoice Item Updated [ID: 37, 213213]', '2017-07-08 08:41:14', ' '),
(367, 'Invoice Item Updated [ID: 37, 213213]', '2017-07-08 08:46:37', ' '),
(368, 'Invoice Item Updated [ID: 37, 213213]', '2017-07-08 08:49:17', ' '),
(369, 'Invoice Item Updated [ID: 37, 213213]', '2017-07-08 08:49:46', ' '),
(370, 'Invoice Item Updated [ID: 37, 213213]', '2017-07-08 08:50:26', ' '),
(371, 'Invoice Item Updated [ID: 37, 213213]', '2017-07-08 08:50:56', ' '),
(372, 'Invoice Item Updated [ID: 37, 213213]', '2017-07-08 08:51:12', ' '),
(373, 'Invoice Item Updated [ID: 37, 213213]', '2017-07-08 08:52:22', ' '),
(374, 'Invoice Item Updated [ID: 37, 213213]', '2017-07-08 08:55:20', ' '),
(375, 'Invoice Item Updated [ID: 37, 213213]', '2017-07-08 08:56:20', ' '),
(376, 'Invoice Item Updated [ID: 37, 213213]', '2017-07-08 09:00:02', ' '),
(377, 'Invoice Item Updated [ID: 37, 213213]', '2017-07-08 09:00:23', ' '),
(378, 'Invoice Item Updated [ID: 37, 213213]', '2017-07-08 10:00:55', ' '),
(379, 'Invoice Item Updated [ID: 37, 213213]', '2017-07-08 10:56:12', ' '),
(380, 'Invoice Item Updated [ID: 37, 213213]', '2017-07-08 10:56:40', ' '),
(381, 'New Invoice Item Added [ID:38, ]', '2017-07-08 11:18:39', ' ');

-- --------------------------------------------------------

--
-- Cấu trúc bảng cho bảng `tblannouncements`
--

CREATE TABLE `tblannouncements` (
  `announcementid` int(11) NOT NULL,
  `name` varchar(300) NOT NULL,
  `message` text,
  `showtousers` int(11) NOT NULL,
  `showtostaff` int(11) NOT NULL,
  `showname` int(11) NOT NULL,
  `dateadded` datetime NOT NULL,
  `userid` varchar(100) NOT NULL
) ENGINE=MyISAM DEFAULT CHARSET=utf8;

-- --------------------------------------------------------

--
-- Cấu trúc bảng cho bảng `tblcall_logs`
--

CREATE TABLE `tblcall_logs` (
  `ID` int(11) NOT NULL,
  `id_lead` int(11) NOT NULL,
  `name` varchar(500) CHARACTER SET utf8 COLLATE utf8_unicode_ci DEFAULT NULL,
  `date_call` datetime DEFAULT NULL,
  `checkout` int(11) NOT NULL,
  `reason` text CHARACTER SET utf8 COLLATE utf8_unicode_ci,
  `next_job` text CHARACTER SET utf8 COLLATE utf8_unicode_ci,
  `assigned` varchar(250) DEFAULT NULL,
  `time` datetime DEFAULT NULL,
  `time_width` datetime DEFAULT NULL,
  `time_report` datetime DEFAULT NULL,
  `address` varchar(500) CHARACTER SET utf8 COLLATE utf8_unicode_ci DEFAULT NULL,
  `document` text CHARACTER SET utf8 COLLATE utf8_unicode_ci,
  `note` text CHARACTER SET utf8 COLLATE utf8_unicode_ci
) ENGINE=InnoDB DEFAULT CHARSET=latin1;

--
-- Đang đổ dữ liệu cho bảng `tblcall_logs`
--

INSERT INTO `tblcall_logs` (`ID`, `id_lead`, `name`, `date_call`, `checkout`, `reason`, `next_job`, `assigned`, `time`, `time_width`, `time_report`, `address`, `document`, `note`) VALUES
(1, 11, 'ABCXYZ1', '2017-06-03 00:00:00', 0, 'reason', 'next_job', '2,3,4', '2017-06-03 00:00:00', '2017-06-05 00:00:00', '2017-06-05 00:00:00', 'cần thơ', 'reason', 'ghi chú'),
(4, 11, '123', '2017-06-03 00:00:00', 0, 'ghi ch? cu?c h?n', 'next_job', '2,3,4', '2017-06-03 00:00:00', '2017-06-05 00:00:00', '2017-06-05 00:00:00', 'cần thơ', 'xây dựng hệ thống biểu', 'note'),
(6, 1, 'ABCXYZ1', '2017-06-03 00:00:00', 1, 'reason', 'next_job', '2,4', '2017-06-03 00:00:00', '2017-06-05 00:00:00', NULL, 'cần thơ', 'công tác xa chưa trở về', 'ghi chú');

-- --------------------------------------------------------

--
-- Cấu trúc bảng cho bảng `tblcategories`
--

CREATE TABLE `tblcategories` (
  `id` int(11) NOT NULL,
  `code` varchar(50) DEFAULT NULL,
  `category` varchar(255) DEFAULT NULL,
  `image` varchar(55) DEFAULT NULL
) ENGINE=InnoDB DEFAULT CHARSET=utf8;

--
-- Đang đổ dữ liệu cho bảng `tblcategories`
--

INSERT INTO `tblcategories` (`id`, `code`, `category`, `image`) VALUES
(1, '', 'Máy hút khói khử mùi', ''),
(2, '', 'Bếp', ''),
(3, '', 'Bếp khác', ''),
(13, NULL, 'Lò nướng', NULL),
(14, NULL, 'Thiết bị kết hợp', NULL),
(15, NULL, 'Chậu và vòi', NULL),
(16, NULL, 'Máy rửa chén', NULL);

-- --------------------------------------------------------

--
-- Cấu trúc bảng cho bảng `tblcategory`
--

CREATE TABLE `tblcategory` (
  `Id_category` int(11) NOT NULL,
  `name_category` varchar(255) COLLATE utf8_unicode_ci NOT NULL
) ENGINE=InnoDB DEFAULT CHARSET=utf8 COLLATE=utf8_unicode_ci;

--
-- Đang đổ dữ liệu cho bảng `tblcategory`
--

INSERT INTO `tblcategory` (`Id_category`, `name_category`) VALUES
(1, 'tập tin'),
(2, 'hình ảnh'),
(3, 'Tệp');

-- --------------------------------------------------------

--
-- Cấu trúc bảng cho bảng `tblclients`
--

CREATE TABLE `tblclients` (
  `userid` int(11) NOT NULL,
  `company` varchar(100) DEFAULT NULL,
  `vat` varchar(50) DEFAULT NULL,
  `phonenumber` varchar(30) DEFAULT NULL,
  `country` int(11) NOT NULL DEFAULT '0',
  `city` varchar(100) DEFAULT NULL,
  `zip` varchar(15) DEFAULT NULL,
  `state` varchar(50) DEFAULT NULL,
  `address` varchar(100) DEFAULT NULL,
  `website` varchar(150) DEFAULT NULL,
  `datecreated` datetime NOT NULL,
  `active` int(11) NOT NULL DEFAULT '1',
  `leadid` int(11) DEFAULT NULL,
  `billing_street` varchar(200) DEFAULT NULL,
  `billing_city` varchar(100) DEFAULT NULL,
  `billing_state` varchar(100) DEFAULT NULL,
  `billing_zip` varchar(100) DEFAULT NULL,
  `billing_country` int(11) DEFAULT '0',
  `shipping_street` varchar(200) DEFAULT NULL,
  `shipping_city` varchar(100) DEFAULT NULL,
  `shipping_state` varchar(100) DEFAULT NULL,
  `shipping_zip` varchar(100) DEFAULT NULL,
  `shipping_country` int(11) DEFAULT '0',
  `longitude` varchar(300) DEFAULT NULL,
  `latitude` varchar(300) DEFAULT NULL,
  `default_language` varchar(40) DEFAULT NULL,
  `default_currency` int(11) NOT NULL DEFAULT '0',
  `show_primary_contact` int(11) NOT NULL DEFAULT '0',
  `short_name` int(11) NOT NULL,
  `name_title` varchar(100) NOT NULL,
  `type_of_organization` varchar(100) NOT NULL,
  `mobilephone_number` varchar(500) NOT NULL,
  `birthday` date NOT NULL,
  `id_card` varchar(50) NOT NULL,
  `bussiness_registration_number` varchar(50) NOT NULL,
  `legal_representative` varchar(200) NOT NULL,
  `email` varchar(50) NOT NULL,
  `source_approach` int(11) NOT NULL,
  `cooperative_day` date NOT NULL,
  `client_type` int(11) NOT NULL
) ENGINE=MyISAM DEFAULT CHARSET=utf8;

--
-- Đang đổ dữ liệu cho bảng `tblclients`
--

INSERT INTO `tblclients` (`userid`, `company`, `vat`, `phonenumber`, `country`, `city`, `zip`, `state`, `address`, `website`, `datecreated`, `active`, `leadid`, `billing_street`, `billing_city`, `billing_state`, `billing_zip`, `billing_country`, `shipping_street`, `shipping_city`, `shipping_state`, `shipping_zip`, `shipping_country`, `longitude`, `latitude`, `default_language`, `default_currency`, `show_primary_contact`, `short_name`, `name_title`, `type_of_organization`, `mobilephone_number`, `birthday`, `id_card`, `bussiness_registration_number`, `legal_representative`, `email`, `source_approach`, `cooperative_day`, `client_type`) VALUES
(1, 'FOSO', '123456789', '0126479974', 243, 'TP.HCM', '', '', 'Cao thắng', '', '2017-03-30 14:30:34', 1, NULL, '', '', '', '', 0, '', '', '', '', 0, '', '', '', 1, 0, 0, '', '', '', '0000-00-00', '', '', '', '', 0, '0000-00-00', 0),
(2, 'Viettel', '123456789', '1216479974', 243, 'ee', '', '', 'adssadada', '', '2017-03-30 20:53:19', 1, NULL, NULL, NULL, NULL, NULL, 0, NULL, NULL, NULL, NULL, 0, NULL, NULL, NULL, 0, 0, 0, '', '', '', '0000-00-00', '', '', '', '', 0, '0000-00-00', 0),
(3, 'Cty TNHH MTV Tân Phong', '12345678', '0974497157', 243, 'Bến Tre', '', '', 'Chợ Lách Bến Tre', '', '2017-05-26 16:38:24', 1, NULL, '', '', '', '', 0, '', '', '', '', 0, '', '', '', 0, 0, 0, '', '', '', '0000-00-00', '', '', '', '', 0, '0000-00-00', 0),
(4, 'Cty TNHH MTV A', NULL, '0869019421', 0, 'HCM', 'HCM', 'NCT', 'Q1', '', '2017-06-14 11:28:10', 1, 1, NULL, NULL, NULL, NULL, 0, NULL, NULL, NULL, NULL, 0, NULL, NULL, NULL, 0, 0, 0, '', '', '', '0000-00-00', '', '', '', '', 0, '0000-00-00', 0),
(5, 'Cty TNHH TT', '12345678', '0974497157', 0, 'HCM', '', 'HCM', 'HCM', '', '2017-06-27 16:51:00', 1, NULL, '', '', '', '', 0, '', '', '', '', 0, '', '', '', 0, 0, 0, '', '', '', '0000-00-00', '', '', '', '', 0, '0000-00-00', 0),
(6, 'Kieu Tien', '1234', '0974497157', 243, 'HCM', '', 'HCM', 'HCM', '', '2017-06-27 16:56:34', 1, NULL, '', '', '', '', 0, '', '', '', '', 0, '', '', '', 0, 0, 0, '', '', '', '0000-00-00', '', '', '', '', 0, '0000-00-00', 0);

-- --------------------------------------------------------

--
-- Cấu trúc bảng cho bảng `tblcommentlikes`
--

CREATE TABLE `tblcommentlikes` (
  `id` int(11) NOT NULL,
  `postid` int(11) NOT NULL,
  `commentid` int(11) NOT NULL,
  `userid` int(11) NOT NULL,
  `dateliked` datetime NOT NULL
) ENGINE=MyISAM DEFAULT CHARSET=utf8;

-- --------------------------------------------------------

--
-- Cấu trúc bảng cho bảng `tblcontactpermissions`
--

CREATE TABLE `tblcontactpermissions` (
  `id` int(11) NOT NULL,
  `permission_id` int(11) NOT NULL,
  `userid` int(11) NOT NULL
) ENGINE=MyISAM DEFAULT CHARSET=utf8;

--
-- Đang đổ dữ liệu cho bảng `tblcontactpermissions`
--

INSERT INTO `tblcontactpermissions` (`id`, `permission_id`, `userid`) VALUES
(1, 1, 1),
(2, 2, 1),
(3, 3, 1),
(4, 4, 1),
(5, 5, 1),
(6, 6, 1),
(7, 1, 2),
(8, 2, 2),
(9, 3, 2),
(10, 4, 2),
(11, 5, 2),
(12, 6, 2),
(13, 1, 3),
(14, 2, 3),
(15, 3, 3),
(16, 4, 3),
(17, 5, 3),
(18, 6, 3);

-- --------------------------------------------------------

--
-- Cấu trúc bảng cho bảng `tblcontacts`
--

CREATE TABLE `tblcontacts` (
  `id` int(11) NOT NULL,
  `userid` int(11) NOT NULL,
  `is_primary` int(11) NOT NULL DEFAULT '1',
  `firstname` varchar(300) NOT NULL,
  `lastname` varchar(300) NOT NULL,
  `email` varchar(100) NOT NULL,
  `phonenumber` varchar(100) NOT NULL,
  `title` varchar(200) NOT NULL,
  `datecreated` datetime NOT NULL,
  `password` varchar(255) DEFAULT NULL,
  `new_pass_key` varchar(32) DEFAULT NULL,
  `new_pass_key_requested` datetime DEFAULT NULL,
  `last_ip` varchar(40) DEFAULT NULL,
  `last_login` datetime DEFAULT NULL,
  `last_password_change` datetime DEFAULT NULL,
  `active` tinyint(1) NOT NULL DEFAULT '1',
  `profile_image` varchar(300) DEFAULT NULL,
  `direction` varchar(3) DEFAULT NULL
) ENGINE=MyISAM DEFAULT CHARSET=utf8;

--
-- Đang đổ dữ liệu cho bảng `tblcontacts`
--

INSERT INTO `tblcontacts` (`id`, `userid`, `is_primary`, `firstname`, `lastname`, `email`, `phonenumber`, `title`, `datecreated`, `password`, `new_pass_key`, `new_pass_key_requested`, `last_ip`, `last_login`, `last_password_change`, `active`, `profile_image`, `direction`) VALUES
(1, 2, 1, 'Khách', 'hàng 1', 'client@gmail.com', '01216479974', '', '2017-03-30 20:53:19', '$2a$08$ho9aMTdu36ETSzWVoKeZfOmX7y8iTa3fUHjir/LwQ/zsrWWJUYplS', NULL, NULL, '::1', '2017-06-29 13:53:14', NULL, 1, NULL, NULL),
(2, 1, 1, 'FO', 'SO', 'companyfoso@gmail.com', '01216479974', '', '2017-03-30 20:57:05', '$2a$08$HMHxLD0HtHJbz6kmzXU8COB5UpCSq0CI63PXtYRTDpWd.j2c94cIK', NULL, NULL, '::1', '2017-03-30 20:57:33', NULL, 1, NULL, 'ltr'),
(3, 4, 1, 'Nguyen', 'Van A', 'nva@gmail.com', '0869019421', 'NV', '2017-06-14 11:28:10', '$2a$08$zq/Ehj42x5QGupL3gNevt.vrQIi9qIwRVYu0uMTxy0UkcCw5XejYS', NULL, NULL, NULL, NULL, NULL, 1, NULL, NULL);

-- --------------------------------------------------------

--
-- Cấu trúc bảng cho bảng `tblcontractrenewals`
--

CREATE TABLE `tblcontractrenewals` (
  `id` int(11) NOT NULL,
  `contractid` int(11) NOT NULL,
  `old_start_date` date NOT NULL,
  `new_start_date` date NOT NULL,
  `old_end_date` date DEFAULT NULL,
  `new_end_date` date DEFAULT NULL,
  `old_value` decimal(11,2) DEFAULT NULL,
  `new_value` decimal(11,2) DEFAULT NULL,
  `date_renewed` datetime NOT NULL,
  `renewed_by` varchar(100) NOT NULL,
  `renewed_by_staff_id` int(11) NOT NULL DEFAULT '0',
  `is_on_old_expiry_notified` int(11) DEFAULT '0'
) ENGINE=MyISAM DEFAULT CHARSET=utf8;

-- --------------------------------------------------------

--
-- Cấu trúc bảng cho bảng `tblcontracts`
--

CREATE TABLE `tblcontracts` (
  `id` int(11) NOT NULL,
  `content` longtext,
  `description` text,
  `subject` varchar(300) DEFAULT NULL,
  `client` int(11) NOT NULL,
  `datestart` date DEFAULT NULL,
  `dateend` date DEFAULT NULL,
  `contract_type` int(11) DEFAULT NULL,
  `addedfrom` int(11) NOT NULL,
  `dateadded` datetime NOT NULL,
  `isexpirynotified` int(11) NOT NULL DEFAULT '0',
  `contract_value` decimal(11,2) DEFAULT NULL,
  `trash` tinyint(1) DEFAULT '0',
  `not_visible_to_client` tinyint(1) NOT NULL DEFAULT '0'
) ENGINE=MyISAM DEFAULT CHARSET=utf8;

--
-- Đang đổ dữ liệu cho bảng `tblcontracts`
--

INSERT INTO `tblcontracts` (`id`, `content`, `description`, `subject`, `client`, `datestart`, `dateend`, `contract_type`, `addedfrom`, `dateadded`, `isexpirynotified`, `contract_value`, `trash`, `not_visible_to_client`) VALUES
(1, NULL, '', 'Báo cáo thuế', 2, '2017-03-31', '2017-05-19', 0, 1, '2017-03-31 00:14:42', 0, '8000000.00', 0, 0);

-- --------------------------------------------------------

--
-- Cấu trúc bảng cho bảng `tblcontracttypes`
--

CREATE TABLE `tblcontracttypes` (
  `id` int(11) NOT NULL,
  `name` mediumtext NOT NULL
) ENGINE=MyISAM DEFAULT CHARSET=utf8;

-- --------------------------------------------------------

--
-- Cấu trúc bảng cho bảng `tblcountries`
--

CREATE TABLE `tblcountries` (
  `country_id` int(5) NOT NULL,
  `iso2` char(2) DEFAULT NULL,
  `short_name` varchar(80) NOT NULL DEFAULT '',
  `long_name` varchar(80) NOT NULL DEFAULT '',
  `iso3` char(3) DEFAULT NULL,
  `numcode` varchar(6) DEFAULT NULL,
  `un_member` varchar(12) DEFAULT NULL,
  `calling_code` varchar(8) DEFAULT NULL,
  `cctld` varchar(5) DEFAULT NULL
) ENGINE=MyISAM DEFAULT CHARSET=utf8;

--
-- Đang đổ dữ liệu cho bảng `tblcountries`
--

INSERT INTO `tblcountries` (`country_id`, `iso2`, `short_name`, `long_name`, `iso3`, `numcode`, `un_member`, `calling_code`, `cctld`) VALUES
(1, 'AF', 'Afghanistan', 'Islamic Republic of Afghanistan', 'AFG', '004', 'yes', '93', '.af'),
(2, 'AX', 'Aland Islands', '&Aring;land Islands', 'ALA', '248', 'no', '358', '.ax'),
(3, 'AL', 'Albania', 'Republic of Albania', 'ALB', '008', 'yes', '355', '.al'),
(4, 'DZ', 'Algeria', 'People\'s Democratic Republic of Algeria', 'DZA', '012', 'yes', '213', '.dz'),
(5, 'AS', 'American Samoa', 'American Samoa', 'ASM', '016', 'no', '1+684', '.as'),
(6, 'AD', 'Andorra', 'Principality of Andorra', 'AND', '020', 'yes', '376', '.ad'),
(7, 'AO', 'Angola', 'Republic of Angola', 'AGO', '024', 'yes', '244', '.ao'),
(8, 'AI', 'Anguilla', 'Anguilla', 'AIA', '660', 'no', '1+264', '.ai'),
(9, 'AQ', 'Antarctica', 'Antarctica', 'ATA', '010', 'no', '672', '.aq'),
(10, 'AG', 'Antigua and Barbuda', 'Antigua and Barbuda', 'ATG', '028', 'yes', '1+268', '.ag'),
(11, 'AR', 'Argentina', 'Argentine Republic', 'ARG', '032', 'yes', '54', '.ar'),
(12, 'AM', 'Armenia', 'Republic of Armenia', 'ARM', '051', 'yes', '374', '.am'),
(13, 'AW', 'Aruba', 'Aruba', 'ABW', '533', 'no', '297', '.aw'),
(14, 'AU', 'Australia', 'Commonwealth of Australia', 'AUS', '036', 'yes', '61', '.au'),
(15, 'AT', 'Austria', 'Republic of Austria', 'AUT', '040', 'yes', '43', '.at'),
(16, 'AZ', 'Azerbaijan', 'Republic of Azerbaijan', 'AZE', '031', 'yes', '994', '.az'),
(17, 'BS', 'Bahamas', 'Commonwealth of The Bahamas', 'BHS', '044', 'yes', '1+242', '.bs'),
(18, 'BH', 'Bahrain', 'Kingdom of Bahrain', 'BHR', '048', 'yes', '973', '.bh'),
(19, 'BD', 'Bangladesh', 'People\'s Republic of Bangladesh', 'BGD', '050', 'yes', '880', '.bd'),
(20, 'BB', 'Barbados', 'Barbados', 'BRB', '052', 'yes', '1+246', '.bb'),
(21, 'BY', 'Belarus', 'Republic of Belarus', 'BLR', '112', 'yes', '375', '.by'),
(22, 'BE', 'Belgium', 'Kingdom of Belgium', 'BEL', '056', 'yes', '32', '.be'),
(23, 'BZ', 'Belize', 'Belize', 'BLZ', '084', 'yes', '501', '.bz'),
(24, 'BJ', 'Benin', 'Republic of Benin', 'BEN', '204', 'yes', '229', '.bj'),
(25, 'BM', 'Bermuda', 'Bermuda Islands', 'BMU', '060', 'no', '1+441', '.bm'),
(26, 'BT', 'Bhutan', 'Kingdom of Bhutan', 'BTN', '064', 'yes', '975', '.bt'),
(27, 'BO', 'Bolivia', 'Plurinational State of Bolivia', 'BOL', '068', 'yes', '591', '.bo'),
(28, 'BQ', 'Bonaire, Sint Eustatius and Saba', 'Bonaire, Sint Eustatius and Saba', 'BES', '535', 'no', '599', '.bq'),
(29, 'BA', 'Bosnia and Herzegovina', 'Bosnia and Herzegovina', 'BIH', '070', 'yes', '387', '.ba'),
(30, 'BW', 'Botswana', 'Republic of Botswana', 'BWA', '072', 'yes', '267', '.bw'),
(31, 'BV', 'Bouvet Island', 'Bouvet Island', 'BVT', '074', 'no', 'NONE', '.bv'),
(32, 'BR', 'Brazil', 'Federative Republic of Brazil', 'BRA', '076', 'yes', '55', '.br'),
(33, 'IO', 'British Indian Ocean Territory', 'British Indian Ocean Territory', 'IOT', '086', 'no', '246', '.io'),
(34, 'BN', 'Brunei', 'Brunei Darussalam', 'BRN', '096', 'yes', '673', '.bn'),
(35, 'BG', 'Bulgaria', 'Republic of Bulgaria', 'BGR', '100', 'yes', '359', '.bg'),
(36, 'BF', 'Burkina Faso', 'Burkina Faso', 'BFA', '854', 'yes', '226', '.bf'),
(37, 'BI', 'Burundi', 'Republic of Burundi', 'BDI', '108', 'yes', '257', '.bi'),
(38, 'KH', 'Cambodia', 'Kingdom of Cambodia', 'KHM', '116', 'yes', '855', '.kh'),
(39, 'CM', 'Cameroon', 'Republic of Cameroon', 'CMR', '120', 'yes', '237', '.cm'),
(40, 'CA', 'Canada', 'Canada', 'CAN', '124', 'yes', '1', '.ca'),
(41, 'CV', 'Cape Verde', 'Republic of Cape Verde', 'CPV', '132', 'yes', '238', '.cv'),
(42, 'KY', 'Cayman Islands', 'The Cayman Islands', 'CYM', '136', 'no', '1+345', '.ky'),
(43, 'CF', 'Central African Republic', 'Central African Republic', 'CAF', '140', 'yes', '236', '.cf'),
(44, 'TD', 'Chad', 'Republic of Chad', 'TCD', '148', 'yes', '235', '.td'),
(45, 'CL', 'Chile', 'Republic of Chile', 'CHL', '152', 'yes', '56', '.cl'),
(46, 'CN', 'China', 'People\'s Republic of China', 'CHN', '156', 'yes', '86', '.cn'),
(47, 'CX', 'Christmas Island', 'Christmas Island', 'CXR', '162', 'no', '61', '.cx'),
(48, 'CC', 'Cocos (Keeling) Islands', 'Cocos (Keeling) Islands', 'CCK', '166', 'no', '61', '.cc'),
(49, 'CO', 'Colombia', 'Republic of Colombia', 'COL', '170', 'yes', '57', '.co'),
(50, 'KM', 'Comoros', 'Union of the Comoros', 'COM', '174', 'yes', '269', '.km'),
(51, 'CG', 'Congo', 'Republic of the Congo', 'COG', '178', 'yes', '242', '.cg'),
(52, 'CK', 'Cook Islands', 'Cook Islands', 'COK', '184', 'some', '682', '.ck'),
(53, 'CR', 'Costa Rica', 'Republic of Costa Rica', 'CRI', '188', 'yes', '506', '.cr'),
(54, 'CI', 'Cote d\'ivoire (Ivory Coast)', 'Republic of C&ocirc;te D\'Ivoire (Ivory Coast)', 'CIV', '384', 'yes', '225', '.ci'),
(55, 'HR', 'Croatia', 'Republic of Croatia', 'HRV', '191', 'yes', '385', '.hr'),
(56, 'CU', 'Cuba', 'Republic of Cuba', 'CUB', '192', 'yes', '53', '.cu'),
(57, 'CW', 'Curacao', 'Cura&ccedil;ao', 'CUW', '531', 'no', '599', '.cw'),
(58, 'CY', 'Cyprus', 'Republic of Cyprus', 'CYP', '196', 'yes', '357', '.cy'),
(59, 'CZ', 'Czech Republic', 'Czech Republic', 'CZE', '203', 'yes', '420', '.cz'),
(60, 'CD', 'Democratic Republic of the Congo', 'Democratic Republic of the Congo', 'COD', '180', 'yes', '243', '.cd'),
(61, 'DK', 'Denmark', 'Kingdom of Denmark', 'DNK', '208', 'yes', '45', '.dk'),
(62, 'DJ', 'Djibouti', 'Republic of Djibouti', 'DJI', '262', 'yes', '253', '.dj'),
(63, 'DM', 'Dominica', 'Commonwealth of Dominica', 'DMA', '212', 'yes', '1+767', '.dm'),
(64, 'DO', 'Dominican Republic', 'Dominican Republic', 'DOM', '214', 'yes', '1+809, 8', '.do'),
(65, 'EC', 'Ecuador', 'Republic of Ecuador', 'ECU', '218', 'yes', '593', '.ec'),
(66, 'EG', 'Egypt', 'Arab Republic of Egypt', 'EGY', '818', 'yes', '20', '.eg'),
(67, 'SV', 'El Salvador', 'Republic of El Salvador', 'SLV', '222', 'yes', '503', '.sv'),
(68, 'GQ', 'Equatorial Guinea', 'Republic of Equatorial Guinea', 'GNQ', '226', 'yes', '240', '.gq'),
(69, 'ER', 'Eritrea', 'State of Eritrea', 'ERI', '232', 'yes', '291', '.er'),
(70, 'EE', 'Estonia', 'Republic of Estonia', 'EST', '233', 'yes', '372', '.ee'),
(71, 'ET', 'Ethiopia', 'Federal Democratic Republic of Ethiopia', 'ETH', '231', 'yes', '251', '.et'),
(72, 'FK', 'Falkland Islands (Malvinas)', 'The Falkland Islands (Malvinas)', 'FLK', '238', 'no', '500', '.fk'),
(73, 'FO', 'Faroe Islands', 'The Faroe Islands', 'FRO', '234', 'no', '298', '.fo'),
(74, 'FJ', 'Fiji', 'Republic of Fiji', 'FJI', '242', 'yes', '679', '.fj'),
(75, 'FI', 'Finland', 'Republic of Finland', 'FIN', '246', 'yes', '358', '.fi'),
(76, 'FR', 'France', 'French Republic', 'FRA', '250', 'yes', '33', '.fr'),
(77, 'GF', 'French Guiana', 'French Guiana', 'GUF', '254', 'no', '594', '.gf'),
(78, 'PF', 'French Polynesia', 'French Polynesia', 'PYF', '258', 'no', '689', '.pf'),
(79, 'TF', 'French Southern Territories', 'French Southern Territories', 'ATF', '260', 'no', NULL, '.tf'),
(80, 'GA', 'Gabon', 'Gabonese Republic', 'GAB', '266', 'yes', '241', '.ga'),
(81, 'GM', 'Gambia', 'Republic of The Gambia', 'GMB', '270', 'yes', '220', '.gm'),
(82, 'GE', 'Georgia', 'Georgia', 'GEO', '268', 'yes', '995', '.ge'),
(83, 'DE', 'Germany', 'Federal Republic of Germany', 'DEU', '276', 'yes', '49', '.de'),
(84, 'GH', 'Ghana', 'Republic of Ghana', 'GHA', '288', 'yes', '233', '.gh'),
(85, 'GI', 'Gibraltar', 'Gibraltar', 'GIB', '292', 'no', '350', '.gi'),
(86, 'GR', 'Greece', 'Hellenic Republic', 'GRC', '300', 'yes', '30', '.gr'),
(87, 'GL', 'Greenland', 'Greenland', 'GRL', '304', 'no', '299', '.gl'),
(88, 'GD', 'Grenada', 'Grenada', 'GRD', '308', 'yes', '1+473', '.gd'),
(89, 'GP', 'Guadaloupe', 'Guadeloupe', 'GLP', '312', 'no', '590', '.gp'),
(90, 'GU', 'Guam', 'Guam', 'GUM', '316', 'no', '1+671', '.gu'),
(91, 'GT', 'Guatemala', 'Republic of Guatemala', 'GTM', '320', 'yes', '502', '.gt'),
(92, 'GG', 'Guernsey', 'Guernsey', 'GGY', '831', 'no', '44', '.gg'),
(93, 'GN', 'Guinea', 'Republic of Guinea', 'GIN', '324', 'yes', '224', '.gn'),
(94, 'GW', 'Guinea-Bissau', 'Republic of Guinea-Bissau', 'GNB', '624', 'yes', '245', '.gw'),
(95, 'GY', 'Guyana', 'Co-operative Republic of Guyana', 'GUY', '328', 'yes', '592', '.gy'),
(96, 'HT', 'Haiti', 'Republic of Haiti', 'HTI', '332', 'yes', '509', '.ht'),
(97, 'HM', 'Heard Island and McDonald Islands', 'Heard Island and McDonald Islands', 'HMD', '334', 'no', 'NONE', '.hm'),
(98, 'HN', 'Honduras', 'Republic of Honduras', 'HND', '340', 'yes', '504', '.hn'),
(99, 'HK', 'Hong Kong', 'Hong Kong', 'HKG', '344', 'no', '852', '.hk'),
(100, 'HU', 'Hungary', 'Hungary', 'HUN', '348', 'yes', '36', '.hu'),
(101, 'IS', 'Iceland', 'Republic of Iceland', 'ISL', '352', 'yes', '354', '.is'),
(102, 'IN', 'India', 'Republic of India', 'IND', '356', 'yes', '91', '.in'),
(103, 'ID', 'Indonesia', 'Republic of Indonesia', 'IDN', '360', 'yes', '62', '.id'),
(104, 'IR', 'Iran', 'Islamic Republic of Iran', 'IRN', '364', 'yes', '98', '.ir'),
(105, 'IQ', 'Iraq', 'Republic of Iraq', 'IRQ', '368', 'yes', '964', '.iq'),
(106, 'IE', 'Ireland', 'Ireland', 'IRL', '372', 'yes', '353', '.ie'),
(107, 'IM', 'Isle of Man', 'Isle of Man', 'IMN', '833', 'no', '44', '.im'),
(108, 'IL', 'Israel', 'State of Israel', 'ISR', '376', 'yes', '972', '.il'),
(109, 'IT', 'Italy', 'Italian Republic', 'ITA', '380', 'yes', '39', '.jm'),
(110, 'JM', 'Jamaica', 'Jamaica', 'JAM', '388', 'yes', '1+876', '.jm'),
(111, 'JP', 'Japan', 'Japan', 'JPN', '392', 'yes', '81', '.jp'),
(112, 'JE', 'Jersey', 'The Bailiwick of Jersey', 'JEY', '832', 'no', '44', '.je'),
(113, 'JO', 'Jordan', 'Hashemite Kingdom of Jordan', 'JOR', '400', 'yes', '962', '.jo'),
(114, 'KZ', 'Kazakhstan', 'Republic of Kazakhstan', 'KAZ', '398', 'yes', '7', '.kz'),
(115, 'KE', 'Kenya', 'Republic of Kenya', 'KEN', '404', 'yes', '254', '.ke'),
(116, 'KI', 'Kiribati', 'Republic of Kiribati', 'KIR', '296', 'yes', '686', '.ki'),
(117, 'XK', 'Kosovo', 'Republic of Kosovo', '---', '---', 'some', '381', ''),
(118, 'KW', 'Kuwait', 'State of Kuwait', 'KWT', '414', 'yes', '965', '.kw'),
(119, 'KG', 'Kyrgyzstan', 'Kyrgyz Republic', 'KGZ', '417', 'yes', '996', '.kg'),
(120, 'LA', 'Laos', 'Lao People\'s Democratic Republic', 'LAO', '418', 'yes', '856', '.la'),
(121, 'LV', 'Latvia', 'Republic of Latvia', 'LVA', '428', 'yes', '371', '.lv'),
(122, 'LB', 'Lebanon', 'Republic of Lebanon', 'LBN', '422', 'yes', '961', '.lb'),
(123, 'LS', 'Lesotho', 'Kingdom of Lesotho', 'LSO', '426', 'yes', '266', '.ls'),
(124, 'LR', 'Liberia', 'Republic of Liberia', 'LBR', '430', 'yes', '231', '.lr'),
(125, 'LY', 'Libya', 'Libya', 'LBY', '434', 'yes', '218', '.ly'),
(126, 'LI', 'Liechtenstein', 'Principality of Liechtenstein', 'LIE', '438', 'yes', '423', '.li'),
(127, 'LT', 'Lithuania', 'Republic of Lithuania', 'LTU', '440', 'yes', '370', '.lt'),
(128, 'LU', 'Luxembourg', 'Grand Duchy of Luxembourg', 'LUX', '442', 'yes', '352', '.lu'),
(129, 'MO', 'Macao', 'The Macao Special Administrative Region', 'MAC', '446', 'no', '853', '.mo'),
(130, 'MK', 'Macedonia', 'The Former Yugoslav Republic of Macedonia', 'MKD', '807', 'yes', '389', '.mk'),
(131, 'MG', 'Madagascar', 'Republic of Madagascar', 'MDG', '450', 'yes', '261', '.mg'),
(132, 'MW', 'Malawi', 'Republic of Malawi', 'MWI', '454', 'yes', '265', '.mw'),
(133, 'MY', 'Malaysia', 'Malaysia', 'MYS', '458', 'yes', '60', '.my'),
(134, 'MV', 'Maldives', 'Republic of Maldives', 'MDV', '462', 'yes', '960', '.mv'),
(135, 'ML', 'Mali', 'Republic of Mali', 'MLI', '466', 'yes', '223', '.ml'),
(136, 'MT', 'Malta', 'Republic of Malta', 'MLT', '470', 'yes', '356', '.mt'),
(137, 'MH', 'Marshall Islands', 'Republic of the Marshall Islands', 'MHL', '584', 'yes', '692', '.mh'),
(138, 'MQ', 'Martinique', 'Martinique', 'MTQ', '474', 'no', '596', '.mq'),
(139, 'MR', 'Mauritania', 'Islamic Republic of Mauritania', 'MRT', '478', 'yes', '222', '.mr'),
(140, 'MU', 'Mauritius', 'Republic of Mauritius', 'MUS', '480', 'yes', '230', '.mu'),
(141, 'YT', 'Mayotte', 'Mayotte', 'MYT', '175', 'no', '262', '.yt'),
(142, 'MX', 'Mexico', 'United Mexican States', 'MEX', '484', 'yes', '52', '.mx'),
(143, 'FM', 'Micronesia', 'Federated States of Micronesia', 'FSM', '583', 'yes', '691', '.fm'),
(144, 'MD', 'Moldava', 'Republic of Moldova', 'MDA', '498', 'yes', '373', '.md'),
(145, 'MC', 'Monaco', 'Principality of Monaco', 'MCO', '492', 'yes', '377', '.mc'),
(146, 'MN', 'Mongolia', 'Mongolia', 'MNG', '496', 'yes', '976', '.mn'),
(147, 'ME', 'Montenegro', 'Montenegro', 'MNE', '499', 'yes', '382', '.me'),
(148, 'MS', 'Montserrat', 'Montserrat', 'MSR', '500', 'no', '1+664', '.ms'),
(149, 'MA', 'Morocco', 'Kingdom of Morocco', 'MAR', '504', 'yes', '212', '.ma'),
(150, 'MZ', 'Mozambique', 'Republic of Mozambique', 'MOZ', '508', 'yes', '258', '.mz'),
(151, 'MM', 'Myanmar (Burma)', 'Republic of the Union of Myanmar', 'MMR', '104', 'yes', '95', '.mm'),
(152, 'NA', 'Namibia', 'Republic of Namibia', 'NAM', '516', 'yes', '264', '.na'),
(153, 'NR', 'Nauru', 'Republic of Nauru', 'NRU', '520', 'yes', '674', '.nr'),
(154, 'NP', 'Nepal', 'Federal Democratic Republic of Nepal', 'NPL', '524', 'yes', '977', '.np'),
(155, 'NL', 'Netherlands', 'Kingdom of the Netherlands', 'NLD', '528', 'yes', '31', '.nl'),
(156, 'NC', 'New Caledonia', 'New Caledonia', 'NCL', '540', 'no', '687', '.nc'),
(157, 'NZ', 'New Zealand', 'New Zealand', 'NZL', '554', 'yes', '64', '.nz'),
(158, 'NI', 'Nicaragua', 'Republic of Nicaragua', 'NIC', '558', 'yes', '505', '.ni'),
(159, 'NE', 'Niger', 'Republic of Niger', 'NER', '562', 'yes', '227', '.ne'),
(160, 'NG', 'Nigeria', 'Federal Republic of Nigeria', 'NGA', '566', 'yes', '234', '.ng'),
(161, 'NU', 'Niue', 'Niue', 'NIU', '570', 'some', '683', '.nu'),
(162, 'NF', 'Norfolk Island', 'Norfolk Island', 'NFK', '574', 'no', '672', '.nf'),
(163, 'KP', 'North Korea', 'Democratic People\'s Republic of Korea', 'PRK', '408', 'yes', '850', '.kp'),
(164, 'MP', 'Northern Mariana Islands', 'Northern Mariana Islands', 'MNP', '580', 'no', '1+670', '.mp'),
(165, 'NO', 'Norway', 'Kingdom of Norway', 'NOR', '578', 'yes', '47', '.no'),
(166, 'OM', 'Oman', 'Sultanate of Oman', 'OMN', '512', 'yes', '968', '.om'),
(167, 'PK', 'Pakistan', 'Islamic Republic of Pakistan', 'PAK', '586', 'yes', '92', '.pk'),
(168, 'PW', 'Palau', 'Republic of Palau', 'PLW', '585', 'yes', '680', '.pw'),
(169, 'PS', 'Palestine', 'State of Palestine (or Occupied Palestinian Territory)', 'PSE', '275', 'some', '970', '.ps'),
(170, 'PA', 'Panama', 'Republic of Panama', 'PAN', '591', 'yes', '507', '.pa'),
(171, 'PG', 'Papua New Guinea', 'Independent State of Papua New Guinea', 'PNG', '598', 'yes', '675', '.pg'),
(172, 'PY', 'Paraguay', 'Republic of Paraguay', 'PRY', '600', 'yes', '595', '.py'),
(173, 'PE', 'Peru', 'Republic of Peru', 'PER', '604', 'yes', '51', '.pe'),
(174, 'PH', 'Phillipines', 'Republic of the Philippines', 'PHL', '608', 'yes', '63', '.ph'),
(175, 'PN', 'Pitcairn', 'Pitcairn', 'PCN', '612', 'no', 'NONE', '.pn'),
(176, 'PL', 'Poland', 'Republic of Poland', 'POL', '616', 'yes', '48', '.pl'),
(177, 'PT', 'Portugal', 'Portuguese Republic', 'PRT', '620', 'yes', '351', '.pt'),
(178, 'PR', 'Puerto Rico', 'Commonwealth of Puerto Rico', 'PRI', '630', 'no', '1+939', '.pr'),
(179, 'QA', 'Qatar', 'State of Qatar', 'QAT', '634', 'yes', '974', '.qa'),
(180, 'RE', 'Reunion', 'R&eacute;union', 'REU', '638', 'no', '262', '.re'),
(181, 'RO', 'Romania', 'Romania', 'ROU', '642', 'yes', '40', '.ro'),
(182, 'RU', 'Russia', 'Russian Federation', 'RUS', '643', 'yes', '7', '.ru'),
(183, 'RW', 'Rwanda', 'Republic of Rwanda', 'RWA', '646', 'yes', '250', '.rw'),
(184, 'BL', 'Saint Barthelemy', 'Saint Barth&eacute;lemy', 'BLM', '652', 'no', '590', '.bl'),
(185, 'SH', 'Saint Helena', 'Saint Helena, Ascension and Tristan da Cunha', 'SHN', '654', 'no', '290', '.sh'),
(186, 'KN', 'Saint Kitts and Nevis', 'Federation of Saint Christopher and Nevis', 'KNA', '659', 'yes', '1+869', '.kn'),
(187, 'LC', 'Saint Lucia', 'Saint Lucia', 'LCA', '662', 'yes', '1+758', '.lc'),
(188, 'MF', 'Saint Martin', 'Saint Martin', 'MAF', '663', 'no', '590', '.mf'),
(189, 'PM', 'Saint Pierre and Miquelon', 'Saint Pierre and Miquelon', 'SPM', '666', 'no', '508', '.pm'),
(190, 'VC', 'Saint Vincent and the Grenadines', 'Saint Vincent and the Grenadines', 'VCT', '670', 'yes', '1+784', '.vc'),
(191, 'WS', 'Samoa', 'Independent State of Samoa', 'WSM', '882', 'yes', '685', '.ws'),
(192, 'SM', 'San Marino', 'Republic of San Marino', 'SMR', '674', 'yes', '378', '.sm'),
(193, 'ST', 'Sao Tome and Principe', 'Democratic Republic of S&atilde;o Tom&eacute; and Pr&iacute;ncipe', 'STP', '678', 'yes', '239', '.st'),
(194, 'SA', 'Saudi Arabia', 'Kingdom of Saudi Arabia', 'SAU', '682', 'yes', '966', '.sa'),
(195, 'SN', 'Senegal', 'Republic of Senegal', 'SEN', '686', 'yes', '221', '.sn'),
(196, 'RS', 'Serbia', 'Republic of Serbia', 'SRB', '688', 'yes', '381', '.rs'),
(197, 'SC', 'Seychelles', 'Republic of Seychelles', 'SYC', '690', 'yes', '248', '.sc'),
(198, 'SL', 'Sierra Leone', 'Republic of Sierra Leone', 'SLE', '694', 'yes', '232', '.sl'),
(199, 'SG', 'Singapore', 'Republic of Singapore', 'SGP', '702', 'yes', '65', '.sg'),
(200, 'SX', 'Sint Maarten', 'Sint Maarten', 'SXM', '534', 'no', '1+721', '.sx'),
(201, 'SK', 'Slovakia', 'Slovak Republic', 'SVK', '703', 'yes', '421', '.sk'),
(202, 'SI', 'Slovenia', 'Republic of Slovenia', 'SVN', '705', 'yes', '386', '.si'),
(203, 'SB', 'Solomon Islands', 'Solomon Islands', 'SLB', '090', 'yes', '677', '.sb'),
(204, 'SO', 'Somalia', 'Somali Republic', 'SOM', '706', 'yes', '252', '.so'),
(205, 'ZA', 'South Africa', 'Republic of South Africa', 'ZAF', '710', 'yes', '27', '.za'),
(206, 'GS', 'South Georgia and the South Sandwich Islands', 'South Georgia and the South Sandwich Islands', 'SGS', '239', 'no', '500', '.gs'),
(207, 'KR', 'South Korea', 'Republic of Korea', 'KOR', '410', 'yes', '82', '.kr'),
(208, 'SS', 'South Sudan', 'Republic of South Sudan', 'SSD', '728', 'yes', '211', '.ss'),
(209, 'ES', 'Spain', 'Kingdom of Spain', 'ESP', '724', 'yes', '34', '.es'),
(210, 'LK', 'Sri Lanka', 'Democratic Socialist Republic of Sri Lanka', 'LKA', '144', 'yes', '94', '.lk'),
(211, 'SD', 'Sudan', 'Republic of the Sudan', 'SDN', '729', 'yes', '249', '.sd'),
(212, 'SR', 'Suriname', 'Republic of Suriname', 'SUR', '740', 'yes', '597', '.sr'),
(213, 'SJ', 'Svalbard and Jan Mayen', 'Svalbard and Jan Mayen', 'SJM', '744', 'no', '47', '.sj'),
(214, 'SZ', 'Swaziland', 'Kingdom of Swaziland', 'SWZ', '748', 'yes', '268', '.sz'),
(215, 'SE', 'Sweden', 'Kingdom of Sweden', 'SWE', '752', 'yes', '46', '.se'),
(216, 'CH', 'Switzerland', 'Swiss Confederation', 'CHE', '756', 'yes', '41', '.ch'),
(217, 'SY', 'Syria', 'Syrian Arab Republic', 'SYR', '760', 'yes', '963', '.sy'),
(218, 'TW', 'Taiwan', 'Republic of China (Taiwan)', 'TWN', '158', 'former', '886', '.tw'),
(219, 'TJ', 'Tajikistan', 'Republic of Tajikistan', 'TJK', '762', 'yes', '992', '.tj'),
(220, 'TZ', 'Tanzania', 'United Republic of Tanzania', 'TZA', '834', 'yes', '255', '.tz'),
(221, 'TH', 'Thailand', 'Kingdom of Thailand', 'THA', '764', 'yes', '66', '.th'),
(222, 'TL', 'Timor-Leste (East Timor)', 'Democratic Republic of Timor-Leste', 'TLS', '626', 'yes', '670', '.tl'),
(223, 'TG', 'Togo', 'Togolese Republic', 'TGO', '768', 'yes', '228', '.tg'),
(224, 'TK', 'Tokelau', 'Tokelau', 'TKL', '772', 'no', '690', '.tk'),
(225, 'TO', 'Tonga', 'Kingdom of Tonga', 'TON', '776', 'yes', '676', '.to'),
(226, 'TT', 'Trinidad and Tobago', 'Republic of Trinidad and Tobago', 'TTO', '780', 'yes', '1+868', '.tt'),
(227, 'TN', 'Tunisia', 'Republic of Tunisia', 'TUN', '788', 'yes', '216', '.tn'),
(228, 'TR', 'Turkey', 'Republic of Turkey', 'TUR', '792', 'yes', '90', '.tr'),
(229, 'TM', 'Turkmenistan', 'Turkmenistan', 'TKM', '795', 'yes', '993', '.tm'),
(230, 'TC', 'Turks and Caicos Islands', 'Turks and Caicos Islands', 'TCA', '796', 'no', '1+649', '.tc'),
(231, 'TV', 'Tuvalu', 'Tuvalu', 'TUV', '798', 'yes', '688', '.tv'),
(232, 'UG', 'Uganda', 'Republic of Uganda', 'UGA', '800', 'yes', '256', '.ug'),
(233, 'UA', 'Ukraine', 'Ukraine', 'UKR', '804', 'yes', '380', '.ua'),
(234, 'AE', 'United Arab Emirates', 'United Arab Emirates', 'ARE', '784', 'yes', '971', '.ae'),
(235, 'GB', 'United Kingdom', 'United Kingdom of Great Britain and Nothern Ireland', 'GBR', '826', 'yes', '44', '.uk'),
(236, 'US', 'United States', 'United States of America', 'USA', '840', 'yes', '1', '.us'),
(237, 'UM', 'United States Minor Outlying Islands', 'United States Minor Outlying Islands', 'UMI', '581', 'no', 'NONE', 'NONE'),
(238, 'UY', 'Uruguay', 'Eastern Republic of Uruguay', 'URY', '858', 'yes', '598', '.uy'),
(239, 'UZ', 'Uzbekistan', 'Republic of Uzbekistan', 'UZB', '860', 'yes', '998', '.uz'),
(240, 'VU', 'Vanuatu', 'Republic of Vanuatu', 'VUT', '548', 'yes', '678', '.vu'),
(241, 'VA', 'Vatican City', 'State of the Vatican City', 'VAT', '336', 'no', '39', '.va'),
(242, 'VE', 'Venezuela', 'Bolivarian Republic of Venezuela', 'VEN', '862', 'yes', '58', '.ve'),
(243, 'VN', 'Vietnam', 'Socialist Republic of Vietnam', 'VNM', '704', 'yes', '84', '.vn'),
(244, 'VG', 'Virgin Islands, British', 'British Virgin Islands', 'VGB', '092', 'no', '1+284', '.vg'),
(245, 'VI', 'Virgin Islands, US', 'Virgin Islands of the United States', 'VIR', '850', 'no', '1+340', '.vi'),
(246, 'WF', 'Wallis and Futuna', 'Wallis and Futuna', 'WLF', '876', 'no', '681', '.wf'),
(247, 'EH', 'Western Sahara', 'Western Sahara', 'ESH', '732', 'no', '212', '.eh'),
(248, 'YE', 'Yemen', 'Republic of Yemen', 'YEM', '887', 'yes', '967', '.ye'),
(249, 'ZM', 'Zambia', 'Republic of Zambia', 'ZMB', '894', 'yes', '260', '.zm'),
(250, 'ZW', 'Zimbabwe', 'Republic of Zimbabwe', 'ZWE', '716', 'yes', '263', '.zw');

-- --------------------------------------------------------

--
-- Cấu trúc bảng cho bảng `tblcurrencies`
--

CREATE TABLE `tblcurrencies` (
  `id` int(11) NOT NULL,
  `symbol` varchar(10) NOT NULL,
  `name` varchar(100) NOT NULL,
  `isdefault` tinyint(1) NOT NULL DEFAULT '0'
) ENGINE=MyISAM DEFAULT CHARSET=utf8;

--
-- Đang đổ dữ liệu cho bảng `tblcurrencies`
--

INSERT INTO `tblcurrencies` (`id`, `symbol`, `name`, `isdefault`) VALUES
(1, '$', 'USD', 1),
(2, '€', 'EUR', 0),
(3, 'VNĐ', 'VNĐ', 0);

-- --------------------------------------------------------

--
-- Cấu trúc bảng cho bảng `tblcustomeradmins`
--

CREATE TABLE `tblcustomeradmins` (
  `staff_id` int(11) NOT NULL,
  `customer_id` int(11) NOT NULL,
  `date_assigned` text NOT NULL
) ENGINE=MyISAM DEFAULT CHARSET=utf8;

--
-- Đang đổ dữ liệu cho bảng `tblcustomeradmins`
--

INSERT INTO `tblcustomeradmins` (`staff_id`, `customer_id`, `date_assigned`) VALUES
(2, 1, '2017-06-07 16:34:14'),
(3, 1, '2017-06-07 16:34:14');

-- --------------------------------------------------------

--
-- Cấu trúc bảng cho bảng `tblcustomerfiles_shares`
--

CREATE TABLE `tblcustomerfiles_shares` (
  `file_id` int(11) NOT NULL,
  `contact_id` int(11) NOT NULL
) ENGINE=MyISAM DEFAULT CHARSET=utf8;

--
-- Đang đổ dữ liệu cho bảng `tblcustomerfiles_shares`
--

INSERT INTO `tblcustomerfiles_shares` (`file_id`, `contact_id`) VALUES
(0, 2);

-- --------------------------------------------------------

--
-- Cấu trúc bảng cho bảng `tblcustomergroups_in`
--

CREATE TABLE `tblcustomergroups_in` (
  `id` int(11) NOT NULL,
  `groupid` int(11) NOT NULL,
  `customer_id` int(11) NOT NULL
) ENGINE=MyISAM DEFAULT CHARSET=utf8;

--
-- Đang đổ dữ liệu cho bảng `tblcustomergroups_in`
--

INSERT INTO `tblcustomergroups_in` (`id`, `groupid`, `customer_id`) VALUES
(1, 1, 3),
(2, 1, 6);

-- --------------------------------------------------------

--
-- Cấu trúc bảng cho bảng `tblcustomersgroups`
--

CREATE TABLE `tblcustomersgroups` (
  `id` int(11) NOT NULL,
  `name` varchar(600) NOT NULL
) ENGINE=MyISAM DEFAULT CHARSET=utf8;

--
-- Đang đổ dữ liệu cho bảng `tblcustomersgroups`
--

INSERT INTO `tblcustomersgroups` (`id`, `name`) VALUES
(1, 'Khách hàng'),
(2, 'Khách hàng tiềm năng');

-- --------------------------------------------------------

--
-- Cấu trúc bảng cho bảng `tblcustomfields`
--

CREATE TABLE `tblcustomfields` (
  `id` int(11) NOT NULL,
  `fieldto` varchar(50) NOT NULL,
  `name` varchar(150) NOT NULL,
  `slug` varchar(150) NOT NULL,
  `required` tinyint(1) NOT NULL DEFAULT '0',
  `type` varchar(20) NOT NULL,
  `options` mediumtext,
  `field_order` int(11) DEFAULT '0',
  `active` int(11) NOT NULL DEFAULT '1',
  `show_on_pdf` int(11) NOT NULL DEFAULT '0',
  `only_admin` tinyint(1) NOT NULL DEFAULT '0',
  `show_on_table` tinyint(1) NOT NULL DEFAULT '0',
  `show_on_client_portal` int(11) NOT NULL DEFAULT '0',
  `disalow_client_to_edit` int(11) NOT NULL DEFAULT '0',
  `bs_column` int(11) NOT NULL DEFAULT '12'
) ENGINE=MyISAM DEFAULT CHARSET=utf8;

-- --------------------------------------------------------

--
-- Cấu trúc bảng cho bảng `tblcustomfieldsvalues`
--

CREATE TABLE `tblcustomfieldsvalues` (
  `id` int(11) NOT NULL,
  `relid` int(11) NOT NULL,
  `fieldid` int(11) NOT NULL,
  `fieldto` varchar(50) NOT NULL,
  `value` text NOT NULL
) ENGINE=MyISAM DEFAULT CHARSET=utf8;

-- --------------------------------------------------------

--
-- Cấu trúc bảng cho bảng `tbldepartment`
--

CREATE TABLE `tbldepartment` (
  `id` int(11) NOT NULL,
  `name` varchar(500) CHARACTER SET utf8 COLLATE utf8_unicode_ci DEFAULT NULL,
  `id_role` int(11) DEFAULT NULL
) ENGINE=InnoDB DEFAULT CHARSET=latin1;

--
-- Đang đổ dữ liệu cho bảng `tbldepartment`
--

INSERT INTO `tbldepartment` (`id`, `name`, `id_role`) VALUES
(1, 'SEO', 1),
(2, 'Kinh doanh', 2);

-- --------------------------------------------------------

--
-- Cấu trúc bảng cho bảng `tbldepartments`
--

CREATE TABLE `tbldepartments` (
  `departmentid` int(11) NOT NULL,
  `name` varchar(100) NOT NULL,
  `imap_username` varchar(50) DEFAULT NULL,
  `email` varchar(100) DEFAULT NULL,
  `host` varchar(150) DEFAULT NULL,
  `password` mediumtext,
  `encryption` varchar(3) DEFAULT NULL,
  `delete_after_import` int(11) NOT NULL DEFAULT '0',
  `calendar_id` mediumtext,
  `hidefromclient` tinyint(1) NOT NULL DEFAULT '0'
) ENGINE=MyISAM DEFAULT CHARSET=utf8;

-- --------------------------------------------------------

--
-- Cấu trúc bảng cho bảng `tbldismissedannouncements`
--

CREATE TABLE `tbldismissedannouncements` (
  `dismissedannouncementid` int(11) NOT NULL,
  `announcementid` int(11) NOT NULL,
  `staff` int(11) NOT NULL,
  `userid` int(11) NOT NULL
) ENGINE=MyISAM DEFAULT CHARSET=utf8;

-- --------------------------------------------------------

--
-- Cấu trúc bảng cho bảng `tblemaillists`
--

CREATE TABLE `tblemaillists` (
  `listid` int(11) NOT NULL,
  `name` mediumtext NOT NULL,
  `creator` varchar(100) NOT NULL,
  `datecreated` datetime NOT NULL
) ENGINE=MyISAM DEFAULT CHARSET=utf8;

-- --------------------------------------------------------

--
-- Cấu trúc bảng cho bảng `tblemailtemplates`
--

CREATE TABLE `tblemailtemplates` (
  `emailtemplateid` int(11) NOT NULL,
  `type` mediumtext NOT NULL,
  `slug` varchar(100) NOT NULL,
  `language` varchar(40) DEFAULT NULL,
  `name` mediumtext NOT NULL,
  `subject` mediumtext NOT NULL,
  `message` text NOT NULL,
  `fromname` mediumtext NOT NULL,
  `fromemail` varchar(100) DEFAULT NULL,
  `plaintext` int(11) NOT NULL DEFAULT '0',
  `active` tinyint(4) NOT NULL DEFAULT '0',
  `order` int(11) NOT NULL
) ENGINE=MyISAM DEFAULT CHARSET=utf8;

--
-- Đang đổ dữ liệu cho bảng `tblemailtemplates`
--

INSERT INTO `tblemailtemplates` (`emailtemplateid`, `type`, `slug`, `language`, `name`, `subject`, `message`, `fromname`, `fromemail`, `plaintext`, `active`, `order`) VALUES
(1, 'client', 'new-client-created', 'english', 'New Contact Added/Registered (Welcome Email)', 'Welcome aboard', '<div><span style=\"font-family: arial, helvetica, sans-serif; font-size: 12pt;\">Dear {contact_firstname}&nbsp;{contact_lastname}</span></div>\r\n<div><span style=\"font-family: arial, helvetica, sans-serif; font-size: 12pt;\"><br /></span><span style=\"font-family: arial, helvetica, sans-serif; font-size: 12pt;\">Thank you for registering on the {companyname} CRM System.</span></div>\r\n<div><span style=\"font-family: arial, helvetica, sans-serif; font-size: 12pt;\">&nbsp;</span></div>\r\n<div><span style=\"font-family: arial, helvetica, sans-serif; font-size: 12pt;\">We just wanted to say welcome.</span></div>\r\n<div><span style=\"font-family: arial, helvetica, sans-serif; font-size: 12pt;\">&nbsp;</span></div>\r\n<div><span style=\"font-family: arial, helvetica, sans-serif; font-size: 12pt;\">Please contact us if you need any help.</span></div>\r\n<div><span style=\"font-family: arial, helvetica, sans-serif; font-size: 12pt;\">&nbsp;</span></div>\r\n<div><span style=\"font-family: arial, helvetica, sans-serif; font-size: 12pt;\">Click here to view your profile: <a href=\"{crm_url}\">{crm_url}</a></span></div>\r\n<div><span style=\"font-family: arial, helvetica, sans-serif; font-size: 12pt;\">&nbsp;</span></div>\r\n<div><span style=\"font-family: arial, helvetica, sans-serif; font-size: 12pt;\">Kind regards,</span></div>\r\n<div><span style=\"font-family: arial, helvetica, sans-serif; font-size: 12pt;\">&nbsp;</span></div>\r\n<div><span style=\"font-family: arial, helvetica, sans-serif; font-size: 12pt;\">{email_signature}</span></div>\r\n<div><span style=\"font-family: arial, helvetica, sans-serif; font-size: 12pt;\">&nbsp;</span></div>\r\n<div><span style=\"font-family: arial, helvetica, sans-serif; font-size: 12pt;\">(This is an automated email, so please don\'t reply to this email address)</span></div>\r\n<div><span style=\"font-family: arial, helvetica, sans-serif; font-size: 12pt;\">&nbsp;</span></div>', '{companyname} | CRM', '', 0, 1, 0),
(2, 'invoice', 'invoice-send-to-client', 'english', 'Send Invoice to Customer', 'Invoice with number {invoice_number} created', '<div><span style=\"font-family: arial, helvetica, sans-serif; font-size: 12pt;\">Dear {contact_firstname}&nbsp;{contact_lastname}</span></div>\r\n<div><span style=\"font-family: arial, helvetica, sans-serif; font-size: 12pt;\">&nbsp;</span></div>\r\n<div><span style=\"font-family: arial, helvetica, sans-serif; font-size: 12pt;\">We have prepared the following invoice for you: #&nbsp;{invoice_number}</span></div>\r\n<div><span style=\"font-family: arial, helvetica, sans-serif; font-size: 12pt;\">&nbsp;</span></div>\r\n<div><span style=\"font-family: arial, helvetica, sans-serif; font-size: 12pt;\">Invoice status:&nbsp;<strong style=\"font-family: Helvetica, Arial, sans-serif;\">{invoice_status}</strong></span></div>\r\n<div><span style=\"font-family: arial, helvetica, sans-serif; font-size: 12pt;\">&nbsp;</span>&nbsp;</div>\r\n<div>\r\n<div><span style=\"font-family: arial, helvetica, sans-serif; font-size: 12pt;\">You can view the invoice on the following link: <a href=\"{invoice_link}\">{invoice_number}</a></span></div>\r\n</div>\r\n<div><span style=\"font-family: arial, helvetica, sans-serif; font-size: 12pt;\">&nbsp;</span></div>\r\n<div><span style=\"font-family: arial, helvetica, sans-serif; font-size: 12pt;\">Please contact us for more information.</span></div>\r\n<div><span style=\"font-family: arial, helvetica, sans-serif; font-size: 12pt;\">&nbsp;</span></div>\r\n<div><span style=\"font-family: arial, helvetica, sans-serif; font-size: 12pt;\">Kind regards,</span></div>\r\n<div><span style=\"font-family: arial, helvetica, sans-serif; font-size: 12pt;\">&nbsp;</span></div>\r\n<div><span style=\"font-family: arial, helvetica, sans-serif; font-size: 12pt;\">{email_signature}</span></div>', '{companyname} | CRM', '', 0, 1, 0),
(3, 'ticket', 'new-ticket-opened-admin', 'english', 'New Ticket Opened (Opened by Staff, Sent to Customer)', 'New Support Ticket Opened', '<div><span style=\"color: #000000; font-family: arial, helvetica, sans-serif; font-size: 12pt;\">Hi&nbsp;{contact_firstname} {contact_lastname}</span></div>\r\n<div><span style=\"color: #000000; font-family: arial, helvetica, sans-serif; font-size: 12pt;\">&nbsp;</span></div>\r\n<div><span style=\"color: #000000; font-family: arial, helvetica, sans-serif; font-size: 12pt;\">New support ticket has been opened.</span></div>\r\n<div><span style=\"color: #000000; font-family: arial, helvetica, sans-serif; font-size: 12pt;\">&nbsp;</span></div>\r\n<div><span style=\"color: #000000; font-family: arial, helvetica, sans-serif; font-size: 12pt;\">Subject: <span style=\"background-color: inherit;\">{ticket_subject}</span></span></div>\r\n<div><span style=\"font-family: arial, helvetica, sans-serif; color: #000000; font-size: 12pt; background-color: inherit;\">Department: {ticket_department}</span></div>\r\n<div><span style=\"color: #000000; font-family: arial, helvetica, sans-serif; font-size: 12pt;\">Priority: <span style=\"background-color: inherit;\">{ticket_priority}</span></span></div>\r\n<div><span style=\"color: #000000; font-family: arial, helvetica, sans-serif; font-size: 12pt;\">&nbsp;</span></div>\r\n<div><span style=\"color: #000000; font-family: arial, helvetica, sans-serif; font-size: 12pt; background-color: inherit;\">Ticket message:</span></div>\r\n<div><span style=\"font-family: arial, helvetica, sans-serif; color: #000000; font-size: 12pt; background-color: inherit;\">{ticket_message}<br /><br />You can view the ticket on the following link:&nbsp;<a href=\"{ticket_url}\">#{ticket_id}</a><br /></span></div>\r\n<div>&nbsp;</div>\r\n<div><span style=\"color: #000000; font-family: arial, helvetica, sans-serif; font-size: 12pt;\">{email_signature}</span></div>', '{companyname} | CRM', '', 0, 1, 0),
(4, 'ticket', 'ticket-reply', 'english', 'Ticket Reply (Sent to Customer)', 'New Ticket Reply', '<div><span style=\"font-family: arial, helvetica, sans-serif; font-size: 12pt;\">Hi&nbsp;<span style=\"background-color: inherit;\">{contact_firstname} </span>{contact_lastname}</span></div>\r\n<div><span style=\"font-family: arial, helvetica, sans-serif; font-size: 12pt;\">&nbsp;</span></div>\r\n<div><span style=\"font-family: arial, helvetica, sans-serif; font-size: 12pt;\">You have a new ticket reply to ticket #{ticket_id}</span></div>\r\n<div><span style=\"font-family: arial, helvetica, sans-serif; font-size: 12pt;\">&nbsp;</span></div>\r\n<div><span style=\"font-family: arial, helvetica, sans-serif; font-size: 12pt;\">Subject: <span style=\"background-color: inherit;\">{ticket_subject}</span></span></div>\r\n<div><span style=\"font-family: arial, helvetica, sans-serif; font-size: 12pt; background-color: inherit;\">Department: {ticket_department}</span></div>\r\n<div><span style=\"font-family: arial, helvetica, sans-serif; font-size: 12pt;\">Priority: <span style=\"background-color: inherit;\">{ticket_priority}</span></span></div>\r\n<div><span style=\"font-family: arial, helvetica, sans-serif; font-size: 12pt;\">&nbsp;</span></div>\r\n<div><span style=\"font-family: arial, helvetica, sans-serif; font-size: 12pt; background-color: inherit;\">Ticket message:</span></div>\r\n<div><span style=\"font-family: arial, helvetica, sans-serif; font-size: 12pt; background-color: inherit;\">{ticket_message}<br /><br />You can view the ticket on the following link:&nbsp;<a href=\"{ticket_url}\">#{ticket_id}</a><br /></span></div>\r\n<div><span style=\"font-family: arial, helvetica, sans-serif; font-size: 12pt;\">&nbsp;</span></div>\r\n<div><span style=\"font-family: arial, helvetica, sans-serif; font-size: 12pt;\">Kind regards,</span></div>\r\n<div><span style=\"font-family: arial, helvetica, sans-serif; font-size: 12pt;\">{email_signature}</span></div>\r\n<div><span style=\"font-family: arial, helvetica, sans-serif; font-size: 12pt;\">&nbsp;</span></div>', '{companyname} | CRM', '', 0, 1, 0),
(5, 'ticket', 'ticket-autoresponse', 'english', 'New Ticket Opened - Autoresponse', 'New Support Ticket Opened', '<div><span style=\"font-family: arial, helvetica, sans-serif; font-size: 12pt;\">Hi&nbsp;{contact_firstname} {contact_lastname}</span></div>\r\n<div><span style=\"font-family: arial, helvetica, sans-serif; font-size: 12pt;\">&nbsp;</span></div>\r\n<div><span style=\"font-family: arial, helvetica, sans-serif; font-size: 12pt;\">Thank you for contacting our support team. A support ticket has now been opened for your request. You will be notified when a response is made by email.</span></div>\r\n<div><span style=\"font-family: arial, helvetica, sans-serif; font-size: 12pt;\">&nbsp;</span></div>\r\n<div><span style=\"font-family: arial, helvetica, sans-serif; font-size: 12pt;\">Subject: {ticket_subject}</span></div>\r\n<div><span style=\"font-family: arial, helvetica, sans-serif; font-size: 12pt;\">Department: {ticket_department}</span></div>\r\n<div><span style=\"font-family: arial, helvetica, sans-serif; font-size: 12pt;\">Priority: {ticket_priority}</span></div>\r\n<div><span style=\"font-family: arial, helvetica, sans-serif; font-size: 12pt;\">&nbsp;</span></div>\r\n<div><span style=\"font-family: arial, helvetica, sans-serif; font-size: 12pt; background-color: inherit;\">Ticket message:</span></div>\r\n<div><span style=\"font-family: arial, helvetica, sans-serif; font-size: 12pt; background-color: inherit;\">{ticket_message}</span></div>\r\n<div><span style=\"font-family: arial, helvetica, sans-serif; font-size: 12pt;\">&nbsp;</span></div>\r\n<div><span style=\"font-family: arial, helvetica, sans-serif; font-size: 12pt;\">Kind regards,</span></div>\r\n<div><span style=\"font-family: arial, helvetica, sans-serif; font-size: 12pt;\">{email_signature}</span></div>\r\n<div><span style=\"font-family: arial, helvetica, sans-serif; font-size: 12pt;\">&nbsp;</span></div>', '{companyname} | CRM', '', 0, 1, 0),
(6, 'invoice', 'invoice-payment-recorded', 'english', 'Invoice Payment Recorded (Sent to Customer)', 'Invoice Payment Recorded', '<div><span style=\"font-family: arial, helvetica, sans-serif; font-size: 12pt;\">Payment recorded for invoice&nbsp;# {invoice_number}</span></div>\r\n<div><span style=\"font-family: arial, helvetica, sans-serif; font-size: 12pt;\">&nbsp;</span></div>\r\n<div><span style=\"font-family: arial, helvetica, sans-serif; font-size: 12pt;\">Kind regards,</span></div>\r\n<div><span style=\"font-family: arial, helvetica, sans-serif; font-size: 12pt;\">&nbsp;</span></div>\r\n<div><span style=\"font-family: arial, helvetica, sans-serif; font-size: 12pt;\">{email_signature}</span></div>', '{companyname} | CRM', '', 0, 1, 0),
(7, 'invoice', 'invoice-overdue-notice', 'english', 'Invoice Overdue Notice', 'Invoice Overdue Notice - {invoice_number}', '<div><span style=\"font-family: arial, helvetica, sans-serif; font-size: 12pt;\">Hi {contact_firstname} {contact_lastname}</span></div>\r\n<div><span style=\"font-family: arial, helvetica, sans-serif; font-size: 12pt;\">&nbsp;</span></div>\r\n<div><span style=\"font-family: arial, helvetica, sans-serif; font-size: 12pt;\">This is an overdue notice for invoice # {invoice_number}</span></div>\r\n<div><span style=\"font-family: arial, helvetica, sans-serif; font-size: 12pt;\">&nbsp;</span></div>\r\n<div><span style=\"font-family: arial, helvetica, sans-serif; font-size: 12pt;\">This invoice was due: {invoice_duedate}</span></div>\r\n<div><span style=\"font-family: arial, helvetica, sans-serif; font-size: 12pt;\">&nbsp;</span>&nbsp;</div>\r\n<div>\r\n<div><span style=\"font-family: arial, helvetica, sans-serif; font-size: 12pt;\">You can view the invoice on the following link: <a href=\"{invoice_link}\">{invoice_number}</a></span></div>\r\n</div>\r\n<div><span style=\"font-family: arial, helvetica, sans-serif; font-size: 12pt;\">&nbsp;</span></div>\r\n<div><span style=\"font-family: arial, helvetica, sans-serif; font-size: 12pt;\">Kind regards,</span></div>\r\n<div><span style=\"font-family: arial, helvetica, sans-serif; font-size: 12pt;\">&nbsp;</span></div>\r\n<div><span style=\"font-family: arial, helvetica, sans-serif; font-size: 12pt;\">{email_signature}</span></div>\r\n<div><span style=\"font-family: arial, helvetica, sans-serif; font-size: 12pt;\">&nbsp;</span></div>\r\n<div><span style=\"font-family: arial, helvetica, sans-serif; font-size: 12pt;\">&nbsp;</span></div>', '{companyname} | CRM', '', 0, 1, 0),
(8, 'invoice', 'invoice-already-send', 'english', 'Invoice Already Sent to Customer', 'On your command here is the invoice', '<div><span style=\"font-family: arial, helvetica, sans-serif; font-size: 12pt;\">Hi <span style=\"background-color: inherit;\">{contact_firstname} {contact_lastname}</span></span></div>\r\n<div><span style=\"font-family: arial, helvetica, sans-serif; font-size: 12pt;\">&nbsp;</span></div>\r\n<div><span style=\"font-family: arial, helvetica, sans-serif; font-size: 12pt;\">At your request, here is the invoice with number #{invoice_number}</span></div>\r\n<div>\r\n<div>&nbsp;</div>\r\n<div><span style=\"font-family: arial, helvetica, sans-serif; font-size: 12pt;\">You can view the invoice on the following link: <a href=\"{invoice_link}\">{invoice_number}</a></span></div>\r\n</div>\r\n<div><span style=\"font-family: arial, helvetica, sans-serif; font-size: 12pt;\">&nbsp;</span></div>\r\n<div><span style=\"font-family: arial, helvetica, sans-serif; font-size: 12pt;\">Please contact us for more information.</span></div>\r\n<div><span style=\"font-family: arial, helvetica, sans-serif; font-size: 12pt;\">&nbsp;</span></div>\r\n<div><span style=\"font-family: arial, helvetica, sans-serif; font-size: 12pt;\">Kind regards,</span></div>\r\n<div><span style=\"font-family: arial, helvetica, sans-serif; font-size: 12pt;\">&nbsp;</span></div>\r\n<div><span style=\"font-family: arial, helvetica, sans-serif; font-size: 12pt;\">{email_signature}</span></div>\r\n<div><span style=\"font-family: arial, helvetica, sans-serif; font-size: 12pt;\">&nbsp;</span></div>\r\n<div><span style=\"font-family: arial, helvetica, sans-serif; font-size: 12pt;\">&nbsp;</span></div>\r\n<div><span style=\"font-family: arial, helvetica, sans-serif; font-size: 12pt;\">&nbsp;</span></div>', '{companyname} | CRM', '', 0, 1, 0),
(9, 'ticket', 'new-ticket-created-staff', 'english', 'New Ticket Created (Opened by Customer, Sent to Staff Members)', 'New Ticket Created', '<div><span style=\"font-family: arial, helvetica, sans-serif; font-size: 12pt;\">A new support ticket has been opened.</span></div>\r\n<div><span style=\"font-family: arial, helvetica, sans-serif; font-size: 12pt;\">&nbsp;</span></div>\r\n<div><span style=\"font-family: arial, helvetica, sans-serif; font-size: 12pt;\">Subject: <span style=\"background-color: inherit;\">{ticket_subject}</span></span></div>\r\n<div><span style=\"font-family: arial, helvetica, sans-serif; font-size: 12pt; background-color: inherit;\">Department: {ticket_department}</span></div>\r\n<div><span style=\"font-family: arial, helvetica, sans-serif; font-size: 12pt;\">Priority: <span style=\"background-color: inherit;\">{ticket_priority}</span></span></div>\r\n<div><span style=\"font-family: arial, helvetica, sans-serif; font-size: 12pt;\">&nbsp;</span></div>\r\n<div><span style=\"font-family: arial, helvetica, sans-serif; font-size: 12pt; background-color: inherit;\">Ticket message:</span></div>\r\n<div><span style=\"font-family: arial, helvetica, sans-serif; font-size: 12pt; background-color: inherit;\">{ticket_message}<br /><br />You can view the ticket on the following link:&nbsp;<a href=\"{ticket_url}\">#{ticket_id}</a></span></div>\r\n<div><span style=\"font-family: arial, helvetica, sans-serif; font-size: 12pt;\">&nbsp;</span></div>\r\n<div><span style=\"font-family: arial, helvetica, sans-serif; font-size: 12pt;\">Kind regards,</span></div>\r\n<div><span style=\"font-family: arial, helvetica, sans-serif; font-size: 12pt;\">{email_signature}</span></div>', '{companyname} | CRM', '', 0, 1, 0),
(10, 'estimate', 'estimate-send-to-client', 'english', 'Send Estimate to Customer', 'Estimate # {estimate_number} created', '<div><span style=\"font-family: arial, helvetica, sans-serif; font-size: 12pt;\">Dear {contact_firstname}&nbsp;{contact_lastname}</span></div>\r\n<div><span style=\"font-family: arial, helvetica, sans-serif; font-size: 12pt;\">&nbsp;</span></div>\r\n<div><span style=\"font-family: arial, helvetica, sans-serif; font-size: 12pt;\">Please find the attached estimate # {estimate_number}</span></div>\r\n<div><span style=\"font-family: arial, helvetica, sans-serif; font-size: 12pt;\">&nbsp;</span></div>\r\n<div><span style=\"font-family: arial, helvetica, sans-serif; font-size: 12pt;\">Estimate status:&nbsp;<strong>{estimate_status}<br /><br /></strong>You can view the estimate on the following link:&nbsp;<a href=\"{estimate_link}\">{estimate_number}</a><br /></span></div>\r\n<div><span style=\"font-family: arial, helvetica, sans-serif; font-size: 12pt;\">&nbsp;</span></div>\r\n<div><span style=\"font-family: arial, helvetica, sans-serif; font-size: 12pt;\">We look forward to your communication.</span></div>\r\n<div><span style=\"font-family: arial, helvetica, sans-serif; font-size: 12pt;\">&nbsp;</span></div>\r\n<div><span style=\"font-family: arial, helvetica, sans-serif; font-size: 12pt;\">Kind regards,</span></div>\r\n<div><span style=\"font-family: arial, helvetica, sans-serif; font-size: 12pt;\">&nbsp;</span></div>\r\n<div><span style=\"font-family: arial, helvetica, sans-serif; font-size: 12pt;\">{email_signature}</span></div>\r\n<div><span style=\"font-family: arial, helvetica, sans-serif; font-size: 12pt;\">&nbsp;</span></div>', '{companyname} | CRM', '', 0, 1, 0),
(11, 'ticket', 'ticket-reply-to-admin', 'english', 'Ticket Reply (Sent to Staff)', 'New Support Ticket Reply', '<div><span style=\"font-family: arial, helvetica, sans-serif; font-size: 12pt;\">A new support ticket reply from {contact_firstname} {contact_lastname}</span></div>\r\n<div><span style=\"font-family: arial, helvetica, sans-serif; font-size: 12pt;\">&nbsp;</span></div>\r\n<div><span style=\"font-family: arial, helvetica, sans-serif; font-size: 12pt;\">Subject: <span style=\"background-color: inherit;\">{ticket_subject}</span></span></div>\r\n<div><span style=\"font-family: arial, helvetica, sans-serif; font-size: 12pt; background-color: inherit;\">Department: {ticket_department}</span></div>\r\n<div><span style=\"font-family: arial, helvetica, sans-serif; font-size: 12pt;\">Priority: <span style=\"background-color: inherit;\">{ticket_priority}</span></span></div>\r\n<div><span style=\"font-family: arial, helvetica, sans-serif; font-size: 12pt;\">&nbsp;</span></div>\r\n<div><span style=\"font-family: arial, helvetica, sans-serif; font-size: 12pt;\">Ticket message:</span></div>\r\n<div><span style=\"font-family: arial, helvetica, sans-serif; font-size: 12pt; background-color: inherit;\">{ticket_message}</span></div>\r\n<div><span style=\"font-family: arial, helvetica, sans-serif; font-size: 12pt;\">&nbsp;</span></div>\r\n<div><span style=\"font-size: 12pt;\">You can view the ticket on the following link: <a href=\"{ticket_url}\">#{ticket_id}</a></span></div>\r\n<div><span style=\"font-family: arial, helvetica, sans-serif; font-size: 12pt;\">&nbsp;</span></div>\r\n<div><span style=\"font-family: arial, helvetica, sans-serif; font-size: 12pt;\">Kind regards,</span></div>\r\n<div><span style=\"font-family: arial, helvetica, sans-serif; font-size: 12pt;\">{email_signature}</span></div>\r\n<div><span style=\"font-family: arial, helvetica, sans-serif; font-size: 12pt;\">&nbsp;</span></div>\r\n<div><span style=\"font-family: arial, helvetica, sans-serif; font-size: 12pt;\">&nbsp;</span></div>', '{companyname} | CRM', '', 0, 1, 0),
(12, 'estimate', 'estimate-already-send', 'english', 'Estimate Already Sent to Customer', 'Estimate # {estimate_number} ', '<div><span style=\"font-family: arial, helvetica, sans-serif; font-size: 12pt;\">Dear {contact_firstname}&nbsp;{contact_lastname}</span></div>\r\n<div><span style=\"font-family: arial, helvetica, sans-serif; font-size: 12pt;\">&nbsp;</span></div>\r\n<div><span style=\"font-family: arial, helvetica, sans-serif; font-size: 12pt;\">Thank you for your estimate request.</span></div>\r\n<div><span style=\"font-family: arial, helvetica, sans-serif; font-size: 12pt;\">&nbsp;</span></div>\r\n<div><span style=\"font-family: arial, helvetica, sans-serif; font-size: 12pt;\">You can view the estimate on the following link:&nbsp;<a href=\"{estimate_link}\">{estimate_number}</a></span></div>\r\n<div><span style=\"font-family: arial, helvetica, sans-serif; font-size: 12pt;\">&nbsp;</span></div>\r\n<div><span style=\"font-family: arial, helvetica, sans-serif; font-size: 12pt;\">Please contact us for more information.</span></div>\r\n<div><span style=\"font-family: arial, helvetica, sans-serif; font-size: 12pt;\">&nbsp;</span></div>\r\n<div><span style=\"font-family: arial, helvetica, sans-serif; font-size: 12pt;\">Kind regards,</span></div>\r\n<div><span style=\"font-family: arial, helvetica, sans-serif; font-size: 12pt;\">&nbsp;</span></div>\r\n<div><span style=\"font-family: arial, helvetica, sans-serif; font-size: 12pt;\">{email_signature}</span></div>\r\n<div><span style=\"font-family: arial, helvetica, sans-serif; font-size: 12pt;\">&nbsp;</span></div>\r\n<div><span style=\"font-family: arial, helvetica, sans-serif; font-size: 12pt;\">&nbsp;</span></div>\r\n<div><span style=\"font-family: arial, helvetica, sans-serif; font-size: 12pt;\">&nbsp;</span></div>', '{companyname} | CRM', '', 0, 1, 0),
(13, 'contract', 'contract-expiration', 'english', 'Contract Expiration', 'Contract Expiration Reminder', '<div><span style=\"font-family: arial, helvetica, sans-serif; font-size: 12pt;\">Dear {client_company}</span></div>\r\n<div><span style=\"font-family: arial, helvetica, sans-serif; font-size: 12pt;\">&nbsp;</span></div>\r\n<div><span style=\"font-family: arial, helvetica, sans-serif; font-size: 12pt;\">This is a reminder that the following contract will expire soon:</span></div>\r\n<div><span style=\"font-family: arial, helvetica, sans-serif; font-size: 12pt;\">&nbsp;</span></div>\r\n<div><span style=\"font-family: arial, helvetica, sans-serif; font-size: 12pt;\">Subject: {contract_subject}</span></div>\r\n<div><span style=\"font-family: arial, helvetica, sans-serif; font-size: 12pt;\">Description: {contract_description}</span></div>\r\n<div><span style=\"font-family: arial, helvetica, sans-serif; font-size: 12pt;\">Date Start: {contract_datestart}</span></div>\r\n<div><span style=\"font-family: arial, helvetica, sans-serif; font-size: 12pt;\">Date End: {contract_dateend}</span></div>\r\n<div><span style=\"font-family: arial, helvetica, sans-serif; font-size: 12pt;\">Value: {contract_contract_value}</span></div>\r\n<div><span style=\"font-family: arial, helvetica, sans-serif; font-size: 12pt;\">&nbsp;</span></div>\r\n<div><span style=\"font-family: arial, helvetica, sans-serif; font-size: 12pt;\">Please contact us for more information.</span></div>\r\n<div><span style=\"font-family: arial, helvetica, sans-serif; font-size: 12pt;\">&nbsp;</span></div>\r\n<div><span style=\"font-family: arial, helvetica, sans-serif; font-size: 12pt;\">Kind regards,</span></div>\r\n<div><span style=\"font-family: arial, helvetica, sans-serif; font-size: 12pt;\">&nbsp;</span></div>\r\n<div><span style=\"font-family: arial, helvetica, sans-serif; font-size: 12pt;\">{email_signature}</span></div>\r\n<div><span style=\"font-family: arial, helvetica, sans-serif; font-size: 12pt;\">&nbsp;</span></div>\r\n<div><span style=\"font-family: arial, helvetica, sans-serif; font-size: 12pt;\">&nbsp;</span></div>', '{companyname} | CRM', '', 0, 1, 0),
(14, 'tasks', 'task-assigned', 'english', 'New Task Assigned (Sent to Staff)', 'New Task Assigned to You - {task_name}', '<div><span style=\"font-family: arial, helvetica, sans-serif; font-size: 12pt;\">Dear {staff_firstname} {staff_lastname}</span></div>\r\n<div><span style=\"font-family: arial, helvetica, sans-serif; font-size: 12pt;\">&nbsp;</span></div>\r\n<div><span style=\"font-family: arial, helvetica, sans-serif; font-size: 12pt;\">You have been assigned a new task:</span></div>\r\n<div><span style=\"font-family: arial, helvetica, sans-serif; font-size: 12pt;\">&nbsp;</span></div>\r\n<div><span style=\"font-family: arial, helvetica, sans-serif; font-size: 12pt;\">Name: <span style=\"background-color: #ffffff;\">{task_name}</span></span></div>\r\n<div><span style=\"font-family: arial, helvetica, sans-serif; font-size: 12pt;\">Due date: <span style=\"background-color: #ffffff;\">{task_duedate}</span></span></div>\r\n<div><span style=\"font-family: arial, helvetica, sans-serif; font-size: 12pt;\">Priority: <span style=\"background-color: #ffffff;\">{task_priority}</span></span></div>\r\n<div><span style=\"font-family: arial, helvetica, sans-serif; font-size: 12pt;\">&nbsp;</span></div>\r\n<div><span style=\"font-size: 12pt; font-family: arial, helvetica, sans-serif;\">Click on the following link to view: <a href=\"{task_link}\">{task_name}</a></span></div>\r\n<div><span style=\"font-family: arial, helvetica, sans-serif; font-size: 12pt;\">&nbsp;</span></div>\r\n<div><span style=\"font-family: arial, helvetica, sans-serif; font-size: 12pt;\">Kind regards,</span></div>\r\n<div><span style=\"font-family: arial, helvetica, sans-serif; font-size: 12pt;\">&nbsp;</span></div>\r\n<div><span style=\"font-family: arial, helvetica, sans-serif; font-size: 12pt;\">{email_signature}</span></div>', '{companyname} | CRM', '', 0, 1, 0),
(15, 'tasks', 'task-added-as-follower', 'english', 'Staff Member Added as Follower on Task', 'You are added as follower on task - {task_name}', '<div><span style=\"font-family: arial, helvetica, sans-serif; font-size: 12pt;\">Hi {staff_firstname} <span style=\"background-color: #ffffff;\">{staff_lastname}</span></span></div>\r\n<div><span style=\"font-family: arial, helvetica, sans-serif; font-size: 12pt;\">&nbsp;</span></div>\r\n<div><span style=\"font-family: arial, helvetica, sans-serif; font-size: 12pt;\">You have been added as follower on the following task:</span></div>\r\n<div><span style=\"font-family: arial, helvetica, sans-serif; font-size: 12pt;\">&nbsp;</span></div>\r\n<div><span style=\"font-family: arial, helvetica, sans-serif; font-size: 12pt;\">Name: {task_name}</span></div>\r\n<div><span style=\"font-family: arial, helvetica, sans-serif; font-size: 12pt;\">Description: {task_description}</span></div>\r\n<div><span style=\"font-family: arial, helvetica, sans-serif; font-size: 12pt;\">Priority: {task_priority}</span></div>\r\n<div><span style=\"font-family: arial, helvetica, sans-serif; font-size: 12pt;\">Start date: {task_startdate}</span></div>\r\n<div><span style=\"font-family: arial, helvetica, sans-serif; font-size: 12pt;\">Due date: {task_duedate}</span></div>\r\n<div><span style=\"font-family: arial, helvetica, sans-serif; font-size: 12pt;\">&nbsp;</span></div>\r\n<div><span style=\"font-family: arial, helvetica, sans-serif; font-size: 12pt;\">Click on the following link to view: <a href=\"{task_link}\">{task_name}</a></span></div>\r\n<div><span style=\"font-family: arial, helvetica, sans-serif; font-size: 12pt;\">&nbsp;</span></div>\r\n<div><span style=\"font-family: arial, helvetica, sans-serif; font-size: 12pt;\">Kind regards,</span></div>\r\n<div><span style=\"font-family: arial, helvetica, sans-serif; font-size: 12pt;\">&nbsp;</span></div>\r\n<div><span style=\"font-family: arial, helvetica, sans-serif; font-size: 12pt;\">{email_signature}</span></div>\r\n<div>&nbsp;</div>', '{companyname} | CRM', '', 0, 1, 0),
(16, 'tasks', 'task-commented', 'english', 'New Comment on Task (Sent to Staff)', 'New Comment on Task - {task_name}', '<div><span style=\"font-family: arial, helvetica, sans-serif; font-size: 12pt;\">Dear {staff_firstname} {staff_lastname}</span></div>\r\n<div><span style=\"font-family: arial, helvetica, sans-serif; font-size: 12pt;\">&nbsp;</span></div>\r\n<div><span style=\"font-family: arial, helvetica, sans-serif; font-size: 12pt;\">A comment has been made on the following task:</span></div>\r\n<div><span style=\"font-family: arial, helvetica, sans-serif; font-size: 12pt;\">&nbsp;</span></div>\r\n<div><span style=\"font-family: arial, helvetica, sans-serif; font-size: 12pt;\">Name: &nbsp;{task_name}</span></div>\r\n<div><span style=\"font-family: arial, helvetica, sans-serif; font-size: 12pt;\">Description: &nbsp;{task_description}<br />Comment: {task_comment}</span></div>\r\n<div><span style=\"font-family: arial, helvetica, sans-serif; font-size: 12pt;\">&nbsp;</span></div>\r\n<div><span style=\"font-family: arial, helvetica, sans-serif; font-size: 12pt;\">Click on the following link to view: <a href=\"{task_link}\">{task_name}</a></span></div>\r\n<div><span style=\"font-family: arial, helvetica, sans-serif; font-size: 12pt;\">&nbsp;</span></div>\r\n<div><span style=\"font-family: arial, helvetica, sans-serif; font-size: 12pt;\">Kind regards,</span></div>\r\n<div><span style=\"font-family: arial, helvetica, sans-serif; font-size: 12pt;\">&nbsp;</span></div>\r\n<div><span style=\"font-family: arial, helvetica, sans-serif; font-size: 12pt;\">{email_signature}</span></div>', '{companyname} | CRM', '', 0, 1, 0),
(17, 'tasks', 'task-marked-as-finished', 'english', 'Task Marked as Finished (Sent to Staff)', 'Task Marked as Finished - {task_name}', '<div><span style=\"font-family: arial, helvetica, sans-serif; font-size: 12pt;\">Hi {staff_firstname} {staff_lastname}</span></div>\r\n<div><span style=\"font-family: arial, helvetica, sans-serif; font-size: 12pt;\">&nbsp;</span></div>\r\n<div><span style=\"font-family: arial, helvetica, sans-serif; font-size: 12pt;\">{task_user_take_action} marked the following task as complete:</span></div>\r\n<div><span style=\"font-family: arial, helvetica, sans-serif; font-size: 12pt;\">&nbsp;</span></div>\r\n<div><span style=\"font-family: arial, helvetica, sans-serif; font-size: 12pt;\"><span style=\"background-color: inherit;\">Name: </span>{task_name}</span></div>\r\n<div><span style=\"font-family: arial, helvetica, sans-serif; font-size: 12pt;\"><span style=\"background-color: inherit;\">Description: </span><span style=\"background-color: inherit;\">{task_description}</span></span></div>\r\n<div><span style=\"font-family: arial, helvetica, sans-serif; font-size: 12pt;\">Due date: <span style=\"background-color: #ffffff;\">{task_duedate}<br /></span></span><span style=\"font-family: arial, helvetica, sans-serif; font-size: 12pt;\">&nbsp;</span></div>\r\n<div><span style=\"font-size: 12pt; font-family: arial, helvetica, sans-serif;\">Click on the following link to view: <a href=\"{task_link}\">{task_name}</a></span></div>\r\n<div><span style=\"font-family: arial, helvetica, sans-serif; font-size: 12pt;\">&nbsp;</span></div>\r\n<div><span style=\"font-family: arial, helvetica, sans-serif; font-size: 12pt;\">Kind regards,</span></div>\r\n<div><span style=\"font-family: arial, helvetica, sans-serif; font-size: 12pt;\">&nbsp;</span></div>\r\n<div><span style=\"font-family: arial, helvetica, sans-serif; font-size: 12pt;\">{email_signature}</span></div>', '{companyname} | CRM', '', 0, 1, 0),
(18, 'tasks', 'task-added-attachment', 'english', 'New Attachment on Task (Sent to Staff)', 'New Attachment on Task - {task_name}', '<div><span style=\"font-family: arial, helvetica, sans-serif; font-size: 12pt;\">Hi {staff_firstname} {staff_lastname}</span></div>\r\n<div><span style=\"font-family: arial, helvetica, sans-serif; font-size: 12pt;\">&nbsp;</span></div>\r\n<div><span style=\"font-family: arial, helvetica, sans-serif; font-size: 12pt;\">{task_user_take_action} added an attachment on the following task:</span></div>\r\n<div><span style=\"font-family: arial, helvetica, sans-serif; font-size: 12pt;\">&nbsp;</span></div>\r\n<div><span style=\"font-family: arial, helvetica, sans-serif; font-size: 12pt;\"><span style=\"background-color: inherit;\">Name: </span>{task_name}</span></div>\r\n<div><span style=\"font-family: arial, helvetica, sans-serif; font-size: 12pt;\"><span style=\"background-color: inherit;\">Description: </span><span style=\"background-color: inherit;\">{task_description}</span></span></div>\r\n<div><span style=\"font-family: arial, helvetica, sans-serif; font-size: 12pt;\">&nbsp;</span></div>\r\n<div><span style=\"font-family: arial, helvetica, sans-serif; font-size: 12pt;\">Click on the following link to view: <a href=\"{task_link}\">{task_name}</a></span></div>\r\n<div><span style=\"font-family: arial, helvetica, sans-serif; font-size: 12pt;\">&nbsp;</span></div>\r\n<div><span style=\"font-family: arial, helvetica, sans-serif; font-size: 12pt;\">Kind regards,</span></div>\r\n<div><span style=\"font-family: arial, helvetica, sans-serif; font-size: 12pt;\">&nbsp;</span></div>\r\n<div><span style=\"font-family: arial, helvetica, sans-serif; font-size: 12pt;\">{email_signature}</span></div>', '{companyname} | CRM', '', 0, 1, 0),
(19, 'tasks', 'task-unmarked-as-finished', 'english', 'Task Unmarked as Finished (Sent to Staff)', 'Task UN-marked as finished - {task_name}', '<div><span style=\"font-family: arial, helvetica, sans-serif; font-size: 12pt;\">Hi {staff_firstname} {staff_lastname}</span></div>\r\n<div><span style=\"font-family: arial, helvetica, sans-serif; font-size: 12pt;\">&nbsp;</span></div>\r\n<div><span style=\"font-family: arial, helvetica, sans-serif; font-size: 12pt;\">{task_user_take_action} <span style=\"background-color: inherit;\">marked the </span>following task as <strong>in-complete / unfinished</strong></span></div>\r\n<div><span style=\"font-family: arial, helvetica, sans-serif; font-size: 12pt;\">&nbsp;</span></div>\r\n<div><span style=\"font-family: arial, helvetica, sans-serif; font-size: 12pt;\"><span style=\"background-color: inherit;\">Name: </span><span style=\"background-color: inherit;\">{task_name}</span></span></div>\r\n<div><span style=\"font-family: arial, helvetica, sans-serif; font-size: 12pt;\"><span style=\"background-color: inherit;\">Description: </span><span style=\"background-color: inherit;\">{task_description}</span></span></div>\r\n<div><span style=\"font-family: arial, helvetica, sans-serif; font-size: 12pt;\">Due date: {task_duedate}</span></div>\r\n<div><span style=\"font-family: arial, helvetica, sans-serif; font-size: 12pt;\">&nbsp;</span></div>\r\n<div><span style=\"font-family: arial, helvetica, sans-serif; font-size: 12pt;\">Click on the following link to view: <a href=\"{task_link}\">{task_name}</a></span></div>\r\n<div><span style=\"font-family: arial, helvetica, sans-serif; font-size: 12pt;\">&nbsp;</span></div>\r\n<div><span style=\"font-family: arial, helvetica, sans-serif; font-size: 12pt;\">Kind regards,</span></div>\r\n<div><span style=\"font-family: arial, helvetica, sans-serif; font-size: 12pt;\">&nbsp;</span></div>\r\n<div><span style=\"font-family: arial, helvetica, sans-serif; font-size: 12pt;\">{email_signature}</span></div>', '{companyname} | CRM', '', 0, 1, 0),
(20, 'estimate', 'estimate-declined-to-staff', 'english', 'Estimate Declined (Sent to Staff)', 'Customer Declined Estimate', '<div><span style=\"font-size: 12pt;\">Hi</span></div>\r\n<div><span style=\"font-size: 12pt;\">&nbsp;</span></div>\r\n<div><span style=\"font-size: 12pt;\">Customer ({client_company}) declined estimate with number <span style=\"background-color: inherit;\">{estimate_number}</span></span></div>\r\n<div><span style=\"font-size: 12pt;\">&nbsp;</span></div>\r\n<div><span style=\"font-size: 12pt;\">You can view the estimate on the following link:&nbsp;<a href=\"{estimate_link}\">{estimate_number}</a></span></div>\r\n<div><span style=\"font-size: 12pt;\">&nbsp;</span></div>\r\n<div><span style=\"font-size: 12pt;\">{email_signature}</span></div>\r\n<div><span style=\"font-size: 12pt;\">&nbsp;</span></div>', '{companyname} | CRM', '', 0, 1, 0),
(21, 'estimate', 'estimate-accepted-to-staff', 'english', 'Estimate Accepted (Sent to Staff)', 'Customer Accepted Estimate', '<div><span style=\"font-family: arial, helvetica, sans-serif; font-size: 12pt;\">Hi</span></div>\r\n<div><span style=\"font-family: arial, helvetica, sans-serif; font-size: 12pt;\">&nbsp;</span></div>\r\n<div><span style=\"font-family: arial, helvetica, sans-serif; font-size: 12pt;\">Customer ({client_company}) accepted estimate with number <span style=\"background-color: inherit;\">{estimate_number}</span></span></div>\r\n<div><span style=\"font-family: arial, helvetica, sans-serif; font-size: 12pt;\">&nbsp;</span></div>\r\n<div><span style=\"font-family: arial, helvetica, sans-serif; font-size: 12pt;\">You can view the estimate on the following link:&nbsp;<a href=\"{estimate_link}\">{estimate_number}</a></span></div>\r\n<div><span style=\"font-family: arial, helvetica, sans-serif; font-size: 12pt;\">&nbsp;</span></div>\r\n<div><span style=\"font-family: arial, helvetica, sans-serif; font-size: 12pt;\">{email_signature}</span></div>', '{companyname} | CRM', '', 0, 1, 0),
(22, 'proposals', 'proposal-client-accepted', 'english', 'Customer Action - Accepted (Sent to Staff)', 'Customer Accepted Proposal', '<div><span style=\"font-family: arial, helvetica, sans-serif; font-size: 12pt;\">Hi</span></div>\r\n<div><span style=\"font-family: arial, helvetica, sans-serif; font-size: 12pt;\">&nbsp;</span></div>\r\n<div><span style=\"font-family: arial, helvetica, sans-serif; font-size: 12pt;\">Client {proposal_proposal_to} accepted the following proposal:</span></div>\r\n<div><span style=\"font-family: arial, helvetica, sans-serif; font-size: 12pt;\">&nbsp;</span></div>\r\n<div><span style=\"font-family: arial, helvetica, sans-serif; font-size: 12pt;\">Subject: {proposal_subject}</span></div>\r\n<div><span style=\"font-family: arial, helvetica, sans-serif; font-size: 12pt;\">Total: {proposal_total}</span></div>\r\n<div><span style=\"font-family: arial, helvetica, sans-serif; font-size: 12pt;\">&nbsp;</span></div>\r\n<div><span style=\"font-family: arial, helvetica, sans-serif; font-size: 12pt;\">View the proposal on the following link: <a href=\"{proposal_link}\">{proposal_subject}</a></span></div>\r\n<div><span style=\"font-family: arial, helvetica, sans-serif; font-size: 12pt;\">&nbsp;</span></div>\r\n<div><span style=\"font-family: arial, helvetica, sans-serif; font-size: 12pt;\">Kind regards,</span></div>\r\n<div><span style=\"font-family: arial, helvetica, sans-serif; font-size: 12pt;\">&nbsp;</span></div>\r\n<div><span style=\"font-family: arial, helvetica, sans-serif; font-size: 12pt;\">{email_signature}</span></div>\r\n<div>&nbsp;</div>\r\n<div>&nbsp;</div>\r\n<div>&nbsp;</div>', '{companyname} | CRM', '', 0, 1, 0),
(23, 'proposals', 'proposal-send-to-customer', 'english', 'Send Proposal to Customer', 'Proposal', '<div>Dear {proposal_proposal_to}</div>\r\n<div>&nbsp;</div>\r\n<div>Please find our attached proposal.</div>\r\n<div>&nbsp;</div>\r\n<div>This proposal is valid until: {proposal_open_till}</div>\r\n<div>You can view the proposal on the following link: <a href=\"{proposal_link}\">{proposal_subject}</a></div>\r\n<div>&nbsp;</div>\r\n<div>Please don\'t hesitate to comment online if you have any questions.</div>\r\n<div>&nbsp;</div>\r\n<div>We look forward to your communication.</div>\r\n<div>&nbsp;</div>\r\n<div>Kind regards</div>\r\n<div>&nbsp;</div>\r\n<div>{email_signature}</div>', '{companyname} | CRM', '', 0, 1, 0),
(24, 'proposals', 'proposal-client-declined', 'english', 'Customer Action - Declined (Sent to Staff)', 'Client Declined Proposal', '<div><span style=\"font-family: arial, helvetica, sans-serif; font-size: 12pt;\">Hi</span></div>\r\n<div><span style=\"font-family: arial, helvetica, sans-serif; font-size: 12pt;\">&nbsp;</span></div>\r\n<div><span style=\"font-family: arial, helvetica, sans-serif; font-size: 12pt;\">Customer {proposal_proposal_to} declined the proposal {proposal_subject}</span></div>\r\n<div><span style=\"font-family: arial, helvetica, sans-serif; font-size: 12pt;\">&nbsp;</span></div>\r\n<div><span style=\"font-family: arial, helvetica, sans-serif; font-size: 12pt;\">View the proposal on the following link <a href=\"{proposal_link}\">{proposal_subject}</a>&nbsp;or from the admin area.</span></div>\r\n<div><span style=\"font-family: arial, helvetica, sans-serif; font-size: 12pt;\">&nbsp;</span></div>\r\n<div><span style=\"font-family: arial, helvetica, sans-serif; font-size: 12pt;\">Kind regards,</span></div>\r\n<div><span style=\"font-family: arial, helvetica, sans-serif; font-size: 12pt;\">&nbsp;</span></div>\r\n<div><span style=\"font-family: arial, helvetica, sans-serif; font-size: 12pt;\">{email_signature}</span></div>\r\n<div><span style=\"font-family: arial, helvetica, sans-serif; font-size: 12pt;\">&nbsp;</span></div>\r\n<div>&nbsp;</div>', '{companyname} | CRM', '', 0, 1, 0),
(25, 'proposals', 'proposal-client-thank-you', 'english', 'Thank You Email (Sent to Customer After Accept)', 'Thank for you accepting proposal', '<div><span style=\"font-family: arial, helvetica, sans-serif; font-size: 12pt;\">Dear {proposal_proposal_to}</span></div>\r\n<div><span style=\"font-family: arial, helvetica, sans-serif; font-size: 12pt;\">&nbsp;</span></div>\r\n<div><span style=\"font-family: arial, helvetica, sans-serif; font-size: 12pt;\">Thank for for accepting the proposal.</span></div>\r\n<div><span style=\"font-family: arial, helvetica, sans-serif; font-size: 12pt;\">&nbsp;</span></div>\r\n<div><span style=\"font-family: arial, helvetica, sans-serif; font-size: 12pt;\">We look forward to doing business with you.</span></div>\r\n<div><span style=\"font-family: arial, helvetica, sans-serif; font-size: 12pt;\">&nbsp;</span></div>\r\n<div><span style=\"font-family: arial, helvetica, sans-serif; font-size: 12pt;\">We will contact you as soon as possible</span></div>\r\n<div><span style=\"font-family: arial, helvetica, sans-serif; font-size: 12pt;\">&nbsp;</span></div>\r\n<div><span style=\"font-family: arial, helvetica, sans-serif; font-size: 12pt;\">Kind regards,</span></div>\r\n<div><span style=\"font-family: arial, helvetica, sans-serif; font-size: 12pt;\">&nbsp;</span></div>\r\n<div><span style=\"font-family: arial, helvetica, sans-serif; font-size: 12pt;\">{email_signature}</span></div>', '{companyname} | CRM', '', 0, 1, 0),
(26, 'proposals', 'proposal-comment-to-client', 'english', 'New Comment  (Sent to Customer Contacts)', 'New Proposal Comment', '<div><span style=\"font-family: arial, helvetica, sans-serif; font-size: 12pt;\">Dear {proposal_proposal_to}</span></div>\r\n<div><span style=\"font-family: arial, helvetica, sans-serif; font-size: 12pt;\">&nbsp;</span></div>\r\n<div><span style=\"font-family: arial, helvetica, sans-serif; font-size: 12pt;\">A new comment has been made on the following proposal: {proposal_subject}</span></div>\r\n<div><span style=\"font-family: arial, helvetica, sans-serif; font-size: 12pt;\">&nbsp;</span></div>\r\n<div><span style=\"font-family: arial, helvetica, sans-serif; font-size: 12pt;\">You can view and reply to the comment on the following link: <a href=\"{proposal_link}\">{proposal_subject}</a></span></div>\r\n<div><span style=\"font-family: arial, helvetica, sans-serif; font-size: 12pt;\">&nbsp;</span></div>\r\n<div><span style=\"font-family: arial, helvetica, sans-serif; font-size: 12pt;\">Kind regards,</span></div>\r\n<div><span style=\"font-family: arial, helvetica, sans-serif; font-size: 12pt;\">&nbsp;</span></div>\r\n<div><span style=\"font-family: arial, helvetica, sans-serif; font-size: 12pt;\">{email_signature}</span></div>', '{companyname} | CRM', '', 0, 1, 0),
(27, 'proposals', 'proposal-comment-to-admin', 'english', 'New Comment (Sent to Staff) ', 'New Proposal Comment', '<div><span style=\"font-family: arial, helvetica, sans-serif; font-size: 12pt;\">Hello</span></div>\r\n<div><span style=\"font-family: arial, helvetica, sans-serif; font-size: 12pt;\">&nbsp;</span></div>\r\n<div><span style=\"font-family: arial, helvetica, sans-serif; font-size: 12pt;\">A new <strong>comment</strong> has been made to the proposal <span style=\"background-color: inherit;\">{proposal_subject}</span></span></div>\r\n<div><span style=\"font-family: arial, helvetica, sans-serif; font-size: 12pt;\">&nbsp;</span></div>\r\n<div><span style=\"font-family: arial, helvetica, sans-serif; font-size: 12pt;\">You can view and reply to the comment on the following link: <a href=\"{proposal_link}\">{proposal_subject}</a><span style=\"background-color: inherit;\">&nbsp;or from the admin area.</span></span></div>\r\n<div><span style=\"font-family: arial, helvetica, sans-serif; font-size: 12pt;\">&nbsp;</span></div>\r\n<div><span style=\"font-family: arial, helvetica, sans-serif; font-size: 12pt;\">{email_signature}</span></div>', '{companyname} | CRM', '', 0, 1, 0),
(28, 'estimate', 'estimate-thank-you-to-customer', 'english', 'Thank You Email (Sent to Customer After Accept)', 'Thank for you accepting estimate', '<div><span style=\"font-family: arial, helvetica, sans-serif; font-size: 12pt;\">Dear {contact_firstname}&nbsp;{contact_lastname}</span></div>\r\n<div><span style=\"font-family: arial, helvetica, sans-serif; font-size: 12pt;\">&nbsp;</span></div>\r\n<div><span style=\"font-family: arial, helvetica, sans-serif; font-size: 12pt;\">Thank for for accepting the estimate.</span></div>\r\n<div><span style=\"font-family: arial, helvetica, sans-serif; font-size: 12pt;\">&nbsp;</span></div>\r\n<div><span style=\"font-family: arial, helvetica, sans-serif; font-size: 12pt;\">We look forward to doing business with you.</span></div>\r\n<div><span style=\"font-family: arial, helvetica, sans-serif; font-size: 12pt;\">&nbsp;</span></div>\r\n<div><span style=\"font-family: arial, helvetica, sans-serif; font-size: 12pt;\">We will contact you as soon as possible.</span></div>\r\n<div><span style=\"font-family: arial, helvetica, sans-serif; font-size: 12pt;\">&nbsp;</span></div>\r\n<div><span style=\"font-family: arial, helvetica, sans-serif; font-size: 12pt;\">Kind regards,</span></div>\r\n<div><span style=\"font-family: arial, helvetica, sans-serif; font-size: 12pt;\">&nbsp;</span></div>\r\n<div><span style=\"font-family: arial, helvetica, sans-serif; font-size: 12pt;\">{email_signature}</span></div>\r\n<div><span style=\"font-family: arial, helvetica, sans-serif; font-size: 12pt;\">&nbsp;</span></div>\r\n<div><span style=\"font-family: arial, helvetica, sans-serif; font-size: 12pt;\">&nbsp;</span></div>\r\n<div><span style=\"font-family: arial, helvetica, sans-serif; font-size: 12pt;\">&nbsp;</span></div>', '{companyname} | CRM', '', 0, 1, 0),
(29, 'tasks', 'task-deadline-notification', 'english', 'Task Deadline Reminder - Sent to Assigned Members', 'Task Deadline Reminder', '<div><span style=\"font-family: arial, helvetica, sans-serif; font-size: 12pt;\">Hi {staff_firstname}</span></div>\r\n<div><span style=\"font-family: arial, helvetica, sans-serif; font-size: 12pt;\">&nbsp;</span></div>\r\n<div><span style=\"font-family: arial, helvetica, sans-serif; font-size: 12pt;\">This is an automated email from {companyname}.</span></div>\r\n<div><span style=\"font-family: arial, helvetica, sans-serif; font-size: 12pt;\">The task {task_name} deadline is on {task_duedate}. This task is still not finished.</span></div>\r\n<div><span style=\"font-family: arial, helvetica, sans-serif; font-size: 12pt;\">&nbsp;</span></div>\r\n<div><span style=\"font-size: 12pt; font-family: arial, helvetica, sans-serif;\">Click on the following link to view: <a href=\"{task_link}\">{task_name}</a></span></div>\r\n<div><span style=\"font-family: arial, helvetica, sans-serif; font-size: 12pt;\">&nbsp;</span></div>\r\n<div><span style=\"font-family: arial, helvetica, sans-serif; font-size: 12pt;\">{email_signature}</span></div>', '{companyname} | CRM', '', 0, 1, 0),
(30, 'contract', 'send-contract', 'english', 'Send Contract to Customer', 'Contract - {contract_subject}', '<p>Hi&nbsp;{client_company}</p>\r\n<p>Please find the {contract_subject}&nbsp;attached.</p>\r\n<p>Regards,</p>\r\n<p>{email_signature}</p>', '{companyname} | CRM', '', 0, 1, 0),
(31, 'invoice', 'invoice-payment-recorded-to-staff', 'english', 'Invoice Payment Recorded (Sent to Staff)', 'New Invoice Payment', '<div><span style=\"font-family: arial, helvetica, sans-serif; font-size: 12pt;\">Customer recorded payment for invoice # {invoice_number}</span></div>\r\n<div>&nbsp;</div>\r\n<div><span style=\"font-family: arial, helvetica, sans-serif; font-size: 12pt;\">You can view the invoice on the following link: <a href=\"{invoice_link}\">{invoice_number}</a></span></div>\r\n<div><span style=\"font-family: arial, helvetica, sans-serif; font-size: 12pt;\">&nbsp;</span></div>\r\n<div><span style=\"font-family: arial, helvetica, sans-serif; font-size: 12pt;\">Kind regards,</span></div>\r\n<div><span style=\"font-family: arial, helvetica, sans-serif; font-size: 12pt;\">&nbsp;</span></div>\r\n<div><span style=\"font-family: arial, helvetica, sans-serif; font-size: 12pt;\">{email_signature}</span></div>', '{companyname} | CRM', '', 0, 1, 0);
INSERT INTO `tblemailtemplates` (`emailtemplateid`, `type`, `slug`, `language`, `name`, `subject`, `message`, `fromname`, `fromemail`, `plaintext`, `active`, `order`) VALUES
(32, 'ticket', 'auto-close-ticket', 'english', 'Auto Close Ticket', 'Ticket Auto Closed', '<p><span style=\"font-family: arial, helvetica, sans-serif; font-size: 12pt;\">Hi&nbsp;{contact_firstname}&nbsp;{contact_lastname}</span></p>\r\n<p><span style=\"font-family: arial, helvetica, sans-serif; font-size: 12pt;\">Ticket&nbsp;{ticket_subject} has been auto close due to inactivity.</span></p>\r\n<div><span style=\"font-family: arial, helvetica, sans-serif; font-size: 12pt;\">Ticket #: <span style=\"background-color: inherit;\">{ticket_id}</span></span></div>\r\n<div><span style=\"font-family: arial, helvetica, sans-serif; font-size: 12pt; background-color: inherit;\">Department: {ticket_department}</span></div>\r\n<div><span style=\"font-family: arial, helvetica, sans-serif; font-size: 12pt;\">Priority: <span style=\"background-color: inherit;\">{ticket_priority}</span></span></div>\r\n<div><span style=\"font-family: arial, helvetica, sans-serif; font-size: 12pt;\">&nbsp;</span></div>\r\n<div><span style=\"font-family: arial, helvetica, sans-serif; font-size: 12pt; background-color: inherit;\">Ticket message:</span></div>\r\n<div><span style=\"font-family: arial, helvetica, sans-serif; font-size: 12pt; background-color: inherit;\">{ticket_message}</span></div>\r\n<div><span style=\"font-family: arial, helvetica, sans-serif; font-size: 12pt;\">&nbsp;</span></div>\r\n<div><span style=\"font-family: arial, helvetica, sans-serif; font-size: 12pt;\">Kind regards,</span></div>\r\n<div><span style=\"font-family: arial, helvetica, sans-serif; font-size: 12pt;\">{email_signature}</span></div>', '{companyname} | CRM', '', 0, 1, 0),
(33, 'project', 'new-project-discussion-created-to-staff', 'english', 'New Project Discussion (Sent to Project Members)', 'New Project Discussion Created', '<p>Hello&nbsp;{staff_firstname}&nbsp;{staff_lastname}</p>\r\n<p>New project discussion created from&nbsp;{discussion_creator}</p>\r\n<p>Subject:&nbsp;{discussion_subject}</p>\r\n<p>Description:&nbsp;{discussion_description}</p>\r\n<p>You can view the discussion on the following link: <a href=\"{discussion_link}\">{discussion_subject}</a></p>\r\n<p>Kind Regards,</p>\r\n<p>{email_signature}</p>', '{companyname} | CRM', '', 0, 1, 0),
(34, 'project', 'new-project-discussion-created-to-customer', 'english', 'New Project Discussion (Sent to Customer Contacts)', 'New Project Discussion Created', '<p>Hello&nbsp;{contact_firstname}&nbsp;{contact_lastname}</p>\r\n<p>New project discussion created from&nbsp;{discussion_creator}</p>\r\n<p>Subject:&nbsp;{discussion_subject}</p>\r\n<p>Description:&nbsp;{discussion_description}</p>\r\n<p>You can view the discussion on the following link: <a href=\"{discussion_link}\">{discussion_subject}</a></p>\r\n<p>Kind Regards,</p>\r\n<p>{email_signature}</p>', '{companyname} | CRM', '', 0, 1, 0),
(35, 'project', 'new-project-file-uploaded-to-customer', 'english', 'New Project File Uploaded (Sent to Customer Contacts)', 'New Project File Uploaded', '<p>Hello&nbsp;{contact_firstname}&nbsp;{contact_lastname}</p>\r\n<p>New project&nbsp;file is uploaded on&nbsp;{project_name} from&nbsp;{file_creator}</p>\r\n<p>You can view the project on the following link: <a href=\"{project_link}\">{project_name}</a><br />To view&nbsp;the file in our CRM&nbsp;you can click on the following link: <a href=\"{discussion_link}\">{discussion_subject}</a></p>\r\n<p>Kind Regards,</p>\r\n<p>{email_signature}</p>', '{companyname} | CRM', '', 0, 1, 0),
(36, 'project', 'new-project-file-uploaded-to-staff', 'english', 'New Project File Uploaded (Sent to Project Members)', 'New Project File Uploaded', '<p>Hello&nbsp;{staff_firstname}&nbsp;{staff_lastname}</p>\r\n<p>New project&nbsp;file is uploaded on&nbsp;{project_name} from&nbsp;{file_creator}</p>\r\n<p>You can view the project on the following link: <a href=\"{project_link}\">{project_name}</a><br />To view&nbsp;the file you can click on the following link: <a href=\"{discussion_link}\">{discussion_subject}</a></p>\r\n<p>Kind Regards,</p>\r\n<p>{email_signature}</p>', '{companyname} | CRM', '', 0, 1, 0),
(37, 'project', 'new-project-discussion-comment-to-customer', 'english', 'New Discussion Comment  (Sent to Customer Contacts)', 'New Discussion Comment', '<p>Hello&nbsp;{contact_firstname}&nbsp;{contact_lastname}</p>\r\n<p>New discussion comment has been made on {discussion_subject} from&nbsp;{comment_creator}</p>\r\n<p>Discussion subject:&nbsp;{discussion_subject}</p>\r\n<p>Comment:&nbsp;{discussion_comment}</p>\r\n<p>You can view the discussion on the following link: <a href=\"{discussion_link}\">{discussion_subject}</a></p>\r\n<p>Kind Regards,</p>\r\n<p>{email_signature}</p>', '{companyname} | CRM', '', 0, 1, 0),
(38, 'project', 'new-project-discussion-comment-to-staff', 'english', 'New Discussion Comment (Sent to Project Members)', 'New Discussion Comment', '<p>Hello&nbsp;{staff_firstname}&nbsp;{staff_lastname}</p>\r\n<p>New discussion comment has been made on {discussion_subject} from&nbsp;{comment_creator}</p>\r\n<p>Discussion subject:&nbsp;{discussion_subject}</p>\r\n<p>Comment:&nbsp;{discussion_comment}</p>\r\n<p>You can view the discussion on the following link: <a href=\"{discussion_link}\">{discussion_subject}</a></p>\r\n<p>Kind Regards,</p>\r\n<p>{email_signature}</p>', '{companyname} | CRM', '', 0, 1, 0),
(39, 'project', 'staff-added-as-project-member', 'english', 'Staff Added as Project Member', 'New project assigned to you', '<p>Hello&nbsp;{staff_firstname}&nbsp;{staff_lastname}</p>\r\n<p>New project has been assigned to you.</p>\r\n<p>You can view the project on the following link <a href=\"{project_link}\">{project_name}</a></p>\r\n<p>{email_signature}</p>', '{companyname} | CRM', '', 0, 1, 0),
(40, 'estimate', 'estimate-expiry-reminder', 'english', 'Estimate Expiration Reminder', 'Estimate Expiration Reminder', '<p>Hello&nbsp;{client_company}</p>\r\n<p>The estimate with&nbsp;{estimate_number} will expire on&nbsp;{estimate_expirydate}</p>\r\n<p>You can view the estimate on the following link: <a href=\"{estimate_link}\">{estimate_number}</a></p>\r\n<p>Regards,</p>\r\n<p>{email_signature}</p>', '{companyname} | CRM', '', 0, 1, 0),
(41, 'proposals', 'proposal-expiry-reminder', 'english', 'Proposal Expiration Reminder', 'Proposal Expiration Reminder', '<p><span style=\"font-family: arial, helvetica, sans-serif; font-size: 12pt;\">Hello&nbsp;{proposal_proposal_to}</span></p>\r\n<p><span style=\"font-family: arial, helvetica, sans-serif; font-size: 12pt;\">The proposal {proposal_subject} will expire on&nbsp;{proposal_open_till}</span></p>\r\n<p><span style=\"font-family: arial, helvetica, sans-serif; font-size: 12pt;\">You can view the proposal on the following link: <a href=\"{proposal_link}\">{proposal_subject}</a></span></p>\r\n<p><span style=\"font-family: arial, helvetica, sans-serif; font-size: 12pt;\">Regards,</span></p>\r\n<p><span style=\"font-family: arial, helvetica, sans-serif; font-size: 12pt;\">{email_signature}</span></p>', '{companyname} | CRM', '', 0, 1, 0),
(42, 'staff', 'new-staff-created', 'english', 'New Staff Created (Welcome Email)', 'You are added as staff member', 'Hello&nbsp;{staff_firstname}&nbsp;{staff_lastname}<br /><br />You are added as member on our CRM.<br />You can login at {admin_url}<br /><br />Please use the following&nbsp;logic credentials:<br /><br />Email:&nbsp;{staff_email}<br />Password:&nbsp;{password}<br /><br />Best Regards,<br />{email_signature}', '{companyname} | CRM', '', 0, 1, 0),
(43, 'client', 'contact-forgot-password', 'english', 'Forgot Password', 'Create New Password', '<h2>Create a new password</h2>\r\nForgot your password?<br /> To create a new password, just follow this link:<br /> <br /><a href=\"{reset_password_url}\">Reset Password</a><br /> <br /> You received this email, because it was requested by a {companyname}&nbsp;user. This is part of the procedure to create a new password on the system. If you DID NOT request a new password then please ignore this email and your password will remain the same. <br /><br /> {email_signature}', '{companyname} | CRM', '', 0, 1, 0),
(44, 'client', 'contact-password-reseted', 'english', 'Password Reset - Confirmation', 'Your password has been changed', '<strong>You have changed your password.<br /></strong><br /> Please, keep it in your records so you don\'t forget it.<br /> <br /> Your email address for login is: {contact_email}<br />If this wasnt you, please contact us.<br /><br />{email_signature}', '{companyname} | CRM', '', 0, 1, 0),
(45, 'client', 'contact-set-password', 'english', 'Set New Password', 'Set new password on {companyname} ', '<h2>Setup your new password on {companyname}</h2>\r\nPlease use the following link to setup your new password.<br /><br />Keep it in your records so you don\'t forget it.<br /><br /> Please set your new password in 48 hours. After that you wont be able to set your password. <br /><br />You can login at: {crm_url}<br /> Your email address for login: {contact_email}<br /> <br /><a href=\"{set_password_url}\">Set New Password</a><br /> <br />{email_signature}', '{companyname} | CRM', '', 0, 1, 0),
(46, 'staff', 'staff-forgot-password', 'english', 'Forgot Password', 'Create New Password', '<h2>Create a new password</h2>\r\nForgot your password?<br /> To create a new password, just follow this link:<br /> <br /><a href=\"{reset_password_url}\">Reset Password</a><br /> <br /> You received this email, because it was requested by a {companyname}&nbsp;user. This is part of the procedure to create a new password on the system. If you DID NOT request a new password then please ignore this email and your password will remain the same. <br /><br /> {email_signature}', '{companyname} | CRM', '', 0, 1, 0),
(47, 'staff', 'staff-password-reseted', 'english', 'Password Reset - Confirmation', 'Your password has been changed', '<strong>You have changed your password.<br /></strong><br /> Please, keep it in your records so you don\'t forget it.<br /> <br /> Your email address for login is: {staff_email}<br /> If this wasnt you, please contact us.<br /><br />{email_signature}', '{companyname} | CRM', '', 0, 1, 0),
(48, 'project', 'assigned-to-project', 'english', 'New Project Created (Sent to Customer Contacts)', 'New Project Created', '<p>Hello&nbsp;{contact_firstname}</p>\r\n<p>New project is assigned to your company.<br />Project Name:&nbsp;{project_name}</p>\r\n<p>You can view the project on the following link:&nbsp;<a href=\"{project_link}\">{project_name}</a></p>\r\n<p>We are looking forward hearing from you.</p>\r\n<p>{email_signature}</p>', '{companyname} | CRM', '', 0, 1, 0),
(49, 'tasks', 'task-marked-as-finished-to-contacts', 'english', 'Task Marked as Finished (Sent to customer contacts)', 'Task Marked as Finished - {task_name}', '<div><span style=\"font-family: arial, helvetica, sans-serif; font-size: 12pt;\">Hi {contact_firstname} {contact_lastname}</span></div>\r\n<div><span style=\"font-family: arial, helvetica, sans-serif; font-size: 12pt;\">&nbsp;</span></div>\r\n<div><span style=\"font-family: arial, helvetica, sans-serif; font-size: 12pt;\">{task_user_take_action} marked the following task as complete:</span></div>\r\n<div><span style=\"font-family: arial, helvetica, sans-serif; font-size: 12pt;\">&nbsp;</span></div>\r\n<div><span style=\"font-family: arial, helvetica, sans-serif; font-size: 12pt;\"><span style=\"background-color: inherit;\">Name: </span>{task_name}</span></div>\r\n<div><span style=\"font-family: arial, helvetica, sans-serif; font-size: 12pt;\"><span style=\"background-color: inherit;\">Description: </span><span style=\"background-color: inherit;\">{task_description}</span></span></div>\r\n<div><span style=\"font-family: arial, helvetica, sans-serif; font-size: 12pt;\">Due date: <span style=\"background-color: #ffffff;\">{task_duedate}<br /></span></span><span style=\"font-family: arial, helvetica, sans-serif; font-size: 12pt;\">&nbsp;</span></div>\r\n<div><span style=\"font-size: 12pt; font-family: arial, helvetica, sans-serif;\">Click on the following link to view: <a href=\"{task_link}\">{task_name}</a></span></div>\r\n<div><span style=\"font-family: arial, helvetica, sans-serif; font-size: 12pt;\">&nbsp;</span></div>\r\n<div><span style=\"font-family: arial, helvetica, sans-serif; font-size: 12pt;\">Kind regards,</span></div>\r\n<div><span style=\"font-family: arial, helvetica, sans-serif; font-size: 12pt;\">&nbsp;</span></div>\r\n<div><span style=\"font-family: arial, helvetica, sans-serif; font-size: 12pt;\">{email_signature}</span></div>', '{companyname} | CRM', '', 0, 1, 0),
(50, 'tasks', 'task-added-attachment-to-contacts', 'english', 'New Attachment on Task (Sent to Customer Contacts)', 'New Attachment on Task - {task_name}', '<div><span style=\"font-family: arial, helvetica, sans-serif; font-size: 12pt;\">Hi {contact_firstname} {contact_lastname}</span></div>\r\n<div><span style=\"font-family: arial, helvetica, sans-serif; font-size: 12pt;\">&nbsp;</span></div>\r\n<div><span style=\"font-family: arial, helvetica, sans-serif; font-size: 12pt;\">{task_user_take_action} added an attachment on the following task:</span></div>\r\n<div><span style=\"font-family: arial, helvetica, sans-serif; font-size: 12pt;\">&nbsp;</span></div>\r\n<div><span style=\"font-family: arial, helvetica, sans-serif; font-size: 12pt;\"><span style=\"background-color: inherit;\">Name: </span>{task_name}</span></div>\r\n<div><span style=\"font-family: arial, helvetica, sans-serif; font-size: 12pt;\"><span style=\"background-color: inherit;\">Description: </span><span style=\"background-color: inherit;\">{task_description}</span></span></div>\r\n<div><span style=\"font-family: arial, helvetica, sans-serif; font-size: 12pt;\">&nbsp;</span></div>\r\n<div><span style=\"font-size: 12pt; font-family: arial, helvetica, sans-serif;\">Click on the following link to view: <a href=\"{task_link}\">{task_name}</a></span></div>\r\n<div><span style=\"font-family: arial, helvetica, sans-serif; font-size: 12pt;\">&nbsp;</span></div>\r\n<div><span style=\"font-family: arial, helvetica, sans-serif; font-size: 12pt;\">Kind regards,</span></div>\r\n<div><span style=\"font-family: arial, helvetica, sans-serif; font-size: 12pt;\">&nbsp;</span></div>\r\n<div><span style=\"font-family: arial, helvetica, sans-serif; font-size: 12pt;\">{email_signature}</span></div>', '{companyname} | CRM', '', 0, 1, 0),
(51, 'tasks', 'task-commented-to-contacts', 'english', 'New Comment on Task (Sent to Customer Contacts)', 'New Comment on Task - {task_name}', '<div><span style=\"font-family: arial, helvetica, sans-serif; font-size: 12pt;\">Dear {contact_firstname} {contact_lastname}</span></div>\r\n<div><span style=\"font-family: arial, helvetica, sans-serif; font-size: 12pt;\">&nbsp;</span></div>\r\n<div><span style=\"font-family: arial, helvetica, sans-serif; font-size: 12pt;\">A comment has been made on the following task:</span></div>\r\n<div><span style=\"font-family: arial, helvetica, sans-serif; font-size: 12pt;\">&nbsp;</span></div>\r\n<div><span style=\"font-family: arial, helvetica, sans-serif; font-size: 12pt;\">Name: &nbsp;{task_name}</span></div>\r\n<div><span style=\"font-family: arial, helvetica, sans-serif; font-size: 12pt;\">Description: &nbsp;{task_description}<br />Comment: {task_comment}</span></div>\r\n<div><span style=\"font-family: arial, helvetica, sans-serif; font-size: 12pt;\">&nbsp;</span></div>\r\n<div><span style=\"font-family: arial, helvetica, sans-serif; font-size: 12pt;\">Click on the following link to view: <a href=\"{task_link}\">{task_name}</a></span></div>\r\n<div><span style=\"font-family: arial, helvetica, sans-serif; font-size: 12pt;\">&nbsp;</span></div>\r\n<div><span style=\"font-family: arial, helvetica, sans-serif; font-size: 12pt;\">Kind regards,</span></div>\r\n<div><span style=\"font-family: arial, helvetica, sans-serif; font-size: 12pt;\">&nbsp;</span></div>\r\n<div><span style=\"font-family: arial, helvetica, sans-serif; font-size: 12pt;\">{email_signature}</span></div>', '{companyname} | CRM', '', 0, 1, 0),
(52, 'leads', 'new-lead-assigned', 'english', 'New Lead Assigned to Staff Member', 'New lead assigned to you', '<p>Hello {lead_assigned}</p>\r\n<p>New&nbsp;lead is assigned to you.<br /><br />You can view the lead on the following link: <a href=\"{lead_link}\">{lead_name}<br /><br /></a>Kind Regards,<br />{email_signature}</p>', '{companyname} | CRM', '', 0, 1, 0),
(53, 'client', 'new-client-created', 'catalan', 'New Contact Added/Registered (Welcome Email) [catalan]', 'Welcome aboard', '', '{companyname} | CRM', NULL, 0, 1, 0),
(54, 'invoice', 'invoice-send-to-client', 'catalan', 'Send Invoice to Customer [catalan]', 'Invoice with number {invoice_number} created', '', '{companyname} | CRM', NULL, 0, 1, 0),
(55, 'ticket', 'new-ticket-opened-admin', 'catalan', 'New Ticket Opened (Opened by Staff, Sent to Customer) [catalan]', 'New Support Ticket Opened', '', '{companyname} | CRM', NULL, 0, 1, 0),
(56, 'ticket', 'ticket-reply', 'catalan', 'Ticket Reply (Sent to Customer) [catalan]', 'New Ticket Reply', '', '{companyname} | CRM', NULL, 0, 1, 0),
(57, 'ticket', 'ticket-autoresponse', 'catalan', 'New Ticket Opened - Autoresponse [catalan]', 'New Support Ticket Opened', '', '{companyname} | CRM', NULL, 0, 1, 0),
(58, 'invoice', 'invoice-payment-recorded', 'catalan', 'Invoice Payment Recorded (Sent to Customer) [catalan]', 'Invoice Payment Recorded', '', '{companyname} | CRM', NULL, 0, 1, 0),
(59, 'invoice', 'invoice-overdue-notice', 'catalan', 'Invoice Overdue Notice [catalan]', 'Invoice Overdue Notice - {invoice_number}', '', '{companyname} | CRM', NULL, 0, 1, 0),
(60, 'invoice', 'invoice-already-send', 'catalan', 'Invoice Already Sent to Customer [catalan]', 'On your command here is the invoice', '', '{companyname} | CRM', NULL, 0, 1, 0),
(61, 'ticket', 'new-ticket-created-staff', 'catalan', 'New Ticket Created (Opened by Customer, Sent to Staff Members) [catalan]', 'New Ticket Created', '', '{companyname} | CRM', NULL, 0, 1, 0),
(62, 'estimate', 'estimate-send-to-client', 'catalan', 'Send Estimate to Customer [catalan]', 'Estimate # {estimate_number} created', '', '{companyname} | CRM', NULL, 0, 1, 0),
(63, 'ticket', 'ticket-reply-to-admin', 'catalan', 'Ticket Reply (Sent to Staff) [catalan]', 'New Support Ticket Reply', '', '{companyname} | CRM', NULL, 0, 1, 0),
(64, 'estimate', 'estimate-already-send', 'catalan', 'Estimate Already Sent to Customer [catalan]', 'Estimate # {estimate_number} ', '', '{companyname} | CRM', NULL, 0, 1, 0),
(65, 'contract', 'contract-expiration', 'catalan', 'Contract Expiration [catalan]', 'Contract Expiration Reminder', '', '{companyname} | CRM', NULL, 0, 1, 0),
(66, 'tasks', 'task-assigned', 'catalan', 'New Task Assigned (Sent to Staff) [catalan]', 'New Task Assigned to You - {task_name}', '', '{companyname} | CRM', NULL, 0, 1, 0),
(67, 'tasks', 'task-added-as-follower', 'catalan', 'Staff Member Added as Follower on Task [catalan]', 'You are added as follower on task - {task_name}', '', '{companyname} | CRM', NULL, 0, 1, 0),
(68, 'tasks', 'task-commented', 'catalan', 'New Comment on Task (Sent to Staff) [catalan]', 'New Comment on Task - {task_name}', '', '{companyname} | CRM', NULL, 0, 1, 0),
(69, 'tasks', 'task-marked-as-finished', 'catalan', 'Task Marked as Finished (Sent to Staff) [catalan]', 'Task Marked as Finished - {task_name}', '', '{companyname} | CRM', NULL, 0, 1, 0),
(70, 'tasks', 'task-added-attachment', 'catalan', 'New Attachment on Task (Sent to Staff) [catalan]', 'New Attachment on Task - {task_name}', '', '{companyname} | CRM', NULL, 0, 1, 0),
(71, 'tasks', 'task-unmarked-as-finished', 'catalan', 'Task Unmarked as Finished (Sent to Staff) [catalan]', 'Task UN-marked as finished - {task_name}', '', '{companyname} | CRM', NULL, 0, 1, 0),
(72, 'estimate', 'estimate-declined-to-staff', 'catalan', 'Estimate Declined (Sent to Staff) [catalan]', 'Customer Declined Estimate', '', '{companyname} | CRM', NULL, 0, 1, 0),
(73, 'estimate', 'estimate-accepted-to-staff', 'catalan', 'Estimate Accepted (Sent to Staff) [catalan]', 'Customer Accepted Estimate', '', '{companyname} | CRM', NULL, 0, 1, 0),
(74, 'proposals', 'proposal-client-accepted', 'catalan', 'Customer Action - Accepted (Sent to Staff) [catalan]', 'Customer Accepted Proposal', '', '{companyname} | CRM', NULL, 0, 1, 0),
(75, 'proposals', 'proposal-send-to-customer', 'catalan', 'Send Proposal to Customer [catalan]', 'Proposal', '', '{companyname} | CRM', NULL, 0, 1, 0),
(76, 'proposals', 'proposal-client-declined', 'catalan', 'Customer Action - Declined (Sent to Staff) [catalan]', 'Client Declined Proposal', '', '{companyname} | CRM', NULL, 0, 1, 0),
(77, 'proposals', 'proposal-client-thank-you', 'catalan', 'Thank You Email (Sent to Customer After Accept) [catalan]', 'Thank for you accepting proposal', '', '{companyname} | CRM', NULL, 0, 1, 0),
(78, 'proposals', 'proposal-comment-to-client', 'catalan', 'New Comment  (Sent to Customer Contacts) [catalan]', 'New Proposal Comment', '', '{companyname} | CRM', NULL, 0, 1, 0),
(79, 'proposals', 'proposal-comment-to-admin', 'catalan', 'New Comment (Sent to Staff)  [catalan]', 'New Proposal Comment', '', '{companyname} | CRM', NULL, 0, 1, 0),
(80, 'estimate', 'estimate-thank-you-to-customer', 'catalan', 'Thank You Email (Sent to Customer After Accept) [catalan]', 'Thank for you accepting estimate', '', '{companyname} | CRM', NULL, 0, 1, 0),
(81, 'tasks', 'task-deadline-notification', 'catalan', 'Task Deadline Reminder - Sent to Assigned Members [catalan]', 'Task Deadline Reminder', '', '{companyname} | CRM', NULL, 0, 1, 0),
(82, 'contract', 'send-contract', 'catalan', 'Send Contract to Customer [catalan]', 'Contract - {contract_subject}', '', '{companyname} | CRM', NULL, 0, 1, 0),
(83, 'invoice', 'invoice-payment-recorded-to-staff', 'catalan', 'Invoice Payment Recorded (Sent to Staff) [catalan]', 'New Invoice Payment', '', '{companyname} | CRM', NULL, 0, 1, 0),
(84, 'ticket', 'auto-close-ticket', 'catalan', 'Auto Close Ticket [catalan]', 'Ticket Auto Closed', '', '{companyname} | CRM', NULL, 0, 1, 0),
(85, 'project', 'new-project-discussion-created-to-staff', 'catalan', 'New Project Discussion (Sent to Project Members) [catalan]', 'New Project Discussion Created', '', '{companyname} | CRM', NULL, 0, 1, 0),
(86, 'project', 'new-project-discussion-created-to-customer', 'catalan', 'New Project Discussion (Sent to Customer Contacts) [catalan]', 'New Project Discussion Created', '', '{companyname} | CRM', NULL, 0, 1, 0),
(87, 'project', 'new-project-file-uploaded-to-customer', 'catalan', 'New Project File Uploaded (Sent to Customer Contacts) [catalan]', 'New Project File Uploaded', '', '{companyname} | CRM', NULL, 0, 1, 0),
(88, 'project', 'new-project-file-uploaded-to-staff', 'catalan', 'New Project File Uploaded (Sent to Project Members) [catalan]', 'New Project File Uploaded', '', '{companyname} | CRM', NULL, 0, 1, 0),
(89, 'project', 'new-project-discussion-comment-to-customer', 'catalan', 'New Discussion Comment  (Sent to Customer Contacts) [catalan]', 'New Discussion Comment', '', '{companyname} | CRM', NULL, 0, 1, 0),
(90, 'project', 'new-project-discussion-comment-to-staff', 'catalan', 'New Discussion Comment (Sent to Project Members) [catalan]', 'New Discussion Comment', '', '{companyname} | CRM', NULL, 0, 1, 0),
(91, 'project', 'staff-added-as-project-member', 'catalan', 'Staff Added as Project Member [catalan]', 'New project assigned to you', '', '{companyname} | CRM', NULL, 0, 1, 0),
(92, 'estimate', 'estimate-expiry-reminder', 'catalan', 'Estimate Expiration Reminder [catalan]', 'Estimate Expiration Reminder', '', '{companyname} | CRM', NULL, 0, 1, 0),
(93, 'proposals', 'proposal-expiry-reminder', 'catalan', 'Proposal Expiration Reminder [catalan]', 'Proposal Expiration Reminder', '', '{companyname} | CRM', NULL, 0, 1, 0),
(94, 'staff', 'new-staff-created', 'catalan', 'New Staff Created (Welcome Email) [catalan]', 'You are added as staff member', '', '{companyname} | CRM', NULL, 0, 1, 0),
(95, 'client', 'contact-forgot-password', 'catalan', 'Forgot Password [catalan]', 'Create New Password', '', '{companyname} | CRM', NULL, 0, 1, 0),
(96, 'client', 'contact-password-reseted', 'catalan', 'Password Reset - Confirmation [catalan]', 'Your password has been changed', '', '{companyname} | CRM', NULL, 0, 1, 0),
(97, 'client', 'contact-set-password', 'catalan', 'Set New Password [catalan]', 'Set new password on {companyname} ', '', '{companyname} | CRM', NULL, 0, 1, 0),
(98, 'staff', 'staff-forgot-password', 'catalan', 'Forgot Password [catalan]', 'Create New Password', '', '{companyname} | CRM', NULL, 0, 1, 0),
(99, 'staff', 'staff-password-reseted', 'catalan', 'Password Reset - Confirmation [catalan]', 'Your password has been changed', '', '{companyname} | CRM', NULL, 0, 1, 0),
(100, 'project', 'assigned-to-project', 'catalan', 'New Project Created (Sent to Customer Contacts) [catalan]', 'New Project Created', '', '{companyname} | CRM', NULL, 0, 1, 0),
(101, 'tasks', 'task-marked-as-finished-to-contacts', 'catalan', 'Task Marked as Finished (Sent to customer contacts) [catalan]', 'Task Marked as Finished - {task_name}', '', '{companyname} | CRM', NULL, 0, 1, 0),
(102, 'tasks', 'task-added-attachment-to-contacts', 'catalan', 'New Attachment on Task (Sent to Customer Contacts) [catalan]', 'New Attachment on Task - {task_name}', '', '{companyname} | CRM', NULL, 0, 1, 0),
(103, 'tasks', 'task-commented-to-contacts', 'catalan', 'New Comment on Task (Sent to Customer Contacts) [catalan]', 'New Comment on Task - {task_name}', '', '{companyname} | CRM', NULL, 0, 1, 0),
(104, 'leads', 'new-lead-assigned', 'catalan', 'New Lead Assigned to Staff Member [catalan]', 'New lead assigned to you', '', '{companyname} | CRM', NULL, 0, 1, 0),
(105, 'client', 'new-client-created', 'chinese', 'New Contact Added/Registered (Welcome Email) [chinese]', 'Welcome aboard', '', '{companyname} | CRM', NULL, 0, 1, 0),
(106, 'invoice', 'invoice-send-to-client', 'chinese', 'Send Invoice to Customer [chinese]', 'Invoice with number {invoice_number} created', '', '{companyname} | CRM', NULL, 0, 1, 0),
(107, 'ticket', 'new-ticket-opened-admin', 'chinese', 'New Ticket Opened (Opened by Staff, Sent to Customer) [chinese]', 'New Support Ticket Opened', '', '{companyname} | CRM', NULL, 0, 1, 0),
(108, 'ticket', 'ticket-reply', 'chinese', 'Ticket Reply (Sent to Customer) [chinese]', 'New Ticket Reply', '', '{companyname} | CRM', NULL, 0, 1, 0),
(109, 'ticket', 'ticket-autoresponse', 'chinese', 'New Ticket Opened - Autoresponse [chinese]', 'New Support Ticket Opened', '', '{companyname} | CRM', NULL, 0, 1, 0),
(110, 'invoice', 'invoice-payment-recorded', 'chinese', 'Invoice Payment Recorded (Sent to Customer) [chinese]', 'Invoice Payment Recorded', '', '{companyname} | CRM', NULL, 0, 1, 0),
(111, 'invoice', 'invoice-overdue-notice', 'chinese', 'Invoice Overdue Notice [chinese]', 'Invoice Overdue Notice - {invoice_number}', '', '{companyname} | CRM', NULL, 0, 1, 0),
(112, 'invoice', 'invoice-already-send', 'chinese', 'Invoice Already Sent to Customer [chinese]', 'On your command here is the invoice', '', '{companyname} | CRM', NULL, 0, 1, 0),
(113, 'ticket', 'new-ticket-created-staff', 'chinese', 'New Ticket Created (Opened by Customer, Sent to Staff Members) [chinese]', 'New Ticket Created', '', '{companyname} | CRM', NULL, 0, 1, 0),
(114, 'estimate', 'estimate-send-to-client', 'chinese', 'Send Estimate to Customer [chinese]', 'Estimate # {estimate_number} created', '', '{companyname} | CRM', NULL, 0, 1, 0),
(115, 'ticket', 'ticket-reply-to-admin', 'chinese', 'Ticket Reply (Sent to Staff) [chinese]', 'New Support Ticket Reply', '', '{companyname} | CRM', NULL, 0, 1, 0),
(116, 'estimate', 'estimate-already-send', 'chinese', 'Estimate Already Sent to Customer [chinese]', 'Estimate # {estimate_number} ', '', '{companyname} | CRM', NULL, 0, 1, 0),
(117, 'contract', 'contract-expiration', 'chinese', 'Contract Expiration [chinese]', 'Contract Expiration Reminder', '', '{companyname} | CRM', NULL, 0, 1, 0),
(118, 'tasks', 'task-assigned', 'chinese', 'New Task Assigned (Sent to Staff) [chinese]', 'New Task Assigned to You - {task_name}', '', '{companyname} | CRM', NULL, 0, 1, 0),
(119, 'tasks', 'task-added-as-follower', 'chinese', 'Staff Member Added as Follower on Task [chinese]', 'You are added as follower on task - {task_name}', '', '{companyname} | CRM', NULL, 0, 1, 0),
(120, 'tasks', 'task-commented', 'chinese', 'New Comment on Task (Sent to Staff) [chinese]', 'New Comment on Task - {task_name}', '', '{companyname} | CRM', NULL, 0, 1, 0),
(121, 'tasks', 'task-marked-as-finished', 'chinese', 'Task Marked as Finished (Sent to Staff) [chinese]', 'Task Marked as Finished - {task_name}', '', '{companyname} | CRM', NULL, 0, 1, 0),
(122, 'tasks', 'task-added-attachment', 'chinese', 'New Attachment on Task (Sent to Staff) [chinese]', 'New Attachment on Task - {task_name}', '', '{companyname} | CRM', NULL, 0, 1, 0),
(123, 'tasks', 'task-unmarked-as-finished', 'chinese', 'Task Unmarked as Finished (Sent to Staff) [chinese]', 'Task UN-marked as finished - {task_name}', '', '{companyname} | CRM', NULL, 0, 1, 0),
(124, 'estimate', 'estimate-declined-to-staff', 'chinese', 'Estimate Declined (Sent to Staff) [chinese]', 'Customer Declined Estimate', '', '{companyname} | CRM', NULL, 0, 1, 0),
(125, 'estimate', 'estimate-accepted-to-staff', 'chinese', 'Estimate Accepted (Sent to Staff) [chinese]', 'Customer Accepted Estimate', '', '{companyname} | CRM', NULL, 0, 1, 0),
(126, 'proposals', 'proposal-client-accepted', 'chinese', 'Customer Action - Accepted (Sent to Staff) [chinese]', 'Customer Accepted Proposal', '', '{companyname} | CRM', NULL, 0, 1, 0),
(127, 'proposals', 'proposal-send-to-customer', 'chinese', 'Send Proposal to Customer [chinese]', 'Proposal', '', '{companyname} | CRM', NULL, 0, 1, 0),
(128, 'proposals', 'proposal-client-declined', 'chinese', 'Customer Action - Declined (Sent to Staff) [chinese]', 'Client Declined Proposal', '', '{companyname} | CRM', NULL, 0, 1, 0),
(129, 'proposals', 'proposal-client-thank-you', 'chinese', 'Thank You Email (Sent to Customer After Accept) [chinese]', 'Thank for you accepting proposal', '', '{companyname} | CRM', NULL, 0, 1, 0),
(130, 'proposals', 'proposal-comment-to-client', 'chinese', 'New Comment  (Sent to Customer Contacts) [chinese]', 'New Proposal Comment', '', '{companyname} | CRM', NULL, 0, 1, 0),
(131, 'proposals', 'proposal-comment-to-admin', 'chinese', 'New Comment (Sent to Staff)  [chinese]', 'New Proposal Comment', '', '{companyname} | CRM', NULL, 0, 1, 0),
(132, 'estimate', 'estimate-thank-you-to-customer', 'chinese', 'Thank You Email (Sent to Customer After Accept) [chinese]', 'Thank for you accepting estimate', '', '{companyname} | CRM', NULL, 0, 1, 0),
(133, 'tasks', 'task-deadline-notification', 'chinese', 'Task Deadline Reminder - Sent to Assigned Members [chinese]', 'Task Deadline Reminder', '', '{companyname} | CRM', NULL, 0, 1, 0),
(134, 'contract', 'send-contract', 'chinese', 'Send Contract to Customer [chinese]', 'Contract - {contract_subject}', '', '{companyname} | CRM', NULL, 0, 1, 0),
(135, 'invoice', 'invoice-payment-recorded-to-staff', 'chinese', 'Invoice Payment Recorded (Sent to Staff) [chinese]', 'New Invoice Payment', '', '{companyname} | CRM', NULL, 0, 1, 0),
(136, 'ticket', 'auto-close-ticket', 'chinese', 'Auto Close Ticket [chinese]', 'Ticket Auto Closed', '', '{companyname} | CRM', NULL, 0, 1, 0),
(137, 'project', 'new-project-discussion-created-to-staff', 'chinese', 'New Project Discussion (Sent to Project Members) [chinese]', 'New Project Discussion Created', '', '{companyname} | CRM', NULL, 0, 1, 0),
(138, 'project', 'new-project-discussion-created-to-customer', 'chinese', 'New Project Discussion (Sent to Customer Contacts) [chinese]', 'New Project Discussion Created', '', '{companyname} | CRM', NULL, 0, 1, 0),
(139, 'project', 'new-project-file-uploaded-to-customer', 'chinese', 'New Project File Uploaded (Sent to Customer Contacts) [chinese]', 'New Project File Uploaded', '', '{companyname} | CRM', NULL, 0, 1, 0),
(140, 'project', 'new-project-file-uploaded-to-staff', 'chinese', 'New Project File Uploaded (Sent to Project Members) [chinese]', 'New Project File Uploaded', '', '{companyname} | CRM', NULL, 0, 1, 0),
(141, 'project', 'new-project-discussion-comment-to-customer', 'chinese', 'New Discussion Comment  (Sent to Customer Contacts) [chinese]', 'New Discussion Comment', '', '{companyname} | CRM', NULL, 0, 1, 0),
(142, 'project', 'new-project-discussion-comment-to-staff', 'chinese', 'New Discussion Comment (Sent to Project Members) [chinese]', 'New Discussion Comment', '', '{companyname} | CRM', NULL, 0, 1, 0),
(143, 'project', 'staff-added-as-project-member', 'chinese', 'Staff Added as Project Member [chinese]', 'New project assigned to you', '', '{companyname} | CRM', NULL, 0, 1, 0),
(144, 'estimate', 'estimate-expiry-reminder', 'chinese', 'Estimate Expiration Reminder [chinese]', 'Estimate Expiration Reminder', '', '{companyname} | CRM', NULL, 0, 1, 0),
(145, 'proposals', 'proposal-expiry-reminder', 'chinese', 'Proposal Expiration Reminder [chinese]', 'Proposal Expiration Reminder', '', '{companyname} | CRM', NULL, 0, 1, 0),
(146, 'staff', 'new-staff-created', 'chinese', 'New Staff Created (Welcome Email) [chinese]', 'You are added as staff member', '', '{companyname} | CRM', NULL, 0, 1, 0),
(147, 'client', 'contact-forgot-password', 'chinese', 'Forgot Password [chinese]', 'Create New Password', '', '{companyname} | CRM', NULL, 0, 1, 0),
(148, 'client', 'contact-password-reseted', 'chinese', 'Password Reset - Confirmation [chinese]', 'Your password has been changed', '', '{companyname} | CRM', NULL, 0, 1, 0),
(149, 'client', 'contact-set-password', 'chinese', 'Set New Password [chinese]', 'Set new password on {companyname} ', '', '{companyname} | CRM', NULL, 0, 1, 0),
(150, 'staff', 'staff-forgot-password', 'chinese', 'Forgot Password [chinese]', 'Create New Password', '', '{companyname} | CRM', NULL, 0, 1, 0),
(151, 'staff', 'staff-password-reseted', 'chinese', 'Password Reset - Confirmation [chinese]', 'Your password has been changed', '', '{companyname} | CRM', NULL, 0, 1, 0),
(152, 'project', 'assigned-to-project', 'chinese', 'New Project Created (Sent to Customer Contacts) [chinese]', 'New Project Created', '', '{companyname} | CRM', NULL, 0, 1, 0),
(153, 'tasks', 'task-marked-as-finished-to-contacts', 'chinese', 'Task Marked as Finished (Sent to customer contacts) [chinese]', 'Task Marked as Finished - {task_name}', '', '{companyname} | CRM', NULL, 0, 1, 0),
(154, 'tasks', 'task-added-attachment-to-contacts', 'chinese', 'New Attachment on Task (Sent to Customer Contacts) [chinese]', 'New Attachment on Task - {task_name}', '', '{companyname} | CRM', NULL, 0, 1, 0),
(155, 'tasks', 'task-commented-to-contacts', 'chinese', 'New Comment on Task (Sent to Customer Contacts) [chinese]', 'New Comment on Task - {task_name}', '', '{companyname} | CRM', NULL, 0, 1, 0),
(156, 'leads', 'new-lead-assigned', 'chinese', 'New Lead Assigned to Staff Member [chinese]', 'New lead assigned to you', '', '{companyname} | CRM', NULL, 0, 1, 0),
(157, 'client', 'new-client-created', 'dutch', 'New Contact Added/Registered (Welcome Email) [dutch]', 'Welcome aboard', '', '{companyname} | CRM', NULL, 0, 1, 0),
(158, 'invoice', 'invoice-send-to-client', 'dutch', 'Send Invoice to Customer [dutch]', 'Invoice with number {invoice_number} created', '', '{companyname} | CRM', NULL, 0, 1, 0),
(159, 'ticket', 'new-ticket-opened-admin', 'dutch', 'New Ticket Opened (Opened by Staff, Sent to Customer) [dutch]', 'New Support Ticket Opened', '', '{companyname} | CRM', NULL, 0, 1, 0),
(160, 'ticket', 'ticket-reply', 'dutch', 'Ticket Reply (Sent to Customer) [dutch]', 'New Ticket Reply', '', '{companyname} | CRM', NULL, 0, 1, 0),
(161, 'ticket', 'ticket-autoresponse', 'dutch', 'New Ticket Opened - Autoresponse [dutch]', 'New Support Ticket Opened', '', '{companyname} | CRM', NULL, 0, 1, 0),
(162, 'invoice', 'invoice-payment-recorded', 'dutch', 'Invoice Payment Recorded (Sent to Customer) [dutch]', 'Invoice Payment Recorded', '', '{companyname} | CRM', NULL, 0, 1, 0),
(163, 'invoice', 'invoice-overdue-notice', 'dutch', 'Invoice Overdue Notice [dutch]', 'Invoice Overdue Notice - {invoice_number}', '', '{companyname} | CRM', NULL, 0, 1, 0),
(164, 'invoice', 'invoice-already-send', 'dutch', 'Invoice Already Sent to Customer [dutch]', 'On your command here is the invoice', '', '{companyname} | CRM', NULL, 0, 1, 0),
(165, 'ticket', 'new-ticket-created-staff', 'dutch', 'New Ticket Created (Opened by Customer, Sent to Staff Members) [dutch]', 'New Ticket Created', '', '{companyname} | CRM', NULL, 0, 1, 0),
(166, 'estimate', 'estimate-send-to-client', 'dutch', 'Send Estimate to Customer [dutch]', 'Estimate # {estimate_number} created', '', '{companyname} | CRM', NULL, 0, 1, 0),
(167, 'ticket', 'ticket-reply-to-admin', 'dutch', 'Ticket Reply (Sent to Staff) [dutch]', 'New Support Ticket Reply', '', '{companyname} | CRM', NULL, 0, 1, 0),
(168, 'estimate', 'estimate-already-send', 'dutch', 'Estimate Already Sent to Customer [dutch]', 'Estimate # {estimate_number} ', '', '{companyname} | CRM', NULL, 0, 1, 0),
(169, 'contract', 'contract-expiration', 'dutch', 'Contract Expiration [dutch]', 'Contract Expiration Reminder', '', '{companyname} | CRM', NULL, 0, 1, 0),
(170, 'tasks', 'task-assigned', 'dutch', 'New Task Assigned (Sent to Staff) [dutch]', 'New Task Assigned to You - {task_name}', '', '{companyname} | CRM', NULL, 0, 1, 0),
(171, 'tasks', 'task-added-as-follower', 'dutch', 'Staff Member Added as Follower on Task [dutch]', 'You are added as follower on task - {task_name}', '', '{companyname} | CRM', NULL, 0, 1, 0),
(172, 'tasks', 'task-commented', 'dutch', 'New Comment on Task (Sent to Staff) [dutch]', 'New Comment on Task - {task_name}', '', '{companyname} | CRM', NULL, 0, 1, 0),
(173, 'tasks', 'task-marked-as-finished', 'dutch', 'Task Marked as Finished (Sent to Staff) [dutch]', 'Task Marked as Finished - {task_name}', '', '{companyname} | CRM', NULL, 0, 1, 0),
(174, 'tasks', 'task-added-attachment', 'dutch', 'New Attachment on Task (Sent to Staff) [dutch]', 'New Attachment on Task - {task_name}', '', '{companyname} | CRM', NULL, 0, 1, 0),
(175, 'tasks', 'task-unmarked-as-finished', 'dutch', 'Task Unmarked as Finished (Sent to Staff) [dutch]', 'Task UN-marked as finished - {task_name}', '', '{companyname} | CRM', NULL, 0, 1, 0),
(176, 'estimate', 'estimate-declined-to-staff', 'dutch', 'Estimate Declined (Sent to Staff) [dutch]', 'Customer Declined Estimate', '', '{companyname} | CRM', NULL, 0, 1, 0),
(177, 'estimate', 'estimate-accepted-to-staff', 'dutch', 'Estimate Accepted (Sent to Staff) [dutch]', 'Customer Accepted Estimate', '', '{companyname} | CRM', NULL, 0, 1, 0),
(178, 'proposals', 'proposal-client-accepted', 'dutch', 'Customer Action - Accepted (Sent to Staff) [dutch]', 'Customer Accepted Proposal', '', '{companyname} | CRM', NULL, 0, 1, 0),
(179, 'proposals', 'proposal-send-to-customer', 'dutch', 'Send Proposal to Customer [dutch]', 'Proposal', '', '{companyname} | CRM', NULL, 0, 1, 0),
(180, 'proposals', 'proposal-client-declined', 'dutch', 'Customer Action - Declined (Sent to Staff) [dutch]', 'Client Declined Proposal', '', '{companyname} | CRM', NULL, 0, 1, 0),
(181, 'proposals', 'proposal-client-thank-you', 'dutch', 'Thank You Email (Sent to Customer After Accept) [dutch]', 'Thank for you accepting proposal', '', '{companyname} | CRM', NULL, 0, 1, 0),
(182, 'proposals', 'proposal-comment-to-client', 'dutch', 'New Comment  (Sent to Customer Contacts) [dutch]', 'New Proposal Comment', '', '{companyname} | CRM', NULL, 0, 1, 0),
(183, 'proposals', 'proposal-comment-to-admin', 'dutch', 'New Comment (Sent to Staff)  [dutch]', 'New Proposal Comment', '', '{companyname} | CRM', NULL, 0, 1, 0),
(184, 'estimate', 'estimate-thank-you-to-customer', 'dutch', 'Thank You Email (Sent to Customer After Accept) [dutch]', 'Thank for you accepting estimate', '', '{companyname} | CRM', NULL, 0, 1, 0),
(185, 'tasks', 'task-deadline-notification', 'dutch', 'Task Deadline Reminder - Sent to Assigned Members [dutch]', 'Task Deadline Reminder', '', '{companyname} | CRM', NULL, 0, 1, 0),
(186, 'contract', 'send-contract', 'dutch', 'Send Contract to Customer [dutch]', 'Contract - {contract_subject}', '', '{companyname} | CRM', NULL, 0, 1, 0),
(187, 'invoice', 'invoice-payment-recorded-to-staff', 'dutch', 'Invoice Payment Recorded (Sent to Staff) [dutch]', 'New Invoice Payment', '', '{companyname} | CRM', NULL, 0, 1, 0),
(188, 'ticket', 'auto-close-ticket', 'dutch', 'Auto Close Ticket [dutch]', 'Ticket Auto Closed', '', '{companyname} | CRM', NULL, 0, 1, 0),
(189, 'project', 'new-project-discussion-created-to-staff', 'dutch', 'New Project Discussion (Sent to Project Members) [dutch]', 'New Project Discussion Created', '', '{companyname} | CRM', NULL, 0, 1, 0),
(190, 'project', 'new-project-discussion-created-to-customer', 'dutch', 'New Project Discussion (Sent to Customer Contacts) [dutch]', 'New Project Discussion Created', '', '{companyname} | CRM', NULL, 0, 1, 0),
(191, 'project', 'new-project-file-uploaded-to-customer', 'dutch', 'New Project File Uploaded (Sent to Customer Contacts) [dutch]', 'New Project File Uploaded', '', '{companyname} | CRM', NULL, 0, 1, 0),
(192, 'project', 'new-project-file-uploaded-to-staff', 'dutch', 'New Project File Uploaded (Sent to Project Members) [dutch]', 'New Project File Uploaded', '', '{companyname} | CRM', NULL, 0, 1, 0),
(193, 'project', 'new-project-discussion-comment-to-customer', 'dutch', 'New Discussion Comment  (Sent to Customer Contacts) [dutch]', 'New Discussion Comment', '', '{companyname} | CRM', NULL, 0, 1, 0),
(194, 'project', 'new-project-discussion-comment-to-staff', 'dutch', 'New Discussion Comment (Sent to Project Members) [dutch]', 'New Discussion Comment', '', '{companyname} | CRM', NULL, 0, 1, 0),
(195, 'project', 'staff-added-as-project-member', 'dutch', 'Staff Added as Project Member [dutch]', 'New project assigned to you', '', '{companyname} | CRM', NULL, 0, 1, 0),
(196, 'estimate', 'estimate-expiry-reminder', 'dutch', 'Estimate Expiration Reminder [dutch]', 'Estimate Expiration Reminder', '', '{companyname} | CRM', NULL, 0, 1, 0),
(197, 'proposals', 'proposal-expiry-reminder', 'dutch', 'Proposal Expiration Reminder [dutch]', 'Proposal Expiration Reminder', '', '{companyname} | CRM', NULL, 0, 1, 0),
(198, 'staff', 'new-staff-created', 'dutch', 'New Staff Created (Welcome Email) [dutch]', 'You are added as staff member', '', '{companyname} | CRM', NULL, 0, 1, 0),
(199, 'client', 'contact-forgot-password', 'dutch', 'Forgot Password [dutch]', 'Create New Password', '', '{companyname} | CRM', NULL, 0, 1, 0),
(200, 'client', 'contact-password-reseted', 'dutch', 'Password Reset - Confirmation [dutch]', 'Your password has been changed', '', '{companyname} | CRM', NULL, 0, 1, 0),
(201, 'client', 'contact-set-password', 'dutch', 'Set New Password [dutch]', 'Set new password on {companyname} ', '', '{companyname} | CRM', NULL, 0, 1, 0),
(202, 'staff', 'staff-forgot-password', 'dutch', 'Forgot Password [dutch]', 'Create New Password', '', '{companyname} | CRM', NULL, 0, 1, 0),
(203, 'staff', 'staff-password-reseted', 'dutch', 'Password Reset - Confirmation [dutch]', 'Your password has been changed', '', '{companyname} | CRM', NULL, 0, 1, 0),
(204, 'project', 'assigned-to-project', 'dutch', 'New Project Created (Sent to Customer Contacts) [dutch]', 'New Project Created', '', '{companyname} | CRM', NULL, 0, 1, 0),
(205, 'tasks', 'task-marked-as-finished-to-contacts', 'dutch', 'Task Marked as Finished (Sent to customer contacts) [dutch]', 'Task Marked as Finished - {task_name}', '', '{companyname} | CRM', NULL, 0, 1, 0),
(206, 'tasks', 'task-added-attachment-to-contacts', 'dutch', 'New Attachment on Task (Sent to Customer Contacts) [dutch]', 'New Attachment on Task - {task_name}', '', '{companyname} | CRM', NULL, 0, 1, 0),
(207, 'tasks', 'task-commented-to-contacts', 'dutch', 'New Comment on Task (Sent to Customer Contacts) [dutch]', 'New Comment on Task - {task_name}', '', '{companyname} | CRM', NULL, 0, 1, 0),
(208, 'leads', 'new-lead-assigned', 'dutch', 'New Lead Assigned to Staff Member [dutch]', 'New lead assigned to you', '', '{companyname} | CRM', NULL, 0, 1, 0),
(209, 'client', 'new-client-created', 'french', 'New Contact Added/Registered (Welcome Email) [french]', 'Welcome aboard', '', '{companyname} | CRM', NULL, 0, 1, 0),
(210, 'invoice', 'invoice-send-to-client', 'french', 'Send Invoice to Customer [french]', 'Invoice with number {invoice_number} created', '', '{companyname} | CRM', NULL, 0, 1, 0),
(211, 'ticket', 'new-ticket-opened-admin', 'french', 'New Ticket Opened (Opened by Staff, Sent to Customer) [french]', 'New Support Ticket Opened', '', '{companyname} | CRM', NULL, 0, 1, 0),
(212, 'ticket', 'ticket-reply', 'french', 'Ticket Reply (Sent to Customer) [french]', 'New Ticket Reply', '', '{companyname} | CRM', NULL, 0, 1, 0),
(213, 'ticket', 'ticket-autoresponse', 'french', 'New Ticket Opened - Autoresponse [french]', 'New Support Ticket Opened', '', '{companyname} | CRM', NULL, 0, 1, 0),
(214, 'invoice', 'invoice-payment-recorded', 'french', 'Invoice Payment Recorded (Sent to Customer) [french]', 'Invoice Payment Recorded', '', '{companyname} | CRM', NULL, 0, 1, 0),
(215, 'invoice', 'invoice-overdue-notice', 'french', 'Invoice Overdue Notice [french]', 'Invoice Overdue Notice - {invoice_number}', '', '{companyname} | CRM', NULL, 0, 1, 0),
(216, 'invoice', 'invoice-already-send', 'french', 'Invoice Already Sent to Customer [french]', 'On your command here is the invoice', '', '{companyname} | CRM', NULL, 0, 1, 0),
(217, 'ticket', 'new-ticket-created-staff', 'french', 'New Ticket Created (Opened by Customer, Sent to Staff Members) [french]', 'New Ticket Created', '', '{companyname} | CRM', NULL, 0, 1, 0),
(218, 'estimate', 'estimate-send-to-client', 'french', 'Send Estimate to Customer [french]', 'Estimate # {estimate_number} created', '', '{companyname} | CRM', NULL, 0, 1, 0),
(219, 'ticket', 'ticket-reply-to-admin', 'french', 'Ticket Reply (Sent to Staff) [french]', 'New Support Ticket Reply', '', '{companyname} | CRM', NULL, 0, 1, 0),
(220, 'estimate', 'estimate-already-send', 'french', 'Estimate Already Sent to Customer [french]', 'Estimate # {estimate_number} ', '', '{companyname} | CRM', NULL, 0, 1, 0),
(221, 'contract', 'contract-expiration', 'french', 'Contract Expiration [french]', 'Contract Expiration Reminder', '', '{companyname} | CRM', NULL, 0, 1, 0),
(222, 'tasks', 'task-assigned', 'french', 'New Task Assigned (Sent to Staff) [french]', 'New Task Assigned to You - {task_name}', '', '{companyname} | CRM', NULL, 0, 1, 0),
(223, 'tasks', 'task-added-as-follower', 'french', 'Staff Member Added as Follower on Task [french]', 'You are added as follower on task - {task_name}', '', '{companyname} | CRM', NULL, 0, 1, 0),
(224, 'tasks', 'task-commented', 'french', 'New Comment on Task (Sent to Staff) [french]', 'New Comment on Task - {task_name}', '', '{companyname} | CRM', NULL, 0, 1, 0),
(225, 'tasks', 'task-marked-as-finished', 'french', 'Task Marked as Finished (Sent to Staff) [french]', 'Task Marked as Finished - {task_name}', '', '{companyname} | CRM', NULL, 0, 1, 0),
(226, 'tasks', 'task-added-attachment', 'french', 'New Attachment on Task (Sent to Staff) [french]', 'New Attachment on Task - {task_name}', '', '{companyname} | CRM', NULL, 0, 1, 0),
(227, 'tasks', 'task-unmarked-as-finished', 'french', 'Task Unmarked as Finished (Sent to Staff) [french]', 'Task UN-marked as finished - {task_name}', '', '{companyname} | CRM', NULL, 0, 1, 0),
(228, 'estimate', 'estimate-declined-to-staff', 'french', 'Estimate Declined (Sent to Staff) [french]', 'Customer Declined Estimate', '', '{companyname} | CRM', NULL, 0, 1, 0),
(229, 'estimate', 'estimate-accepted-to-staff', 'french', 'Estimate Accepted (Sent to Staff) [french]', 'Customer Accepted Estimate', '', '{companyname} | CRM', NULL, 0, 1, 0),
(230, 'proposals', 'proposal-client-accepted', 'french', 'Customer Action - Accepted (Sent to Staff) [french]', 'Customer Accepted Proposal', '', '{companyname} | CRM', NULL, 0, 1, 0),
(231, 'proposals', 'proposal-send-to-customer', 'french', 'Send Proposal to Customer [french]', 'Proposal', '', '{companyname} | CRM', NULL, 0, 1, 0),
(232, 'proposals', 'proposal-client-declined', 'french', 'Customer Action - Declined (Sent to Staff) [french]', 'Client Declined Proposal', '', '{companyname} | CRM', NULL, 0, 1, 0),
(233, 'proposals', 'proposal-client-thank-you', 'french', 'Thank You Email (Sent to Customer After Accept) [french]', 'Thank for you accepting proposal', '', '{companyname} | CRM', NULL, 0, 1, 0),
(234, 'proposals', 'proposal-comment-to-client', 'french', 'New Comment  (Sent to Customer Contacts) [french]', 'New Proposal Comment', '', '{companyname} | CRM', NULL, 0, 1, 0),
(235, 'proposals', 'proposal-comment-to-admin', 'french', 'New Comment (Sent to Staff)  [french]', 'New Proposal Comment', '', '{companyname} | CRM', NULL, 0, 1, 0),
(236, 'estimate', 'estimate-thank-you-to-customer', 'french', 'Thank You Email (Sent to Customer After Accept) [french]', 'Thank for you accepting estimate', '', '{companyname} | CRM', NULL, 0, 1, 0),
(237, 'tasks', 'task-deadline-notification', 'french', 'Task Deadline Reminder - Sent to Assigned Members [french]', 'Task Deadline Reminder', '', '{companyname} | CRM', NULL, 0, 1, 0),
(238, 'contract', 'send-contract', 'french', 'Send Contract to Customer [french]', 'Contract - {contract_subject}', '', '{companyname} | CRM', NULL, 0, 1, 0),
(239, 'invoice', 'invoice-payment-recorded-to-staff', 'french', 'Invoice Payment Recorded (Sent to Staff) [french]', 'New Invoice Payment', '', '{companyname} | CRM', NULL, 0, 1, 0),
(240, 'ticket', 'auto-close-ticket', 'french', 'Auto Close Ticket [french]', 'Ticket Auto Closed', '', '{companyname} | CRM', NULL, 0, 1, 0);
INSERT INTO `tblemailtemplates` (`emailtemplateid`, `type`, `slug`, `language`, `name`, `subject`, `message`, `fromname`, `fromemail`, `plaintext`, `active`, `order`) VALUES
(241, 'project', 'new-project-discussion-created-to-staff', 'french', 'New Project Discussion (Sent to Project Members) [french]', 'New Project Discussion Created', '', '{companyname} | CRM', NULL, 0, 1, 0),
(242, 'project', 'new-project-discussion-created-to-customer', 'french', 'New Project Discussion (Sent to Customer Contacts) [french]', 'New Project Discussion Created', '', '{companyname} | CRM', NULL, 0, 1, 0),
(243, 'project', 'new-project-file-uploaded-to-customer', 'french', 'New Project File Uploaded (Sent to Customer Contacts) [french]', 'New Project File Uploaded', '', '{companyname} | CRM', NULL, 0, 1, 0),
(244, 'project', 'new-project-file-uploaded-to-staff', 'french', 'New Project File Uploaded (Sent to Project Members) [french]', 'New Project File Uploaded', '', '{companyname} | CRM', NULL, 0, 1, 0),
(245, 'project', 'new-project-discussion-comment-to-customer', 'french', 'New Discussion Comment  (Sent to Customer Contacts) [french]', 'New Discussion Comment', '', '{companyname} | CRM', NULL, 0, 1, 0),
(246, 'project', 'new-project-discussion-comment-to-staff', 'french', 'New Discussion Comment (Sent to Project Members) [french]', 'New Discussion Comment', '', '{companyname} | CRM', NULL, 0, 1, 0),
(247, 'project', 'staff-added-as-project-member', 'french', 'Staff Added as Project Member [french]', 'New project assigned to you', '', '{companyname} | CRM', NULL, 0, 1, 0),
(248, 'estimate', 'estimate-expiry-reminder', 'french', 'Estimate Expiration Reminder [french]', 'Estimate Expiration Reminder', '', '{companyname} | CRM', NULL, 0, 1, 0),
(249, 'proposals', 'proposal-expiry-reminder', 'french', 'Proposal Expiration Reminder [french]', 'Proposal Expiration Reminder', '', '{companyname} | CRM', NULL, 0, 1, 0),
(250, 'staff', 'new-staff-created', 'french', 'New Staff Created (Welcome Email) [french]', 'You are added as staff member', '', '{companyname} | CRM', NULL, 0, 1, 0),
(251, 'client', 'contact-forgot-password', 'french', 'Forgot Password [french]', 'Create New Password', '', '{companyname} | CRM', NULL, 0, 1, 0),
(252, 'client', 'contact-password-reseted', 'french', 'Password Reset - Confirmation [french]', 'Your password has been changed', '', '{companyname} | CRM', NULL, 0, 1, 0),
(253, 'client', 'contact-set-password', 'french', 'Set New Password [french]', 'Set new password on {companyname} ', '', '{companyname} | CRM', NULL, 0, 1, 0),
(254, 'staff', 'staff-forgot-password', 'french', 'Forgot Password [french]', 'Create New Password', '', '{companyname} | CRM', NULL, 0, 1, 0),
(255, 'staff', 'staff-password-reseted', 'french', 'Password Reset - Confirmation [french]', 'Your password has been changed', '', '{companyname} | CRM', NULL, 0, 1, 0),
(256, 'project', 'assigned-to-project', 'french', 'New Project Created (Sent to Customer Contacts) [french]', 'New Project Created', '', '{companyname} | CRM', NULL, 0, 1, 0),
(257, 'tasks', 'task-marked-as-finished-to-contacts', 'french', 'Task Marked as Finished (Sent to customer contacts) [french]', 'Task Marked as Finished - {task_name}', '', '{companyname} | CRM', NULL, 0, 1, 0),
(258, 'tasks', 'task-added-attachment-to-contacts', 'french', 'New Attachment on Task (Sent to Customer Contacts) [french]', 'New Attachment on Task - {task_name}', '', '{companyname} | CRM', NULL, 0, 1, 0),
(259, 'tasks', 'task-commented-to-contacts', 'french', 'New Comment on Task (Sent to Customer Contacts) [french]', 'New Comment on Task - {task_name}', '', '{companyname} | CRM', NULL, 0, 1, 0),
(260, 'leads', 'new-lead-assigned', 'french', 'New Lead Assigned to Staff Member [french]', 'New lead assigned to you', '', '{companyname} | CRM', NULL, 0, 1, 0),
(261, 'client', 'new-client-created', 'german', 'New Contact Added/Registered (Welcome Email) [german]', 'Welcome aboard', '', '{companyname} | CRM', NULL, 0, 1, 0),
(262, 'invoice', 'invoice-send-to-client', 'german', 'Send Invoice to Customer [german]', 'Invoice with number {invoice_number} created', '', '{companyname} | CRM', NULL, 0, 1, 0),
(263, 'ticket', 'new-ticket-opened-admin', 'german', 'New Ticket Opened (Opened by Staff, Sent to Customer) [german]', 'New Support Ticket Opened', '', '{companyname} | CRM', NULL, 0, 1, 0),
(264, 'ticket', 'ticket-reply', 'german', 'Ticket Reply (Sent to Customer) [german]', 'New Ticket Reply', '', '{companyname} | CRM', NULL, 0, 1, 0),
(265, 'ticket', 'ticket-autoresponse', 'german', 'New Ticket Opened - Autoresponse [german]', 'New Support Ticket Opened', '', '{companyname} | CRM', NULL, 0, 1, 0),
(266, 'invoice', 'invoice-payment-recorded', 'german', 'Invoice Payment Recorded (Sent to Customer) [german]', 'Invoice Payment Recorded', '', '{companyname} | CRM', NULL, 0, 1, 0),
(267, 'invoice', 'invoice-overdue-notice', 'german', 'Invoice Overdue Notice [german]', 'Invoice Overdue Notice - {invoice_number}', '', '{companyname} | CRM', NULL, 0, 1, 0),
(268, 'invoice', 'invoice-already-send', 'german', 'Invoice Already Sent to Customer [german]', 'On your command here is the invoice', '', '{companyname} | CRM', NULL, 0, 1, 0),
(269, 'ticket', 'new-ticket-created-staff', 'german', 'New Ticket Created (Opened by Customer, Sent to Staff Members) [german]', 'New Ticket Created', '', '{companyname} | CRM', NULL, 0, 1, 0),
(270, 'estimate', 'estimate-send-to-client', 'german', 'Send Estimate to Customer [german]', 'Estimate # {estimate_number} created', '', '{companyname} | CRM', NULL, 0, 1, 0),
(271, 'ticket', 'ticket-reply-to-admin', 'german', 'Ticket Reply (Sent to Staff) [german]', 'New Support Ticket Reply', '', '{companyname} | CRM', NULL, 0, 1, 0),
(272, 'estimate', 'estimate-already-send', 'german', 'Estimate Already Sent to Customer [german]', 'Estimate # {estimate_number} ', '', '{companyname} | CRM', NULL, 0, 1, 0),
(273, 'contract', 'contract-expiration', 'german', 'Contract Expiration [german]', 'Contract Expiration Reminder', '', '{companyname} | CRM', NULL, 0, 1, 0),
(274, 'tasks', 'task-assigned', 'german', 'New Task Assigned (Sent to Staff) [german]', 'New Task Assigned to You - {task_name}', '', '{companyname} | CRM', NULL, 0, 1, 0),
(275, 'tasks', 'task-added-as-follower', 'german', 'Staff Member Added as Follower on Task [german]', 'You are added as follower on task - {task_name}', '', '{companyname} | CRM', NULL, 0, 1, 0),
(276, 'tasks', 'task-commented', 'german', 'New Comment on Task (Sent to Staff) [german]', 'New Comment on Task - {task_name}', '', '{companyname} | CRM', NULL, 0, 1, 0),
(277, 'tasks', 'task-marked-as-finished', 'german', 'Task Marked as Finished (Sent to Staff) [german]', 'Task Marked as Finished - {task_name}', '', '{companyname} | CRM', NULL, 0, 1, 0),
(278, 'tasks', 'task-added-attachment', 'german', 'New Attachment on Task (Sent to Staff) [german]', 'New Attachment on Task - {task_name}', '', '{companyname} | CRM', NULL, 0, 1, 0),
(279, 'tasks', 'task-unmarked-as-finished', 'german', 'Task Unmarked as Finished (Sent to Staff) [german]', 'Task UN-marked as finished - {task_name}', '', '{companyname} | CRM', NULL, 0, 1, 0),
(280, 'estimate', 'estimate-declined-to-staff', 'german', 'Estimate Declined (Sent to Staff) [german]', 'Customer Declined Estimate', '', '{companyname} | CRM', NULL, 0, 1, 0),
(281, 'estimate', 'estimate-accepted-to-staff', 'german', 'Estimate Accepted (Sent to Staff) [german]', 'Customer Accepted Estimate', '', '{companyname} | CRM', NULL, 0, 1, 0),
(282, 'proposals', 'proposal-client-accepted', 'german', 'Customer Action - Accepted (Sent to Staff) [german]', 'Customer Accepted Proposal', '', '{companyname} | CRM', NULL, 0, 1, 0),
(283, 'proposals', 'proposal-send-to-customer', 'german', 'Send Proposal to Customer [german]', 'Proposal', '', '{companyname} | CRM', NULL, 0, 1, 0),
(284, 'proposals', 'proposal-client-declined', 'german', 'Customer Action - Declined (Sent to Staff) [german]', 'Client Declined Proposal', '', '{companyname} | CRM', NULL, 0, 1, 0),
(285, 'proposals', 'proposal-client-thank-you', 'german', 'Thank You Email (Sent to Customer After Accept) [german]', 'Thank for you accepting proposal', '', '{companyname} | CRM', NULL, 0, 1, 0),
(286, 'proposals', 'proposal-comment-to-client', 'german', 'New Comment  (Sent to Customer Contacts) [german]', 'New Proposal Comment', '', '{companyname} | CRM', NULL, 0, 1, 0),
(287, 'proposals', 'proposal-comment-to-admin', 'german', 'New Comment (Sent to Staff)  [german]', 'New Proposal Comment', '', '{companyname} | CRM', NULL, 0, 1, 0),
(288, 'estimate', 'estimate-thank-you-to-customer', 'german', 'Thank You Email (Sent to Customer After Accept) [german]', 'Thank for you accepting estimate', '', '{companyname} | CRM', NULL, 0, 1, 0),
(289, 'tasks', 'task-deadline-notification', 'german', 'Task Deadline Reminder - Sent to Assigned Members [german]', 'Task Deadline Reminder', '', '{companyname} | CRM', NULL, 0, 1, 0),
(290, 'contract', 'send-contract', 'german', 'Send Contract to Customer [german]', 'Contract - {contract_subject}', '', '{companyname} | CRM', NULL, 0, 1, 0),
(291, 'invoice', 'invoice-payment-recorded-to-staff', 'german', 'Invoice Payment Recorded (Sent to Staff) [german]', 'New Invoice Payment', '', '{companyname} | CRM', NULL, 0, 1, 0),
(292, 'ticket', 'auto-close-ticket', 'german', 'Auto Close Ticket [german]', 'Ticket Auto Closed', '', '{companyname} | CRM', NULL, 0, 1, 0),
(293, 'project', 'new-project-discussion-created-to-staff', 'german', 'New Project Discussion (Sent to Project Members) [german]', 'New Project Discussion Created', '', '{companyname} | CRM', NULL, 0, 1, 0),
(294, 'project', 'new-project-discussion-created-to-customer', 'german', 'New Project Discussion (Sent to Customer Contacts) [german]', 'New Project Discussion Created', '', '{companyname} | CRM', NULL, 0, 1, 0),
(295, 'project', 'new-project-file-uploaded-to-customer', 'german', 'New Project File Uploaded (Sent to Customer Contacts) [german]', 'New Project File Uploaded', '', '{companyname} | CRM', NULL, 0, 1, 0),
(296, 'project', 'new-project-file-uploaded-to-staff', 'german', 'New Project File Uploaded (Sent to Project Members) [german]', 'New Project File Uploaded', '', '{companyname} | CRM', NULL, 0, 1, 0),
(297, 'project', 'new-project-discussion-comment-to-customer', 'german', 'New Discussion Comment  (Sent to Customer Contacts) [german]', 'New Discussion Comment', '', '{companyname} | CRM', NULL, 0, 1, 0),
(298, 'project', 'new-project-discussion-comment-to-staff', 'german', 'New Discussion Comment (Sent to Project Members) [german]', 'New Discussion Comment', '', '{companyname} | CRM', NULL, 0, 1, 0),
(299, 'project', 'staff-added-as-project-member', 'german', 'Staff Added as Project Member [german]', 'New project assigned to you', '', '{companyname} | CRM', NULL, 0, 1, 0),
(300, 'estimate', 'estimate-expiry-reminder', 'german', 'Estimate Expiration Reminder [german]', 'Estimate Expiration Reminder', '', '{companyname} | CRM', NULL, 0, 1, 0),
(301, 'proposals', 'proposal-expiry-reminder', 'german', 'Proposal Expiration Reminder [german]', 'Proposal Expiration Reminder', '', '{companyname} | CRM', NULL, 0, 1, 0),
(302, 'staff', 'new-staff-created', 'german', 'New Staff Created (Welcome Email) [german]', 'You are added as staff member', '', '{companyname} | CRM', NULL, 0, 1, 0),
(303, 'client', 'contact-forgot-password', 'german', 'Forgot Password [german]', 'Create New Password', '', '{companyname} | CRM', NULL, 0, 1, 0),
(304, 'client', 'contact-password-reseted', 'german', 'Password Reset - Confirmation [german]', 'Your password has been changed', '', '{companyname} | CRM', NULL, 0, 1, 0),
(305, 'client', 'contact-set-password', 'german', 'Set New Password [german]', 'Set new password on {companyname} ', '', '{companyname} | CRM', NULL, 0, 1, 0),
(306, 'staff', 'staff-forgot-password', 'german', 'Forgot Password [german]', 'Create New Password', '', '{companyname} | CRM', NULL, 0, 1, 0),
(307, 'staff', 'staff-password-reseted', 'german', 'Password Reset - Confirmation [german]', 'Your password has been changed', '', '{companyname} | CRM', NULL, 0, 1, 0),
(308, 'project', 'assigned-to-project', 'german', 'New Project Created (Sent to Customer Contacts) [german]', 'New Project Created', '', '{companyname} | CRM', NULL, 0, 1, 0),
(309, 'tasks', 'task-marked-as-finished-to-contacts', 'german', 'Task Marked as Finished (Sent to customer contacts) [german]', 'Task Marked as Finished - {task_name}', '', '{companyname} | CRM', NULL, 0, 1, 0),
(310, 'tasks', 'task-added-attachment-to-contacts', 'german', 'New Attachment on Task (Sent to Customer Contacts) [german]', 'New Attachment on Task - {task_name}', '', '{companyname} | CRM', NULL, 0, 1, 0),
(311, 'tasks', 'task-commented-to-contacts', 'german', 'New Comment on Task (Sent to Customer Contacts) [german]', 'New Comment on Task - {task_name}', '', '{companyname} | CRM', NULL, 0, 1, 0),
(312, 'leads', 'new-lead-assigned', 'german', 'New Lead Assigned to Staff Member [german]', 'New lead assigned to you', '', '{companyname} | CRM', NULL, 0, 1, 0),
(313, 'client', 'new-client-created', 'indonesia', 'New Contact Added/Registered (Welcome Email) [indonesia]', 'Welcome aboard', '', '{companyname} | CRM', NULL, 0, 1, 0),
(314, 'invoice', 'invoice-send-to-client', 'indonesia', 'Send Invoice to Customer [indonesia]', 'Invoice with number {invoice_number} created', '', '{companyname} | CRM', NULL, 0, 1, 0),
(315, 'ticket', 'new-ticket-opened-admin', 'indonesia', 'New Ticket Opened (Opened by Staff, Sent to Customer) [indonesia]', 'New Support Ticket Opened', '', '{companyname} | CRM', NULL, 0, 1, 0),
(316, 'ticket', 'ticket-reply', 'indonesia', 'Ticket Reply (Sent to Customer) [indonesia]', 'New Ticket Reply', '', '{companyname} | CRM', NULL, 0, 1, 0),
(317, 'ticket', 'ticket-autoresponse', 'indonesia', 'New Ticket Opened - Autoresponse [indonesia]', 'New Support Ticket Opened', '', '{companyname} | CRM', NULL, 0, 1, 0),
(318, 'invoice', 'invoice-payment-recorded', 'indonesia', 'Invoice Payment Recorded (Sent to Customer) [indonesia]', 'Invoice Payment Recorded', '', '{companyname} | CRM', NULL, 0, 1, 0),
(319, 'invoice', 'invoice-overdue-notice', 'indonesia', 'Invoice Overdue Notice [indonesia]', 'Invoice Overdue Notice - {invoice_number}', '', '{companyname} | CRM', NULL, 0, 1, 0),
(320, 'invoice', 'invoice-already-send', 'indonesia', 'Invoice Already Sent to Customer [indonesia]', 'On your command here is the invoice', '', '{companyname} | CRM', NULL, 0, 1, 0),
(321, 'ticket', 'new-ticket-created-staff', 'indonesia', 'New Ticket Created (Opened by Customer, Sent to Staff Members) [indonesia]', 'New Ticket Created', '', '{companyname} | CRM', NULL, 0, 1, 0),
(322, 'estimate', 'estimate-send-to-client', 'indonesia', 'Send Estimate to Customer [indonesia]', 'Estimate # {estimate_number} created', '', '{companyname} | CRM', NULL, 0, 1, 0),
(323, 'ticket', 'ticket-reply-to-admin', 'indonesia', 'Ticket Reply (Sent to Staff) [indonesia]', 'New Support Ticket Reply', '', '{companyname} | CRM', NULL, 0, 1, 0),
(324, 'estimate', 'estimate-already-send', 'indonesia', 'Estimate Already Sent to Customer [indonesia]', 'Estimate # {estimate_number} ', '', '{companyname} | CRM', NULL, 0, 1, 0),
(325, 'contract', 'contract-expiration', 'indonesia', 'Contract Expiration [indonesia]', 'Contract Expiration Reminder', '', '{companyname} | CRM', NULL, 0, 1, 0),
(326, 'tasks', 'task-assigned', 'indonesia', 'New Task Assigned (Sent to Staff) [indonesia]', 'New Task Assigned to You - {task_name}', '', '{companyname} | CRM', NULL, 0, 1, 0),
(327, 'tasks', 'task-added-as-follower', 'indonesia', 'Staff Member Added as Follower on Task [indonesia]', 'You are added as follower on task - {task_name}', '', '{companyname} | CRM', NULL, 0, 1, 0),
(328, 'tasks', 'task-commented', 'indonesia', 'New Comment on Task (Sent to Staff) [indonesia]', 'New Comment on Task - {task_name}', '', '{companyname} | CRM', NULL, 0, 1, 0),
(329, 'tasks', 'task-marked-as-finished', 'indonesia', 'Task Marked as Finished (Sent to Staff) [indonesia]', 'Task Marked as Finished - {task_name}', '', '{companyname} | CRM', NULL, 0, 1, 0),
(330, 'tasks', 'task-added-attachment', 'indonesia', 'New Attachment on Task (Sent to Staff) [indonesia]', 'New Attachment on Task - {task_name}', '', '{companyname} | CRM', NULL, 0, 1, 0),
(331, 'tasks', 'task-unmarked-as-finished', 'indonesia', 'Task Unmarked as Finished (Sent to Staff) [indonesia]', 'Task UN-marked as finished - {task_name}', '', '{companyname} | CRM', NULL, 0, 1, 0),
(332, 'estimate', 'estimate-declined-to-staff', 'indonesia', 'Estimate Declined (Sent to Staff) [indonesia]', 'Customer Declined Estimate', '', '{companyname} | CRM', NULL, 0, 1, 0),
(333, 'estimate', 'estimate-accepted-to-staff', 'indonesia', 'Estimate Accepted (Sent to Staff) [indonesia]', 'Customer Accepted Estimate', '', '{companyname} | CRM', NULL, 0, 1, 0),
(334, 'proposals', 'proposal-client-accepted', 'indonesia', 'Customer Action - Accepted (Sent to Staff) [indonesia]', 'Customer Accepted Proposal', '', '{companyname} | CRM', NULL, 0, 1, 0),
(335, 'proposals', 'proposal-send-to-customer', 'indonesia', 'Send Proposal to Customer [indonesia]', 'Proposal', '', '{companyname} | CRM', NULL, 0, 1, 0),
(336, 'proposals', 'proposal-client-declined', 'indonesia', 'Customer Action - Declined (Sent to Staff) [indonesia]', 'Client Declined Proposal', '', '{companyname} | CRM', NULL, 0, 1, 0),
(337, 'proposals', 'proposal-client-thank-you', 'indonesia', 'Thank You Email (Sent to Customer After Accept) [indonesia]', 'Thank for you accepting proposal', '', '{companyname} | CRM', NULL, 0, 1, 0),
(338, 'proposals', 'proposal-comment-to-client', 'indonesia', 'New Comment  (Sent to Customer Contacts) [indonesia]', 'New Proposal Comment', '', '{companyname} | CRM', NULL, 0, 1, 0),
(339, 'proposals', 'proposal-comment-to-admin', 'indonesia', 'New Comment (Sent to Staff)  [indonesia]', 'New Proposal Comment', '', '{companyname} | CRM', NULL, 0, 1, 0),
(340, 'estimate', 'estimate-thank-you-to-customer', 'indonesia', 'Thank You Email (Sent to Customer After Accept) [indonesia]', 'Thank for you accepting estimate', '', '{companyname} | CRM', NULL, 0, 1, 0),
(341, 'tasks', 'task-deadline-notification', 'indonesia', 'Task Deadline Reminder - Sent to Assigned Members [indonesia]', 'Task Deadline Reminder', '', '{companyname} | CRM', NULL, 0, 1, 0),
(342, 'contract', 'send-contract', 'indonesia', 'Send Contract to Customer [indonesia]', 'Contract - {contract_subject}', '', '{companyname} | CRM', NULL, 0, 1, 0),
(343, 'invoice', 'invoice-payment-recorded-to-staff', 'indonesia', 'Invoice Payment Recorded (Sent to Staff) [indonesia]', 'New Invoice Payment', '', '{companyname} | CRM', NULL, 0, 1, 0),
(344, 'ticket', 'auto-close-ticket', 'indonesia', 'Auto Close Ticket [indonesia]', 'Ticket Auto Closed', '', '{companyname} | CRM', NULL, 0, 1, 0),
(345, 'project', 'new-project-discussion-created-to-staff', 'indonesia', 'New Project Discussion (Sent to Project Members) [indonesia]', 'New Project Discussion Created', '', '{companyname} | CRM', NULL, 0, 1, 0),
(346, 'project', 'new-project-discussion-created-to-customer', 'indonesia', 'New Project Discussion (Sent to Customer Contacts) [indonesia]', 'New Project Discussion Created', '', '{companyname} | CRM', NULL, 0, 1, 0),
(347, 'project', 'new-project-file-uploaded-to-customer', 'indonesia', 'New Project File Uploaded (Sent to Customer Contacts) [indonesia]', 'New Project File Uploaded', '', '{companyname} | CRM', NULL, 0, 1, 0),
(348, 'project', 'new-project-file-uploaded-to-staff', 'indonesia', 'New Project File Uploaded (Sent to Project Members) [indonesia]', 'New Project File Uploaded', '', '{companyname} | CRM', NULL, 0, 1, 0),
(349, 'project', 'new-project-discussion-comment-to-customer', 'indonesia', 'New Discussion Comment  (Sent to Customer Contacts) [indonesia]', 'New Discussion Comment', '', '{companyname} | CRM', NULL, 0, 1, 0),
(350, 'project', 'new-project-discussion-comment-to-staff', 'indonesia', 'New Discussion Comment (Sent to Project Members) [indonesia]', 'New Discussion Comment', '', '{companyname} | CRM', NULL, 0, 1, 0),
(351, 'project', 'staff-added-as-project-member', 'indonesia', 'Staff Added as Project Member [indonesia]', 'New project assigned to you', '', '{companyname} | CRM', NULL, 0, 1, 0),
(352, 'estimate', 'estimate-expiry-reminder', 'indonesia', 'Estimate Expiration Reminder [indonesia]', 'Estimate Expiration Reminder', '', '{companyname} | CRM', NULL, 0, 1, 0),
(353, 'proposals', 'proposal-expiry-reminder', 'indonesia', 'Proposal Expiration Reminder [indonesia]', 'Proposal Expiration Reminder', '', '{companyname} | CRM', NULL, 0, 1, 0),
(354, 'staff', 'new-staff-created', 'indonesia', 'New Staff Created (Welcome Email) [indonesia]', 'You are added as staff member', '', '{companyname} | CRM', NULL, 0, 1, 0),
(355, 'client', 'contact-forgot-password', 'indonesia', 'Forgot Password [indonesia]', 'Create New Password', '', '{companyname} | CRM', NULL, 0, 1, 0),
(356, 'client', 'contact-password-reseted', 'indonesia', 'Password Reset - Confirmation [indonesia]', 'Your password has been changed', '', '{companyname} | CRM', NULL, 0, 1, 0),
(357, 'client', 'contact-set-password', 'indonesia', 'Set New Password [indonesia]', 'Set new password on {companyname} ', '', '{companyname} | CRM', NULL, 0, 1, 0),
(358, 'staff', 'staff-forgot-password', 'indonesia', 'Forgot Password [indonesia]', 'Create New Password', '', '{companyname} | CRM', NULL, 0, 1, 0),
(359, 'staff', 'staff-password-reseted', 'indonesia', 'Password Reset - Confirmation [indonesia]', 'Your password has been changed', '', '{companyname} | CRM', NULL, 0, 1, 0),
(360, 'project', 'assigned-to-project', 'indonesia', 'New Project Created (Sent to Customer Contacts) [indonesia]', 'New Project Created', '', '{companyname} | CRM', NULL, 0, 1, 0),
(361, 'tasks', 'task-marked-as-finished-to-contacts', 'indonesia', 'Task Marked as Finished (Sent to customer contacts) [indonesia]', 'Task Marked as Finished - {task_name}', '', '{companyname} | CRM', NULL, 0, 1, 0),
(362, 'tasks', 'task-added-attachment-to-contacts', 'indonesia', 'New Attachment on Task (Sent to Customer Contacts) [indonesia]', 'New Attachment on Task - {task_name}', '', '{companyname} | CRM', NULL, 0, 1, 0),
(363, 'tasks', 'task-commented-to-contacts', 'indonesia', 'New Comment on Task (Sent to Customer Contacts) [indonesia]', 'New Comment on Task - {task_name}', '', '{companyname} | CRM', NULL, 0, 1, 0),
(364, 'leads', 'new-lead-assigned', 'indonesia', 'New Lead Assigned to Staff Member [indonesia]', 'New lead assigned to you', '', '{companyname} | CRM', NULL, 0, 1, 0),
(365, 'client', 'new-client-created', 'italian', 'New Contact Added/Registered (Welcome Email) [italian]', 'Welcome aboard', '', '{companyname} | CRM', NULL, 0, 1, 0),
(366, 'invoice', 'invoice-send-to-client', 'italian', 'Send Invoice to Customer [italian]', 'Invoice with number {invoice_number} created', '', '{companyname} | CRM', NULL, 0, 1, 0),
(367, 'ticket', 'new-ticket-opened-admin', 'italian', 'New Ticket Opened (Opened by Staff, Sent to Customer) [italian]', 'New Support Ticket Opened', '', '{companyname} | CRM', NULL, 0, 1, 0),
(368, 'ticket', 'ticket-reply', 'italian', 'Ticket Reply (Sent to Customer) [italian]', 'New Ticket Reply', '', '{companyname} | CRM', NULL, 0, 1, 0),
(369, 'ticket', 'ticket-autoresponse', 'italian', 'New Ticket Opened - Autoresponse [italian]', 'New Support Ticket Opened', '', '{companyname} | CRM', NULL, 0, 1, 0),
(370, 'invoice', 'invoice-payment-recorded', 'italian', 'Invoice Payment Recorded (Sent to Customer) [italian]', 'Invoice Payment Recorded', '', '{companyname} | CRM', NULL, 0, 1, 0),
(371, 'invoice', 'invoice-overdue-notice', 'italian', 'Invoice Overdue Notice [italian]', 'Invoice Overdue Notice - {invoice_number}', '', '{companyname} | CRM', NULL, 0, 1, 0),
(372, 'invoice', 'invoice-already-send', 'italian', 'Invoice Already Sent to Customer [italian]', 'On your command here is the invoice', '', '{companyname} | CRM', NULL, 0, 1, 0),
(373, 'ticket', 'new-ticket-created-staff', 'italian', 'New Ticket Created (Opened by Customer, Sent to Staff Members) [italian]', 'New Ticket Created', '', '{companyname} | CRM', NULL, 0, 1, 0),
(374, 'estimate', 'estimate-send-to-client', 'italian', 'Send Estimate to Customer [italian]', 'Estimate # {estimate_number} created', '', '{companyname} | CRM', NULL, 0, 1, 0),
(375, 'ticket', 'ticket-reply-to-admin', 'italian', 'Ticket Reply (Sent to Staff) [italian]', 'New Support Ticket Reply', '', '{companyname} | CRM', NULL, 0, 1, 0),
(376, 'estimate', 'estimate-already-send', 'italian', 'Estimate Already Sent to Customer [italian]', 'Estimate # {estimate_number} ', '', '{companyname} | CRM', NULL, 0, 1, 0),
(377, 'contract', 'contract-expiration', 'italian', 'Contract Expiration [italian]', 'Contract Expiration Reminder', '', '{companyname} | CRM', NULL, 0, 1, 0),
(378, 'tasks', 'task-assigned', 'italian', 'New Task Assigned (Sent to Staff) [italian]', 'New Task Assigned to You - {task_name}', '', '{companyname} | CRM', NULL, 0, 1, 0),
(379, 'tasks', 'task-added-as-follower', 'italian', 'Staff Member Added as Follower on Task [italian]', 'You are added as follower on task - {task_name}', '', '{companyname} | CRM', NULL, 0, 1, 0),
(380, 'tasks', 'task-commented', 'italian', 'New Comment on Task (Sent to Staff) [italian]', 'New Comment on Task - {task_name}', '', '{companyname} | CRM', NULL, 0, 1, 0),
(381, 'tasks', 'task-marked-as-finished', 'italian', 'Task Marked as Finished (Sent to Staff) [italian]', 'Task Marked as Finished - {task_name}', '', '{companyname} | CRM', NULL, 0, 1, 0),
(382, 'tasks', 'task-added-attachment', 'italian', 'New Attachment on Task (Sent to Staff) [italian]', 'New Attachment on Task - {task_name}', '', '{companyname} | CRM', NULL, 0, 1, 0),
(383, 'tasks', 'task-unmarked-as-finished', 'italian', 'Task Unmarked as Finished (Sent to Staff) [italian]', 'Task UN-marked as finished - {task_name}', '', '{companyname} | CRM', NULL, 0, 1, 0),
(384, 'estimate', 'estimate-declined-to-staff', 'italian', 'Estimate Declined (Sent to Staff) [italian]', 'Customer Declined Estimate', '', '{companyname} | CRM', NULL, 0, 1, 0),
(385, 'estimate', 'estimate-accepted-to-staff', 'italian', 'Estimate Accepted (Sent to Staff) [italian]', 'Customer Accepted Estimate', '', '{companyname} | CRM', NULL, 0, 1, 0),
(386, 'proposals', 'proposal-client-accepted', 'italian', 'Customer Action - Accepted (Sent to Staff) [italian]', 'Customer Accepted Proposal', '', '{companyname} | CRM', NULL, 0, 1, 0),
(387, 'proposals', 'proposal-send-to-customer', 'italian', 'Send Proposal to Customer [italian]', 'Proposal', '', '{companyname} | CRM', NULL, 0, 1, 0),
(388, 'proposals', 'proposal-client-declined', 'italian', 'Customer Action - Declined (Sent to Staff) [italian]', 'Client Declined Proposal', '', '{companyname} | CRM', NULL, 0, 1, 0),
(389, 'proposals', 'proposal-client-thank-you', 'italian', 'Thank You Email (Sent to Customer After Accept) [italian]', 'Thank for you accepting proposal', '', '{companyname} | CRM', NULL, 0, 1, 0),
(390, 'proposals', 'proposal-comment-to-client', 'italian', 'New Comment  (Sent to Customer Contacts) [italian]', 'New Proposal Comment', '', '{companyname} | CRM', NULL, 0, 1, 0),
(391, 'proposals', 'proposal-comment-to-admin', 'italian', 'New Comment (Sent to Staff)  [italian]', 'New Proposal Comment', '', '{companyname} | CRM', NULL, 0, 1, 0),
(392, 'estimate', 'estimate-thank-you-to-customer', 'italian', 'Thank You Email (Sent to Customer After Accept) [italian]', 'Thank for you accepting estimate', '', '{companyname} | CRM', NULL, 0, 1, 0),
(393, 'tasks', 'task-deadline-notification', 'italian', 'Task Deadline Reminder - Sent to Assigned Members [italian]', 'Task Deadline Reminder', '', '{companyname} | CRM', NULL, 0, 1, 0),
(394, 'contract', 'send-contract', 'italian', 'Send Contract to Customer [italian]', 'Contract - {contract_subject}', '', '{companyname} | CRM', NULL, 0, 1, 0),
(395, 'invoice', 'invoice-payment-recorded-to-staff', 'italian', 'Invoice Payment Recorded (Sent to Staff) [italian]', 'New Invoice Payment', '', '{companyname} | CRM', NULL, 0, 1, 0),
(396, 'ticket', 'auto-close-ticket', 'italian', 'Auto Close Ticket [italian]', 'Ticket Auto Closed', '', '{companyname} | CRM', NULL, 0, 1, 0),
(397, 'project', 'new-project-discussion-created-to-staff', 'italian', 'New Project Discussion (Sent to Project Members) [italian]', 'New Project Discussion Created', '', '{companyname} | CRM', NULL, 0, 1, 0),
(398, 'project', 'new-project-discussion-created-to-customer', 'italian', 'New Project Discussion (Sent to Customer Contacts) [italian]', 'New Project Discussion Created', '', '{companyname} | CRM', NULL, 0, 1, 0),
(399, 'project', 'new-project-file-uploaded-to-customer', 'italian', 'New Project File Uploaded (Sent to Customer Contacts) [italian]', 'New Project File Uploaded', '', '{companyname} | CRM', NULL, 0, 1, 0),
(400, 'project', 'new-project-file-uploaded-to-staff', 'italian', 'New Project File Uploaded (Sent to Project Members) [italian]', 'New Project File Uploaded', '', '{companyname} | CRM', NULL, 0, 1, 0),
(401, 'project', 'new-project-discussion-comment-to-customer', 'italian', 'New Discussion Comment  (Sent to Customer Contacts) [italian]', 'New Discussion Comment', '', '{companyname} | CRM', NULL, 0, 1, 0),
(402, 'project', 'new-project-discussion-comment-to-staff', 'italian', 'New Discussion Comment (Sent to Project Members) [italian]', 'New Discussion Comment', '', '{companyname} | CRM', NULL, 0, 1, 0),
(403, 'project', 'staff-added-as-project-member', 'italian', 'Staff Added as Project Member [italian]', 'New project assigned to you', '', '{companyname} | CRM', NULL, 0, 1, 0),
(404, 'estimate', 'estimate-expiry-reminder', 'italian', 'Estimate Expiration Reminder [italian]', 'Estimate Expiration Reminder', '', '{companyname} | CRM', NULL, 0, 1, 0),
(405, 'proposals', 'proposal-expiry-reminder', 'italian', 'Proposal Expiration Reminder [italian]', 'Proposal Expiration Reminder', '', '{companyname} | CRM', NULL, 0, 1, 0),
(406, 'staff', 'new-staff-created', 'italian', 'New Staff Created (Welcome Email) [italian]', 'You are added as staff member', '', '{companyname} | CRM', NULL, 0, 1, 0),
(407, 'client', 'contact-forgot-password', 'italian', 'Forgot Password [italian]', 'Create New Password', '', '{companyname} | CRM', NULL, 0, 1, 0),
(408, 'client', 'contact-password-reseted', 'italian', 'Password Reset - Confirmation [italian]', 'Your password has been changed', '', '{companyname} | CRM', NULL, 0, 1, 0),
(409, 'client', 'contact-set-password', 'italian', 'Set New Password [italian]', 'Set new password on {companyname} ', '', '{companyname} | CRM', NULL, 0, 1, 0),
(410, 'staff', 'staff-forgot-password', 'italian', 'Forgot Password [italian]', 'Create New Password', '', '{companyname} | CRM', NULL, 0, 1, 0),
(411, 'staff', 'staff-password-reseted', 'italian', 'Password Reset - Confirmation [italian]', 'Your password has been changed', '', '{companyname} | CRM', NULL, 0, 1, 0),
(412, 'project', 'assigned-to-project', 'italian', 'New Project Created (Sent to Customer Contacts) [italian]', 'New Project Created', '', '{companyname} | CRM', NULL, 0, 1, 0),
(413, 'tasks', 'task-marked-as-finished-to-contacts', 'italian', 'Task Marked as Finished (Sent to customer contacts) [italian]', 'Task Marked as Finished - {task_name}', '', '{companyname} | CRM', NULL, 0, 1, 0),
(414, 'tasks', 'task-added-attachment-to-contacts', 'italian', 'New Attachment on Task (Sent to Customer Contacts) [italian]', 'New Attachment on Task - {task_name}', '', '{companyname} | CRM', NULL, 0, 1, 0),
(415, 'tasks', 'task-commented-to-contacts', 'italian', 'New Comment on Task (Sent to Customer Contacts) [italian]', 'New Comment on Task - {task_name}', '', '{companyname} | CRM', NULL, 0, 1, 0),
(416, 'leads', 'new-lead-assigned', 'italian', 'New Lead Assigned to Staff Member [italian]', 'New lead assigned to you', '', '{companyname} | CRM', NULL, 0, 1, 0),
(417, 'client', 'new-client-created', 'persian', 'New Contact Added/Registered (Welcome Email) [persian]', 'Welcome aboard', '', '{companyname} | CRM', NULL, 0, 1, 0),
(418, 'invoice', 'invoice-send-to-client', 'persian', 'Send Invoice to Customer [persian]', 'Invoice with number {invoice_number} created', '', '{companyname} | CRM', NULL, 0, 1, 0),
(419, 'ticket', 'new-ticket-opened-admin', 'persian', 'New Ticket Opened (Opened by Staff, Sent to Customer) [persian]', 'New Support Ticket Opened', '', '{companyname} | CRM', NULL, 0, 1, 0),
(420, 'ticket', 'ticket-reply', 'persian', 'Ticket Reply (Sent to Customer) [persian]', 'New Ticket Reply', '', '{companyname} | CRM', NULL, 0, 1, 0),
(421, 'ticket', 'ticket-autoresponse', 'persian', 'New Ticket Opened - Autoresponse [persian]', 'New Support Ticket Opened', '', '{companyname} | CRM', NULL, 0, 1, 0),
(422, 'invoice', 'invoice-payment-recorded', 'persian', 'Invoice Payment Recorded (Sent to Customer) [persian]', 'Invoice Payment Recorded', '', '{companyname} | CRM', NULL, 0, 1, 0),
(423, 'invoice', 'invoice-overdue-notice', 'persian', 'Invoice Overdue Notice [persian]', 'Invoice Overdue Notice - {invoice_number}', '', '{companyname} | CRM', NULL, 0, 1, 0),
(424, 'invoice', 'invoice-already-send', 'persian', 'Invoice Already Sent to Customer [persian]', 'On your command here is the invoice', '', '{companyname} | CRM', NULL, 0, 1, 0),
(425, 'ticket', 'new-ticket-created-staff', 'persian', 'New Ticket Created (Opened by Customer, Sent to Staff Members) [persian]', 'New Ticket Created', '', '{companyname} | CRM', NULL, 0, 1, 0),
(426, 'estimate', 'estimate-send-to-client', 'persian', 'Send Estimate to Customer [persian]', 'Estimate # {estimate_number} created', '', '{companyname} | CRM', NULL, 0, 1, 0),
(427, 'ticket', 'ticket-reply-to-admin', 'persian', 'Ticket Reply (Sent to Staff) [persian]', 'New Support Ticket Reply', '', '{companyname} | CRM', NULL, 0, 1, 0),
(428, 'estimate', 'estimate-already-send', 'persian', 'Estimate Already Sent to Customer [persian]', 'Estimate # {estimate_number} ', '', '{companyname} | CRM', NULL, 0, 1, 0),
(429, 'contract', 'contract-expiration', 'persian', 'Contract Expiration [persian]', 'Contract Expiration Reminder', '', '{companyname} | CRM', NULL, 0, 1, 0),
(430, 'tasks', 'task-assigned', 'persian', 'New Task Assigned (Sent to Staff) [persian]', 'New Task Assigned to You - {task_name}', '', '{companyname} | CRM', NULL, 0, 1, 0),
(431, 'tasks', 'task-added-as-follower', 'persian', 'Staff Member Added as Follower on Task [persian]', 'You are added as follower on task - {task_name}', '', '{companyname} | CRM', NULL, 0, 1, 0),
(432, 'tasks', 'task-commented', 'persian', 'New Comment on Task (Sent to Staff) [persian]', 'New Comment on Task - {task_name}', '', '{companyname} | CRM', NULL, 0, 1, 0),
(433, 'tasks', 'task-marked-as-finished', 'persian', 'Task Marked as Finished (Sent to Staff) [persian]', 'Task Marked as Finished - {task_name}', '', '{companyname} | CRM', NULL, 0, 1, 0),
(434, 'tasks', 'task-added-attachment', 'persian', 'New Attachment on Task (Sent to Staff) [persian]', 'New Attachment on Task - {task_name}', '', '{companyname} | CRM', NULL, 0, 1, 0),
(435, 'tasks', 'task-unmarked-as-finished', 'persian', 'Task Unmarked as Finished (Sent to Staff) [persian]', 'Task UN-marked as finished - {task_name}', '', '{companyname} | CRM', NULL, 0, 1, 0),
(436, 'estimate', 'estimate-declined-to-staff', 'persian', 'Estimate Declined (Sent to Staff) [persian]', 'Customer Declined Estimate', '', '{companyname} | CRM', NULL, 0, 1, 0),
(437, 'estimate', 'estimate-accepted-to-staff', 'persian', 'Estimate Accepted (Sent to Staff) [persian]', 'Customer Accepted Estimate', '', '{companyname} | CRM', NULL, 0, 1, 0),
(438, 'proposals', 'proposal-client-accepted', 'persian', 'Customer Action - Accepted (Sent to Staff) [persian]', 'Customer Accepted Proposal', '', '{companyname} | CRM', NULL, 0, 1, 0),
(439, 'proposals', 'proposal-send-to-customer', 'persian', 'Send Proposal to Customer [persian]', 'Proposal', '', '{companyname} | CRM', NULL, 0, 1, 0),
(440, 'proposals', 'proposal-client-declined', 'persian', 'Customer Action - Declined (Sent to Staff) [persian]', 'Client Declined Proposal', '', '{companyname} | CRM', NULL, 0, 1, 0),
(441, 'proposals', 'proposal-client-thank-you', 'persian', 'Thank You Email (Sent to Customer After Accept) [persian]', 'Thank for you accepting proposal', '', '{companyname} | CRM', NULL, 0, 1, 0),
(442, 'proposals', 'proposal-comment-to-client', 'persian', 'New Comment  (Sent to Customer Contacts) [persian]', 'New Proposal Comment', '', '{companyname} | CRM', NULL, 0, 1, 0),
(443, 'proposals', 'proposal-comment-to-admin', 'persian', 'New Comment (Sent to Staff)  [persian]', 'New Proposal Comment', '', '{companyname} | CRM', NULL, 0, 1, 0),
(444, 'estimate', 'estimate-thank-you-to-customer', 'persian', 'Thank You Email (Sent to Customer After Accept) [persian]', 'Thank for you accepting estimate', '', '{companyname} | CRM', NULL, 0, 1, 0),
(445, 'tasks', 'task-deadline-notification', 'persian', 'Task Deadline Reminder - Sent to Assigned Members [persian]', 'Task Deadline Reminder', '', '{companyname} | CRM', NULL, 0, 1, 0),
(446, 'contract', 'send-contract', 'persian', 'Send Contract to Customer [persian]', 'Contract - {contract_subject}', '', '{companyname} | CRM', NULL, 0, 1, 0),
(447, 'invoice', 'invoice-payment-recorded-to-staff', 'persian', 'Invoice Payment Recorded (Sent to Staff) [persian]', 'New Invoice Payment', '', '{companyname} | CRM', NULL, 0, 1, 0),
(448, 'ticket', 'auto-close-ticket', 'persian', 'Auto Close Ticket [persian]', 'Ticket Auto Closed', '', '{companyname} | CRM', NULL, 0, 1, 0),
(449, 'project', 'new-project-discussion-created-to-staff', 'persian', 'New Project Discussion (Sent to Project Members) [persian]', 'New Project Discussion Created', '', '{companyname} | CRM', NULL, 0, 1, 0),
(450, 'project', 'new-project-discussion-created-to-customer', 'persian', 'New Project Discussion (Sent to Customer Contacts) [persian]', 'New Project Discussion Created', '', '{companyname} | CRM', NULL, 0, 1, 0),
(451, 'project', 'new-project-file-uploaded-to-customer', 'persian', 'New Project File Uploaded (Sent to Customer Contacts) [persian]', 'New Project File Uploaded', '', '{companyname} | CRM', NULL, 0, 1, 0),
(452, 'project', 'new-project-file-uploaded-to-staff', 'persian', 'New Project File Uploaded (Sent to Project Members) [persian]', 'New Project File Uploaded', '', '{companyname} | CRM', NULL, 0, 1, 0),
(453, 'project', 'new-project-discussion-comment-to-customer', 'persian', 'New Discussion Comment  (Sent to Customer Contacts) [persian]', 'New Discussion Comment', '', '{companyname} | CRM', NULL, 0, 1, 0),
(454, 'project', 'new-project-discussion-comment-to-staff', 'persian', 'New Discussion Comment (Sent to Project Members) [persian]', 'New Discussion Comment', '', '{companyname} | CRM', NULL, 0, 1, 0),
(455, 'project', 'staff-added-as-project-member', 'persian', 'Staff Added as Project Member [persian]', 'New project assigned to you', '', '{companyname} | CRM', NULL, 0, 1, 0),
(456, 'estimate', 'estimate-expiry-reminder', 'persian', 'Estimate Expiration Reminder [persian]', 'Estimate Expiration Reminder', '', '{companyname} | CRM', NULL, 0, 1, 0),
(457, 'proposals', 'proposal-expiry-reminder', 'persian', 'Proposal Expiration Reminder [persian]', 'Proposal Expiration Reminder', '', '{companyname} | CRM', NULL, 0, 1, 0),
(458, 'staff', 'new-staff-created', 'persian', 'New Staff Created (Welcome Email) [persian]', 'You are added as staff member', '', '{companyname} | CRM', NULL, 0, 1, 0),
(459, 'client', 'contact-forgot-password', 'persian', 'Forgot Password [persian]', 'Create New Password', '', '{companyname} | CRM', NULL, 0, 1, 0),
(460, 'client', 'contact-password-reseted', 'persian', 'Password Reset - Confirmation [persian]', 'Your password has been changed', '', '{companyname} | CRM', NULL, 0, 1, 0),
(461, 'client', 'contact-set-password', 'persian', 'Set New Password [persian]', 'Set new password on {companyname} ', '', '{companyname} | CRM', NULL, 0, 1, 0),
(462, 'staff', 'staff-forgot-password', 'persian', 'Forgot Password [persian]', 'Create New Password', '', '{companyname} | CRM', NULL, 0, 1, 0),
(463, 'staff', 'staff-password-reseted', 'persian', 'Password Reset - Confirmation [persian]', 'Your password has been changed', '', '{companyname} | CRM', NULL, 0, 1, 0),
(464, 'project', 'assigned-to-project', 'persian', 'New Project Created (Sent to Customer Contacts) [persian]', 'New Project Created', '', '{companyname} | CRM', NULL, 0, 1, 0),
(465, 'tasks', 'task-marked-as-finished-to-contacts', 'persian', 'Task Marked as Finished (Sent to customer contacts) [persian]', 'Task Marked as Finished - {task_name}', '', '{companyname} | CRM', NULL, 0, 1, 0),
(466, 'tasks', 'task-added-attachment-to-contacts', 'persian', 'New Attachment on Task (Sent to Customer Contacts) [persian]', 'New Attachment on Task - {task_name}', '', '{companyname} | CRM', NULL, 0, 1, 0),
(467, 'tasks', 'task-commented-to-contacts', 'persian', 'New Comment on Task (Sent to Customer Contacts) [persian]', 'New Comment on Task - {task_name}', '', '{companyname} | CRM', NULL, 0, 1, 0),
(468, 'leads', 'new-lead-assigned', 'persian', 'New Lead Assigned to Staff Member [persian]', 'New lead assigned to you', '', '{companyname} | CRM', NULL, 0, 1, 0),
(469, 'client', 'new-client-created', 'polish', 'New Contact Added/Registered (Welcome Email) [polish]', 'Welcome aboard', '', '{companyname} | CRM', NULL, 0, 1, 0),
(470, 'invoice', 'invoice-send-to-client', 'polish', 'Send Invoice to Customer [polish]', 'Invoice with number {invoice_number} created', '', '{companyname} | CRM', NULL, 0, 1, 0),
(471, 'ticket', 'new-ticket-opened-admin', 'polish', 'New Ticket Opened (Opened by Staff, Sent to Customer) [polish]', 'New Support Ticket Opened', '', '{companyname} | CRM', NULL, 0, 1, 0),
(472, 'ticket', 'ticket-reply', 'polish', 'Ticket Reply (Sent to Customer) [polish]', 'New Ticket Reply', '', '{companyname} | CRM', NULL, 0, 1, 0),
(473, 'ticket', 'ticket-autoresponse', 'polish', 'New Ticket Opened - Autoresponse [polish]', 'New Support Ticket Opened', '', '{companyname} | CRM', NULL, 0, 1, 0),
(474, 'invoice', 'invoice-payment-recorded', 'polish', 'Invoice Payment Recorded (Sent to Customer) [polish]', 'Invoice Payment Recorded', '', '{companyname} | CRM', NULL, 0, 1, 0),
(475, 'invoice', 'invoice-overdue-notice', 'polish', 'Invoice Overdue Notice [polish]', 'Invoice Overdue Notice - {invoice_number}', '', '{companyname} | CRM', NULL, 0, 1, 0),
(476, 'invoice', 'invoice-already-send', 'polish', 'Invoice Already Sent to Customer [polish]', 'On your command here is the invoice', '', '{companyname} | CRM', NULL, 0, 1, 0),
(477, 'ticket', 'new-ticket-created-staff', 'polish', 'New Ticket Created (Opened by Customer, Sent to Staff Members) [polish]', 'New Ticket Created', '', '{companyname} | CRM', NULL, 0, 1, 0),
(478, 'estimate', 'estimate-send-to-client', 'polish', 'Send Estimate to Customer [polish]', 'Estimate # {estimate_number} created', '', '{companyname} | CRM', NULL, 0, 1, 0),
(479, 'ticket', 'ticket-reply-to-admin', 'polish', 'Ticket Reply (Sent to Staff) [polish]', 'New Support Ticket Reply', '', '{companyname} | CRM', NULL, 0, 1, 0),
(480, 'estimate', 'estimate-already-send', 'polish', 'Estimate Already Sent to Customer [polish]', 'Estimate # {estimate_number} ', '', '{companyname} | CRM', NULL, 0, 1, 0),
(481, 'contract', 'contract-expiration', 'polish', 'Contract Expiration [polish]', 'Contract Expiration Reminder', '', '{companyname} | CRM', NULL, 0, 1, 0),
(482, 'tasks', 'task-assigned', 'polish', 'New Task Assigned (Sent to Staff) [polish]', 'New Task Assigned to You - {task_name}', '', '{companyname} | CRM', NULL, 0, 1, 0),
(483, 'tasks', 'task-added-as-follower', 'polish', 'Staff Member Added as Follower on Task [polish]', 'You are added as follower on task - {task_name}', '', '{companyname} | CRM', NULL, 0, 1, 0),
(484, 'tasks', 'task-commented', 'polish', 'New Comment on Task (Sent to Staff) [polish]', 'New Comment on Task - {task_name}', '', '{companyname} | CRM', NULL, 0, 1, 0),
(485, 'tasks', 'task-marked-as-finished', 'polish', 'Task Marked as Finished (Sent to Staff) [polish]', 'Task Marked as Finished - {task_name}', '', '{companyname} | CRM', NULL, 0, 1, 0),
(486, 'tasks', 'task-added-attachment', 'polish', 'New Attachment on Task (Sent to Staff) [polish]', 'New Attachment on Task - {task_name}', '', '{companyname} | CRM', NULL, 0, 1, 0),
(487, 'tasks', 'task-unmarked-as-finished', 'polish', 'Task Unmarked as Finished (Sent to Staff) [polish]', 'Task UN-marked as finished - {task_name}', '', '{companyname} | CRM', NULL, 0, 1, 0),
(488, 'estimate', 'estimate-declined-to-staff', 'polish', 'Estimate Declined (Sent to Staff) [polish]', 'Customer Declined Estimate', '', '{companyname} | CRM', NULL, 0, 1, 0),
(489, 'estimate', 'estimate-accepted-to-staff', 'polish', 'Estimate Accepted (Sent to Staff) [polish]', 'Customer Accepted Estimate', '', '{companyname} | CRM', NULL, 0, 1, 0),
(490, 'proposals', 'proposal-client-accepted', 'polish', 'Customer Action - Accepted (Sent to Staff) [polish]', 'Customer Accepted Proposal', '', '{companyname} | CRM', NULL, 0, 1, 0),
(491, 'proposals', 'proposal-send-to-customer', 'polish', 'Send Proposal to Customer [polish]', 'Proposal', '', '{companyname} | CRM', NULL, 0, 1, 0),
(492, 'proposals', 'proposal-client-declined', 'polish', 'Customer Action - Declined (Sent to Staff) [polish]', 'Client Declined Proposal', '', '{companyname} | CRM', NULL, 0, 1, 0),
(493, 'proposals', 'proposal-client-thank-you', 'polish', 'Thank You Email (Sent to Customer After Accept) [polish]', 'Thank for you accepting proposal', '', '{companyname} | CRM', NULL, 0, 1, 0),
(494, 'proposals', 'proposal-comment-to-client', 'polish', 'New Comment  (Sent to Customer Contacts) [polish]', 'New Proposal Comment', '', '{companyname} | CRM', NULL, 0, 1, 0),
(495, 'proposals', 'proposal-comment-to-admin', 'polish', 'New Comment (Sent to Staff)  [polish]', 'New Proposal Comment', '', '{companyname} | CRM', NULL, 0, 1, 0),
(496, 'estimate', 'estimate-thank-you-to-customer', 'polish', 'Thank You Email (Sent to Customer After Accept) [polish]', 'Thank for you accepting estimate', '', '{companyname} | CRM', NULL, 0, 1, 0),
(497, 'tasks', 'task-deadline-notification', 'polish', 'Task Deadline Reminder - Sent to Assigned Members [polish]', 'Task Deadline Reminder', '', '{companyname} | CRM', NULL, 0, 1, 0),
(498, 'contract', 'send-contract', 'polish', 'Send Contract to Customer [polish]', 'Contract - {contract_subject}', '', '{companyname} | CRM', NULL, 0, 1, 0),
(499, 'invoice', 'invoice-payment-recorded-to-staff', 'polish', 'Invoice Payment Recorded (Sent to Staff) [polish]', 'New Invoice Payment', '', '{companyname} | CRM', NULL, 0, 1, 0),
(500, 'ticket', 'auto-close-ticket', 'polish', 'Auto Close Ticket [polish]', 'Ticket Auto Closed', '', '{companyname} | CRM', NULL, 0, 1, 0),
(501, 'project', 'new-project-discussion-created-to-staff', 'polish', 'New Project Discussion (Sent to Project Members) [polish]', 'New Project Discussion Created', '', '{companyname} | CRM', NULL, 0, 1, 0),
(502, 'project', 'new-project-discussion-created-to-customer', 'polish', 'New Project Discussion (Sent to Customer Contacts) [polish]', 'New Project Discussion Created', '', '{companyname} | CRM', NULL, 0, 1, 0),
(503, 'project', 'new-project-file-uploaded-to-customer', 'polish', 'New Project File Uploaded (Sent to Customer Contacts) [polish]', 'New Project File Uploaded', '', '{companyname} | CRM', NULL, 0, 1, 0),
(504, 'project', 'new-project-file-uploaded-to-staff', 'polish', 'New Project File Uploaded (Sent to Project Members) [polish]', 'New Project File Uploaded', '', '{companyname} | CRM', NULL, 0, 1, 0),
(505, 'project', 'new-project-discussion-comment-to-customer', 'polish', 'New Discussion Comment  (Sent to Customer Contacts) [polish]', 'New Discussion Comment', '', '{companyname} | CRM', NULL, 0, 1, 0),
(506, 'project', 'new-project-discussion-comment-to-staff', 'polish', 'New Discussion Comment (Sent to Project Members) [polish]', 'New Discussion Comment', '', '{companyname} | CRM', NULL, 0, 1, 0),
(507, 'project', 'staff-added-as-project-member', 'polish', 'Staff Added as Project Member [polish]', 'New project assigned to you', '', '{companyname} | CRM', NULL, 0, 1, 0),
(508, 'estimate', 'estimate-expiry-reminder', 'polish', 'Estimate Expiration Reminder [polish]', 'Estimate Expiration Reminder', '', '{companyname} | CRM', NULL, 0, 1, 0),
(509, 'proposals', 'proposal-expiry-reminder', 'polish', 'Proposal Expiration Reminder [polish]', 'Proposal Expiration Reminder', '', '{companyname} | CRM', NULL, 0, 1, 0),
(510, 'staff', 'new-staff-created', 'polish', 'New Staff Created (Welcome Email) [polish]', 'You are added as staff member', '', '{companyname} | CRM', NULL, 0, 1, 0),
(511, 'client', 'contact-forgot-password', 'polish', 'Forgot Password [polish]', 'Create New Password', '', '{companyname} | CRM', NULL, 0, 1, 0),
(512, 'client', 'contact-password-reseted', 'polish', 'Password Reset - Confirmation [polish]', 'Your password has been changed', '', '{companyname} | CRM', NULL, 0, 1, 0),
(513, 'client', 'contact-set-password', 'polish', 'Set New Password [polish]', 'Set new password on {companyname} ', '', '{companyname} | CRM', NULL, 0, 1, 0),
(514, 'staff', 'staff-forgot-password', 'polish', 'Forgot Password [polish]', 'Create New Password', '', '{companyname} | CRM', NULL, 0, 1, 0),
(515, 'staff', 'staff-password-reseted', 'polish', 'Password Reset - Confirmation [polish]', 'Your password has been changed', '', '{companyname} | CRM', NULL, 0, 1, 0),
(516, 'project', 'assigned-to-project', 'polish', 'New Project Created (Sent to Customer Contacts) [polish]', 'New Project Created', '', '{companyname} | CRM', NULL, 0, 1, 0),
(517, 'tasks', 'task-marked-as-finished-to-contacts', 'polish', 'Task Marked as Finished (Sent to customer contacts) [polish]', 'Task Marked as Finished - {task_name}', '', '{companyname} | CRM', NULL, 0, 1, 0);
INSERT INTO `tblemailtemplates` (`emailtemplateid`, `type`, `slug`, `language`, `name`, `subject`, `message`, `fromname`, `fromemail`, `plaintext`, `active`, `order`) VALUES
(518, 'tasks', 'task-added-attachment-to-contacts', 'polish', 'New Attachment on Task (Sent to Customer Contacts) [polish]', 'New Attachment on Task - {task_name}', '', '{companyname} | CRM', NULL, 0, 1, 0),
(519, 'tasks', 'task-commented-to-contacts', 'polish', 'New Comment on Task (Sent to Customer Contacts) [polish]', 'New Comment on Task - {task_name}', '', '{companyname} | CRM', NULL, 0, 1, 0),
(520, 'leads', 'new-lead-assigned', 'polish', 'New Lead Assigned to Staff Member [polish]', 'New lead assigned to you', '', '{companyname} | CRM', NULL, 0, 1, 0),
(521, 'client', 'new-client-created', 'portuguese', 'New Contact Added/Registered (Welcome Email) [portuguese]', 'Welcome aboard', '', '{companyname} | CRM', NULL, 0, 1, 0),
(522, 'invoice', 'invoice-send-to-client', 'portuguese', 'Send Invoice to Customer [portuguese]', 'Invoice with number {invoice_number} created', '', '{companyname} | CRM', NULL, 0, 1, 0),
(523, 'ticket', 'new-ticket-opened-admin', 'portuguese', 'New Ticket Opened (Opened by Staff, Sent to Customer) [portuguese]', 'New Support Ticket Opened', '', '{companyname} | CRM', NULL, 0, 1, 0),
(524, 'ticket', 'ticket-reply', 'portuguese', 'Ticket Reply (Sent to Customer) [portuguese]', 'New Ticket Reply', '', '{companyname} | CRM', NULL, 0, 1, 0),
(525, 'ticket', 'ticket-autoresponse', 'portuguese', 'New Ticket Opened - Autoresponse [portuguese]', 'New Support Ticket Opened', '', '{companyname} | CRM', NULL, 0, 1, 0),
(526, 'invoice', 'invoice-payment-recorded', 'portuguese', 'Invoice Payment Recorded (Sent to Customer) [portuguese]', 'Invoice Payment Recorded', '', '{companyname} | CRM', NULL, 0, 1, 0),
(527, 'invoice', 'invoice-overdue-notice', 'portuguese', 'Invoice Overdue Notice [portuguese]', 'Invoice Overdue Notice - {invoice_number}', '', '{companyname} | CRM', NULL, 0, 1, 0),
(528, 'invoice', 'invoice-already-send', 'portuguese', 'Invoice Already Sent to Customer [portuguese]', 'On your command here is the invoice', '', '{companyname} | CRM', NULL, 0, 1, 0),
(529, 'ticket', 'new-ticket-created-staff', 'portuguese', 'New Ticket Created (Opened by Customer, Sent to Staff Members) [portuguese]', 'New Ticket Created', '', '{companyname} | CRM', NULL, 0, 1, 0),
(530, 'estimate', 'estimate-send-to-client', 'portuguese', 'Send Estimate to Customer [portuguese]', 'Estimate # {estimate_number} created', '', '{companyname} | CRM', NULL, 0, 1, 0),
(531, 'ticket', 'ticket-reply-to-admin', 'portuguese', 'Ticket Reply (Sent to Staff) [portuguese]', 'New Support Ticket Reply', '', '{companyname} | CRM', NULL, 0, 1, 0),
(532, 'estimate', 'estimate-already-send', 'portuguese', 'Estimate Already Sent to Customer [portuguese]', 'Estimate # {estimate_number} ', '', '{companyname} | CRM', NULL, 0, 1, 0),
(533, 'contract', 'contract-expiration', 'portuguese', 'Contract Expiration [portuguese]', 'Contract Expiration Reminder', '', '{companyname} | CRM', NULL, 0, 1, 0),
(534, 'tasks', 'task-assigned', 'portuguese', 'New Task Assigned (Sent to Staff) [portuguese]', 'New Task Assigned to You - {task_name}', '', '{companyname} | CRM', NULL, 0, 1, 0),
(535, 'tasks', 'task-added-as-follower', 'portuguese', 'Staff Member Added as Follower on Task [portuguese]', 'You are added as follower on task - {task_name}', '', '{companyname} | CRM', NULL, 0, 1, 0),
(536, 'tasks', 'task-commented', 'portuguese', 'New Comment on Task (Sent to Staff) [portuguese]', 'New Comment on Task - {task_name}', '', '{companyname} | CRM', NULL, 0, 1, 0),
(537, 'tasks', 'task-marked-as-finished', 'portuguese', 'Task Marked as Finished (Sent to Staff) [portuguese]', 'Task Marked as Finished - {task_name}', '', '{companyname} | CRM', NULL, 0, 1, 0),
(538, 'tasks', 'task-added-attachment', 'portuguese', 'New Attachment on Task (Sent to Staff) [portuguese]', 'New Attachment on Task - {task_name}', '', '{companyname} | CRM', NULL, 0, 1, 0),
(539, 'tasks', 'task-unmarked-as-finished', 'portuguese', 'Task Unmarked as Finished (Sent to Staff) [portuguese]', 'Task UN-marked as finished - {task_name}', '', '{companyname} | CRM', NULL, 0, 1, 0),
(540, 'estimate', 'estimate-declined-to-staff', 'portuguese', 'Estimate Declined (Sent to Staff) [portuguese]', 'Customer Declined Estimate', '', '{companyname} | CRM', NULL, 0, 1, 0),
(541, 'estimate', 'estimate-accepted-to-staff', 'portuguese', 'Estimate Accepted (Sent to Staff) [portuguese]', 'Customer Accepted Estimate', '', '{companyname} | CRM', NULL, 0, 1, 0),
(542, 'proposals', 'proposal-client-accepted', 'portuguese', 'Customer Action - Accepted (Sent to Staff) [portuguese]', 'Customer Accepted Proposal', '', '{companyname} | CRM', NULL, 0, 1, 0),
(543, 'proposals', 'proposal-send-to-customer', 'portuguese', 'Send Proposal to Customer [portuguese]', 'Proposal', '', '{companyname} | CRM', NULL, 0, 1, 0),
(544, 'proposals', 'proposal-client-declined', 'portuguese', 'Customer Action - Declined (Sent to Staff) [portuguese]', 'Client Declined Proposal', '', '{companyname} | CRM', NULL, 0, 1, 0),
(545, 'proposals', 'proposal-client-thank-you', 'portuguese', 'Thank You Email (Sent to Customer After Accept) [portuguese]', 'Thank for you accepting proposal', '', '{companyname} | CRM', NULL, 0, 1, 0),
(546, 'proposals', 'proposal-comment-to-client', 'portuguese', 'New Comment  (Sent to Customer Contacts) [portuguese]', 'New Proposal Comment', '', '{companyname} | CRM', NULL, 0, 1, 0),
(547, 'proposals', 'proposal-comment-to-admin', 'portuguese', 'New Comment (Sent to Staff)  [portuguese]', 'New Proposal Comment', '', '{companyname} | CRM', NULL, 0, 1, 0),
(548, 'estimate', 'estimate-thank-you-to-customer', 'portuguese', 'Thank You Email (Sent to Customer After Accept) [portuguese]', 'Thank for you accepting estimate', '', '{companyname} | CRM', NULL, 0, 1, 0),
(549, 'tasks', 'task-deadline-notification', 'portuguese', 'Task Deadline Reminder - Sent to Assigned Members [portuguese]', 'Task Deadline Reminder', '', '{companyname} | CRM', NULL, 0, 1, 0),
(550, 'contract', 'send-contract', 'portuguese', 'Send Contract to Customer [portuguese]', 'Contract - {contract_subject}', '', '{companyname} | CRM', NULL, 0, 1, 0),
(551, 'invoice', 'invoice-payment-recorded-to-staff', 'portuguese', 'Invoice Payment Recorded (Sent to Staff) [portuguese]', 'New Invoice Payment', '', '{companyname} | CRM', NULL, 0, 1, 0),
(552, 'ticket', 'auto-close-ticket', 'portuguese', 'Auto Close Ticket [portuguese]', 'Ticket Auto Closed', '', '{companyname} | CRM', NULL, 0, 1, 0),
(553, 'project', 'new-project-discussion-created-to-staff', 'portuguese', 'New Project Discussion (Sent to Project Members) [portuguese]', 'New Project Discussion Created', '', '{companyname} | CRM', NULL, 0, 1, 0),
(554, 'project', 'new-project-discussion-created-to-customer', 'portuguese', 'New Project Discussion (Sent to Customer Contacts) [portuguese]', 'New Project Discussion Created', '', '{companyname} | CRM', NULL, 0, 1, 0),
(555, 'project', 'new-project-file-uploaded-to-customer', 'portuguese', 'New Project File Uploaded (Sent to Customer Contacts) [portuguese]', 'New Project File Uploaded', '', '{companyname} | CRM', NULL, 0, 1, 0),
(556, 'project', 'new-project-file-uploaded-to-staff', 'portuguese', 'New Project File Uploaded (Sent to Project Members) [portuguese]', 'New Project File Uploaded', '', '{companyname} | CRM', NULL, 0, 1, 0),
(557, 'project', 'new-project-discussion-comment-to-customer', 'portuguese', 'New Discussion Comment  (Sent to Customer Contacts) [portuguese]', 'New Discussion Comment', '', '{companyname} | CRM', NULL, 0, 1, 0),
(558, 'project', 'new-project-discussion-comment-to-staff', 'portuguese', 'New Discussion Comment (Sent to Project Members) [portuguese]', 'New Discussion Comment', '', '{companyname} | CRM', NULL, 0, 1, 0),
(559, 'project', 'staff-added-as-project-member', 'portuguese', 'Staff Added as Project Member [portuguese]', 'New project assigned to you', '', '{companyname} | CRM', NULL, 0, 1, 0),
(560, 'estimate', 'estimate-expiry-reminder', 'portuguese', 'Estimate Expiration Reminder [portuguese]', 'Estimate Expiration Reminder', '', '{companyname} | CRM', NULL, 0, 1, 0),
(561, 'proposals', 'proposal-expiry-reminder', 'portuguese', 'Proposal Expiration Reminder [portuguese]', 'Proposal Expiration Reminder', '', '{companyname} | CRM', NULL, 0, 1, 0),
(562, 'staff', 'new-staff-created', 'portuguese', 'New Staff Created (Welcome Email) [portuguese]', 'You are added as staff member', '', '{companyname} | CRM', NULL, 0, 1, 0),
(563, 'client', 'contact-forgot-password', 'portuguese', 'Forgot Password [portuguese]', 'Create New Password', '', '{companyname} | CRM', NULL, 0, 1, 0),
(564, 'client', 'contact-password-reseted', 'portuguese', 'Password Reset - Confirmation [portuguese]', 'Your password has been changed', '', '{companyname} | CRM', NULL, 0, 1, 0),
(565, 'client', 'contact-set-password', 'portuguese', 'Set New Password [portuguese]', 'Set new password on {companyname} ', '', '{companyname} | CRM', NULL, 0, 1, 0),
(566, 'staff', 'staff-forgot-password', 'portuguese', 'Forgot Password [portuguese]', 'Create New Password', '', '{companyname} | CRM', NULL, 0, 1, 0),
(567, 'staff', 'staff-password-reseted', 'portuguese', 'Password Reset - Confirmation [portuguese]', 'Your password has been changed', '', '{companyname} | CRM', NULL, 0, 1, 0),
(568, 'project', 'assigned-to-project', 'portuguese', 'New Project Created (Sent to Customer Contacts) [portuguese]', 'New Project Created', '', '{companyname} | CRM', NULL, 0, 1, 0),
(569, 'tasks', 'task-marked-as-finished-to-contacts', 'portuguese', 'Task Marked as Finished (Sent to customer contacts) [portuguese]', 'Task Marked as Finished - {task_name}', '', '{companyname} | CRM', NULL, 0, 1, 0),
(570, 'tasks', 'task-added-attachment-to-contacts', 'portuguese', 'New Attachment on Task (Sent to Customer Contacts) [portuguese]', 'New Attachment on Task - {task_name}', '', '{companyname} | CRM', NULL, 0, 1, 0),
(571, 'tasks', 'task-commented-to-contacts', 'portuguese', 'New Comment on Task (Sent to Customer Contacts) [portuguese]', 'New Comment on Task - {task_name}', '', '{companyname} | CRM', NULL, 0, 1, 0),
(572, 'leads', 'new-lead-assigned', 'portuguese', 'New Lead Assigned to Staff Member [portuguese]', 'New lead assigned to you', '', '{companyname} | CRM', NULL, 0, 1, 0),
(573, 'client', 'new-client-created', 'portuguese_br', 'New Contact Added/Registered (Welcome Email) [portuguese_br]', 'Welcome aboard', '', '{companyname} | CRM', NULL, 0, 1, 0),
(574, 'invoice', 'invoice-send-to-client', 'portuguese_br', 'Send Invoice to Customer [portuguese_br]', 'Invoice with number {invoice_number} created', '', '{companyname} | CRM', NULL, 0, 1, 0),
(575, 'ticket', 'new-ticket-opened-admin', 'portuguese_br', 'New Ticket Opened (Opened by Staff, Sent to Customer) [portuguese_br]', 'New Support Ticket Opened', '', '{companyname} | CRM', NULL, 0, 1, 0),
(576, 'ticket', 'ticket-reply', 'portuguese_br', 'Ticket Reply (Sent to Customer) [portuguese_br]', 'New Ticket Reply', '', '{companyname} | CRM', NULL, 0, 1, 0),
(577, 'ticket', 'ticket-autoresponse', 'portuguese_br', 'New Ticket Opened - Autoresponse [portuguese_br]', 'New Support Ticket Opened', '', '{companyname} | CRM', NULL, 0, 1, 0),
(578, 'invoice', 'invoice-payment-recorded', 'portuguese_br', 'Invoice Payment Recorded (Sent to Customer) [portuguese_br]', 'Invoice Payment Recorded', '', '{companyname} | CRM', NULL, 0, 1, 0),
(579, 'invoice', 'invoice-overdue-notice', 'portuguese_br', 'Invoice Overdue Notice [portuguese_br]', 'Invoice Overdue Notice - {invoice_number}', '', '{companyname} | CRM', NULL, 0, 1, 0),
(580, 'invoice', 'invoice-already-send', 'portuguese_br', 'Invoice Already Sent to Customer [portuguese_br]', 'On your command here is the invoice', '', '{companyname} | CRM', NULL, 0, 1, 0),
(581, 'ticket', 'new-ticket-created-staff', 'portuguese_br', 'New Ticket Created (Opened by Customer, Sent to Staff Members) [portuguese_br]', 'New Ticket Created', '', '{companyname} | CRM', NULL, 0, 1, 0),
(582, 'estimate', 'estimate-send-to-client', 'portuguese_br', 'Send Estimate to Customer [portuguese_br]', 'Estimate # {estimate_number} created', '', '{companyname} | CRM', NULL, 0, 1, 0),
(583, 'ticket', 'ticket-reply-to-admin', 'portuguese_br', 'Ticket Reply (Sent to Staff) [portuguese_br]', 'New Support Ticket Reply', '', '{companyname} | CRM', NULL, 0, 1, 0),
(584, 'estimate', 'estimate-already-send', 'portuguese_br', 'Estimate Already Sent to Customer [portuguese_br]', 'Estimate # {estimate_number} ', '', '{companyname} | CRM', NULL, 0, 1, 0),
(585, 'contract', 'contract-expiration', 'portuguese_br', 'Contract Expiration [portuguese_br]', 'Contract Expiration Reminder', '', '{companyname} | CRM', NULL, 0, 1, 0),
(586, 'tasks', 'task-assigned', 'portuguese_br', 'New Task Assigned (Sent to Staff) [portuguese_br]', 'New Task Assigned to You - {task_name}', '', '{companyname} | CRM', NULL, 0, 1, 0),
(587, 'tasks', 'task-added-as-follower', 'portuguese_br', 'Staff Member Added as Follower on Task [portuguese_br]', 'You are added as follower on task - {task_name}', '', '{companyname} | CRM', NULL, 0, 1, 0),
(588, 'tasks', 'task-commented', 'portuguese_br', 'New Comment on Task (Sent to Staff) [portuguese_br]', 'New Comment on Task - {task_name}', '', '{companyname} | CRM', NULL, 0, 1, 0),
(589, 'tasks', 'task-marked-as-finished', 'portuguese_br', 'Task Marked as Finished (Sent to Staff) [portuguese_br]', 'Task Marked as Finished - {task_name}', '', '{companyname} | CRM', NULL, 0, 1, 0),
(590, 'tasks', 'task-added-attachment', 'portuguese_br', 'New Attachment on Task (Sent to Staff) [portuguese_br]', 'New Attachment on Task - {task_name}', '', '{companyname} | CRM', NULL, 0, 1, 0),
(591, 'tasks', 'task-unmarked-as-finished', 'portuguese_br', 'Task Unmarked as Finished (Sent to Staff) [portuguese_br]', 'Task UN-marked as finished - {task_name}', '', '{companyname} | CRM', NULL, 0, 1, 0),
(592, 'estimate', 'estimate-declined-to-staff', 'portuguese_br', 'Estimate Declined (Sent to Staff) [portuguese_br]', 'Customer Declined Estimate', '', '{companyname} | CRM', NULL, 0, 1, 0),
(593, 'estimate', 'estimate-accepted-to-staff', 'portuguese_br', 'Estimate Accepted (Sent to Staff) [portuguese_br]', 'Customer Accepted Estimate', '', '{companyname} | CRM', NULL, 0, 1, 0),
(594, 'proposals', 'proposal-client-accepted', 'portuguese_br', 'Customer Action - Accepted (Sent to Staff) [portuguese_br]', 'Customer Accepted Proposal', '', '{companyname} | CRM', NULL, 0, 1, 0),
(595, 'proposals', 'proposal-send-to-customer', 'portuguese_br', 'Send Proposal to Customer [portuguese_br]', 'Proposal', '', '{companyname} | CRM', NULL, 0, 1, 0),
(596, 'proposals', 'proposal-client-declined', 'portuguese_br', 'Customer Action - Declined (Sent to Staff) [portuguese_br]', 'Client Declined Proposal', '', '{companyname} | CRM', NULL, 0, 1, 0),
(597, 'proposals', 'proposal-client-thank-you', 'portuguese_br', 'Thank You Email (Sent to Customer After Accept) [portuguese_br]', 'Thank for you accepting proposal', '', '{companyname} | CRM', NULL, 0, 1, 0),
(598, 'proposals', 'proposal-comment-to-client', 'portuguese_br', 'New Comment  (Sent to Customer Contacts) [portuguese_br]', 'New Proposal Comment', '', '{companyname} | CRM', NULL, 0, 1, 0),
(599, 'proposals', 'proposal-comment-to-admin', 'portuguese_br', 'New Comment (Sent to Staff)  [portuguese_br]', 'New Proposal Comment', '', '{companyname} | CRM', NULL, 0, 1, 0),
(600, 'estimate', 'estimate-thank-you-to-customer', 'portuguese_br', 'Thank You Email (Sent to Customer After Accept) [portuguese_br]', 'Thank for you accepting estimate', '', '{companyname} | CRM', NULL, 0, 1, 0),
(601, 'tasks', 'task-deadline-notification', 'portuguese_br', 'Task Deadline Reminder - Sent to Assigned Members [portuguese_br]', 'Task Deadline Reminder', '', '{companyname} | CRM', NULL, 0, 1, 0),
(602, 'contract', 'send-contract', 'portuguese_br', 'Send Contract to Customer [portuguese_br]', 'Contract - {contract_subject}', '', '{companyname} | CRM', NULL, 0, 1, 0),
(603, 'invoice', 'invoice-payment-recorded-to-staff', 'portuguese_br', 'Invoice Payment Recorded (Sent to Staff) [portuguese_br]', 'New Invoice Payment', '', '{companyname} | CRM', NULL, 0, 1, 0),
(604, 'ticket', 'auto-close-ticket', 'portuguese_br', 'Auto Close Ticket [portuguese_br]', 'Ticket Auto Closed', '', '{companyname} | CRM', NULL, 0, 1, 0),
(605, 'project', 'new-project-discussion-created-to-staff', 'portuguese_br', 'New Project Discussion (Sent to Project Members) [portuguese_br]', 'New Project Discussion Created', '', '{companyname} | CRM', NULL, 0, 1, 0),
(606, 'project', 'new-project-discussion-created-to-customer', 'portuguese_br', 'New Project Discussion (Sent to Customer Contacts) [portuguese_br]', 'New Project Discussion Created', '', '{companyname} | CRM', NULL, 0, 1, 0),
(607, 'project', 'new-project-file-uploaded-to-customer', 'portuguese_br', 'New Project File Uploaded (Sent to Customer Contacts) [portuguese_br]', 'New Project File Uploaded', '', '{companyname} | CRM', NULL, 0, 1, 0),
(608, 'project', 'new-project-file-uploaded-to-staff', 'portuguese_br', 'New Project File Uploaded (Sent to Project Members) [portuguese_br]', 'New Project File Uploaded', '', '{companyname} | CRM', NULL, 0, 1, 0),
(609, 'project', 'new-project-discussion-comment-to-customer', 'portuguese_br', 'New Discussion Comment  (Sent to Customer Contacts) [portuguese_br]', 'New Discussion Comment', '', '{companyname} | CRM', NULL, 0, 1, 0),
(610, 'project', 'new-project-discussion-comment-to-staff', 'portuguese_br', 'New Discussion Comment (Sent to Project Members) [portuguese_br]', 'New Discussion Comment', '', '{companyname} | CRM', NULL, 0, 1, 0),
(611, 'project', 'staff-added-as-project-member', 'portuguese_br', 'Staff Added as Project Member [portuguese_br]', 'New project assigned to you', '', '{companyname} | CRM', NULL, 0, 1, 0),
(612, 'estimate', 'estimate-expiry-reminder', 'portuguese_br', 'Estimate Expiration Reminder [portuguese_br]', 'Estimate Expiration Reminder', '', '{companyname} | CRM', NULL, 0, 1, 0),
(613, 'proposals', 'proposal-expiry-reminder', 'portuguese_br', 'Proposal Expiration Reminder [portuguese_br]', 'Proposal Expiration Reminder', '', '{companyname} | CRM', NULL, 0, 1, 0),
(614, 'staff', 'new-staff-created', 'portuguese_br', 'New Staff Created (Welcome Email) [portuguese_br]', 'You are added as staff member', '', '{companyname} | CRM', NULL, 0, 1, 0),
(615, 'client', 'contact-forgot-password', 'portuguese_br', 'Forgot Password [portuguese_br]', 'Create New Password', '', '{companyname} | CRM', NULL, 0, 1, 0),
(616, 'client', 'contact-password-reseted', 'portuguese_br', 'Password Reset - Confirmation [portuguese_br]', 'Your password has been changed', '', '{companyname} | CRM', NULL, 0, 1, 0),
(617, 'client', 'contact-set-password', 'portuguese_br', 'Set New Password [portuguese_br]', 'Set new password on {companyname} ', '', '{companyname} | CRM', NULL, 0, 1, 0),
(618, 'staff', 'staff-forgot-password', 'portuguese_br', 'Forgot Password [portuguese_br]', 'Create New Password', '', '{companyname} | CRM', NULL, 0, 1, 0),
(619, 'staff', 'staff-password-reseted', 'portuguese_br', 'Password Reset - Confirmation [portuguese_br]', 'Your password has been changed', '', '{companyname} | CRM', NULL, 0, 1, 0),
(620, 'project', 'assigned-to-project', 'portuguese_br', 'New Project Created (Sent to Customer Contacts) [portuguese_br]', 'New Project Created', '', '{companyname} | CRM', NULL, 0, 1, 0),
(621, 'tasks', 'task-marked-as-finished-to-contacts', 'portuguese_br', 'Task Marked as Finished (Sent to customer contacts) [portuguese_br]', 'Task Marked as Finished - {task_name}', '', '{companyname} | CRM', NULL, 0, 1, 0),
(622, 'tasks', 'task-added-attachment-to-contacts', 'portuguese_br', 'New Attachment on Task (Sent to Customer Contacts) [portuguese_br]', 'New Attachment on Task - {task_name}', '', '{companyname} | CRM', NULL, 0, 1, 0),
(623, 'tasks', 'task-commented-to-contacts', 'portuguese_br', 'New Comment on Task (Sent to Customer Contacts) [portuguese_br]', 'New Comment on Task - {task_name}', '', '{companyname} | CRM', NULL, 0, 1, 0),
(624, 'leads', 'new-lead-assigned', 'portuguese_br', 'New Lead Assigned to Staff Member [portuguese_br]', 'New lead assigned to you', '', '{companyname} | CRM', NULL, 0, 1, 0),
(625, 'client', 'new-client-created', 'spanish', 'New Contact Added/Registered (Welcome Email) [spanish]', 'Welcome aboard', '', '{companyname} | CRM', NULL, 0, 1, 0),
(626, 'invoice', 'invoice-send-to-client', 'spanish', 'Send Invoice to Customer [spanish]', 'Invoice with number {invoice_number} created', '', '{companyname} | CRM', NULL, 0, 1, 0),
(627, 'ticket', 'new-ticket-opened-admin', 'spanish', 'New Ticket Opened (Opened by Staff, Sent to Customer) [spanish]', 'New Support Ticket Opened', '', '{companyname} | CRM', NULL, 0, 1, 0),
(628, 'ticket', 'ticket-reply', 'spanish', 'Ticket Reply (Sent to Customer) [spanish]', 'New Ticket Reply', '', '{companyname} | CRM', NULL, 0, 1, 0),
(629, 'ticket', 'ticket-autoresponse', 'spanish', 'New Ticket Opened - Autoresponse [spanish]', 'New Support Ticket Opened', '', '{companyname} | CRM', NULL, 0, 1, 0),
(630, 'invoice', 'invoice-payment-recorded', 'spanish', 'Invoice Payment Recorded (Sent to Customer) [spanish]', 'Invoice Payment Recorded', '', '{companyname} | CRM', NULL, 0, 1, 0),
(631, 'invoice', 'invoice-overdue-notice', 'spanish', 'Invoice Overdue Notice [spanish]', 'Invoice Overdue Notice - {invoice_number}', '', '{companyname} | CRM', NULL, 0, 1, 0),
(632, 'invoice', 'invoice-already-send', 'spanish', 'Invoice Already Sent to Customer [spanish]', 'On your command here is the invoice', '', '{companyname} | CRM', NULL, 0, 1, 0),
(633, 'ticket', 'new-ticket-created-staff', 'spanish', 'New Ticket Created (Opened by Customer, Sent to Staff Members) [spanish]', 'New Ticket Created', '', '{companyname} | CRM', NULL, 0, 1, 0),
(634, 'estimate', 'estimate-send-to-client', 'spanish', 'Send Estimate to Customer [spanish]', 'Estimate # {estimate_number} created', '', '{companyname} | CRM', NULL, 0, 1, 0),
(635, 'ticket', 'ticket-reply-to-admin', 'spanish', 'Ticket Reply (Sent to Staff) [spanish]', 'New Support Ticket Reply', '', '{companyname} | CRM', NULL, 0, 1, 0),
(636, 'estimate', 'estimate-already-send', 'spanish', 'Estimate Already Sent to Customer [spanish]', 'Estimate # {estimate_number} ', '', '{companyname} | CRM', NULL, 0, 1, 0),
(637, 'contract', 'contract-expiration', 'spanish', 'Contract Expiration [spanish]', 'Contract Expiration Reminder', '', '{companyname} | CRM', NULL, 0, 1, 0),
(638, 'tasks', 'task-assigned', 'spanish', 'New Task Assigned (Sent to Staff) [spanish]', 'New Task Assigned to You - {task_name}', '', '{companyname} | CRM', NULL, 0, 1, 0),
(639, 'tasks', 'task-added-as-follower', 'spanish', 'Staff Member Added as Follower on Task [spanish]', 'You are added as follower on task - {task_name}', '', '{companyname} | CRM', NULL, 0, 1, 0),
(640, 'tasks', 'task-commented', 'spanish', 'New Comment on Task (Sent to Staff) [spanish]', 'New Comment on Task - {task_name}', '', '{companyname} | CRM', NULL, 0, 1, 0),
(641, 'tasks', 'task-marked-as-finished', 'spanish', 'Task Marked as Finished (Sent to Staff) [spanish]', 'Task Marked as Finished - {task_name}', '', '{companyname} | CRM', NULL, 0, 1, 0),
(642, 'tasks', 'task-added-attachment', 'spanish', 'New Attachment on Task (Sent to Staff) [spanish]', 'New Attachment on Task - {task_name}', '', '{companyname} | CRM', NULL, 0, 1, 0),
(643, 'tasks', 'task-unmarked-as-finished', 'spanish', 'Task Unmarked as Finished (Sent to Staff) [spanish]', 'Task UN-marked as finished - {task_name}', '', '{companyname} | CRM', NULL, 0, 1, 0),
(644, 'estimate', 'estimate-declined-to-staff', 'spanish', 'Estimate Declined (Sent to Staff) [spanish]', 'Customer Declined Estimate', '', '{companyname} | CRM', NULL, 0, 1, 0),
(645, 'estimate', 'estimate-accepted-to-staff', 'spanish', 'Estimate Accepted (Sent to Staff) [spanish]', 'Customer Accepted Estimate', '', '{companyname} | CRM', NULL, 0, 1, 0),
(646, 'proposals', 'proposal-client-accepted', 'spanish', 'Customer Action - Accepted (Sent to Staff) [spanish]', 'Customer Accepted Proposal', '', '{companyname} | CRM', NULL, 0, 1, 0),
(647, 'proposals', 'proposal-send-to-customer', 'spanish', 'Send Proposal to Customer [spanish]', 'Proposal', '', '{companyname} | CRM', NULL, 0, 1, 0),
(648, 'proposals', 'proposal-client-declined', 'spanish', 'Customer Action - Declined (Sent to Staff) [spanish]', 'Client Declined Proposal', '', '{companyname} | CRM', NULL, 0, 1, 0),
(649, 'proposals', 'proposal-client-thank-you', 'spanish', 'Thank You Email (Sent to Customer After Accept) [spanish]', 'Thank for you accepting proposal', '', '{companyname} | CRM', NULL, 0, 1, 0),
(650, 'proposals', 'proposal-comment-to-client', 'spanish', 'New Comment  (Sent to Customer Contacts) [spanish]', 'New Proposal Comment', '', '{companyname} | CRM', NULL, 0, 1, 0),
(651, 'proposals', 'proposal-comment-to-admin', 'spanish', 'New Comment (Sent to Staff)  [spanish]', 'New Proposal Comment', '', '{companyname} | CRM', NULL, 0, 1, 0),
(652, 'estimate', 'estimate-thank-you-to-customer', 'spanish', 'Thank You Email (Sent to Customer After Accept) [spanish]', 'Thank for you accepting estimate', '', '{companyname} | CRM', NULL, 0, 1, 0),
(653, 'tasks', 'task-deadline-notification', 'spanish', 'Task Deadline Reminder - Sent to Assigned Members [spanish]', 'Task Deadline Reminder', '', '{companyname} | CRM', NULL, 0, 1, 0),
(654, 'contract', 'send-contract', 'spanish', 'Send Contract to Customer [spanish]', 'Contract - {contract_subject}', '', '{companyname} | CRM', NULL, 0, 1, 0),
(655, 'invoice', 'invoice-payment-recorded-to-staff', 'spanish', 'Invoice Payment Recorded (Sent to Staff) [spanish]', 'New Invoice Payment', '', '{companyname} | CRM', NULL, 0, 1, 0),
(656, 'ticket', 'auto-close-ticket', 'spanish', 'Auto Close Ticket [spanish]', 'Ticket Auto Closed', '', '{companyname} | CRM', NULL, 0, 1, 0),
(657, 'project', 'new-project-discussion-created-to-staff', 'spanish', 'New Project Discussion (Sent to Project Members) [spanish]', 'New Project Discussion Created', '', '{companyname} | CRM', NULL, 0, 1, 0),
(658, 'project', 'new-project-discussion-created-to-customer', 'spanish', 'New Project Discussion (Sent to Customer Contacts) [spanish]', 'New Project Discussion Created', '', '{companyname} | CRM', NULL, 0, 1, 0),
(659, 'project', 'new-project-file-uploaded-to-customer', 'spanish', 'New Project File Uploaded (Sent to Customer Contacts) [spanish]', 'New Project File Uploaded', '', '{companyname} | CRM', NULL, 0, 1, 0),
(660, 'project', 'new-project-file-uploaded-to-staff', 'spanish', 'New Project File Uploaded (Sent to Project Members) [spanish]', 'New Project File Uploaded', '', '{companyname} | CRM', NULL, 0, 1, 0),
(661, 'project', 'new-project-discussion-comment-to-customer', 'spanish', 'New Discussion Comment  (Sent to Customer Contacts) [spanish]', 'New Discussion Comment', '', '{companyname} | CRM', NULL, 0, 1, 0),
(662, 'project', 'new-project-discussion-comment-to-staff', 'spanish', 'New Discussion Comment (Sent to Project Members) [spanish]', 'New Discussion Comment', '', '{companyname} | CRM', NULL, 0, 1, 0),
(663, 'project', 'staff-added-as-project-member', 'spanish', 'Staff Added as Project Member [spanish]', 'New project assigned to you', '', '{companyname} | CRM', NULL, 0, 1, 0),
(664, 'estimate', 'estimate-expiry-reminder', 'spanish', 'Estimate Expiration Reminder [spanish]', 'Estimate Expiration Reminder', '', '{companyname} | CRM', NULL, 0, 1, 0),
(665, 'proposals', 'proposal-expiry-reminder', 'spanish', 'Proposal Expiration Reminder [spanish]', 'Proposal Expiration Reminder', '', '{companyname} | CRM', NULL, 0, 1, 0),
(666, 'staff', 'new-staff-created', 'spanish', 'New Staff Created (Welcome Email) [spanish]', 'You are added as staff member', '', '{companyname} | CRM', NULL, 0, 1, 0),
(667, 'client', 'contact-forgot-password', 'spanish', 'Forgot Password [spanish]', 'Create New Password', '', '{companyname} | CRM', NULL, 0, 1, 0),
(668, 'client', 'contact-password-reseted', 'spanish', 'Password Reset - Confirmation [spanish]', 'Your password has been changed', '', '{companyname} | CRM', NULL, 0, 1, 0),
(669, 'client', 'contact-set-password', 'spanish', 'Set New Password [spanish]', 'Set new password on {companyname} ', '', '{companyname} | CRM', NULL, 0, 1, 0),
(670, 'staff', 'staff-forgot-password', 'spanish', 'Forgot Password [spanish]', 'Create New Password', '', '{companyname} | CRM', NULL, 0, 1, 0),
(671, 'staff', 'staff-password-reseted', 'spanish', 'Password Reset - Confirmation [spanish]', 'Your password has been changed', '', '{companyname} | CRM', NULL, 0, 1, 0),
(672, 'project', 'assigned-to-project', 'spanish', 'New Project Created (Sent to Customer Contacts) [spanish]', 'New Project Created', '', '{companyname} | CRM', NULL, 0, 1, 0),
(673, 'tasks', 'task-marked-as-finished-to-contacts', 'spanish', 'Task Marked as Finished (Sent to customer contacts) [spanish]', 'Task Marked as Finished - {task_name}', '', '{companyname} | CRM', NULL, 0, 1, 0),
(674, 'tasks', 'task-added-attachment-to-contacts', 'spanish', 'New Attachment on Task (Sent to Customer Contacts) [spanish]', 'New Attachment on Task - {task_name}', '', '{companyname} | CRM', NULL, 0, 1, 0),
(675, 'tasks', 'task-commented-to-contacts', 'spanish', 'New Comment on Task (Sent to Customer Contacts) [spanish]', 'New Comment on Task - {task_name}', '', '{companyname} | CRM', NULL, 0, 1, 0),
(676, 'leads', 'new-lead-assigned', 'spanish', 'New Lead Assigned to Staff Member [spanish]', 'New lead assigned to you', '', '{companyname} | CRM', NULL, 0, 1, 0),
(677, 'client', 'new-client-created', 'swedish', 'New Contact Added/Registered (Welcome Email) [swedish]', 'Welcome aboard', '', '{companyname} | CRM', NULL, 0, 1, 0),
(678, 'invoice', 'invoice-send-to-client', 'swedish', 'Send Invoice to Customer [swedish]', 'Invoice with number {invoice_number} created', '', '{companyname} | CRM', NULL, 0, 1, 0),
(679, 'ticket', 'new-ticket-opened-admin', 'swedish', 'New Ticket Opened (Opened by Staff, Sent to Customer) [swedish]', 'New Support Ticket Opened', '', '{companyname} | CRM', NULL, 0, 1, 0),
(680, 'ticket', 'ticket-reply', 'swedish', 'Ticket Reply (Sent to Customer) [swedish]', 'New Ticket Reply', '', '{companyname} | CRM', NULL, 0, 1, 0),
(681, 'ticket', 'ticket-autoresponse', 'swedish', 'New Ticket Opened - Autoresponse [swedish]', 'New Support Ticket Opened', '', '{companyname} | CRM', NULL, 0, 1, 0),
(682, 'invoice', 'invoice-payment-recorded', 'swedish', 'Invoice Payment Recorded (Sent to Customer) [swedish]', 'Invoice Payment Recorded', '', '{companyname} | CRM', NULL, 0, 1, 0),
(683, 'invoice', 'invoice-overdue-notice', 'swedish', 'Invoice Overdue Notice [swedish]', 'Invoice Overdue Notice - {invoice_number}', '', '{companyname} | CRM', NULL, 0, 1, 0),
(684, 'invoice', 'invoice-already-send', 'swedish', 'Invoice Already Sent to Customer [swedish]', 'On your command here is the invoice', '', '{companyname} | CRM', NULL, 0, 1, 0),
(685, 'ticket', 'new-ticket-created-staff', 'swedish', 'New Ticket Created (Opened by Customer, Sent to Staff Members) [swedish]', 'New Ticket Created', '', '{companyname} | CRM', NULL, 0, 1, 0),
(686, 'estimate', 'estimate-send-to-client', 'swedish', 'Send Estimate to Customer [swedish]', 'Estimate # {estimate_number} created', '', '{companyname} | CRM', NULL, 0, 1, 0),
(687, 'ticket', 'ticket-reply-to-admin', 'swedish', 'Ticket Reply (Sent to Staff) [swedish]', 'New Support Ticket Reply', '', '{companyname} | CRM', NULL, 0, 1, 0),
(688, 'estimate', 'estimate-already-send', 'swedish', 'Estimate Already Sent to Customer [swedish]', 'Estimate # {estimate_number} ', '', '{companyname} | CRM', NULL, 0, 1, 0),
(689, 'contract', 'contract-expiration', 'swedish', 'Contract Expiration [swedish]', 'Contract Expiration Reminder', '', '{companyname} | CRM', NULL, 0, 1, 0),
(690, 'tasks', 'task-assigned', 'swedish', 'New Task Assigned (Sent to Staff) [swedish]', 'New Task Assigned to You - {task_name}', '', '{companyname} | CRM', NULL, 0, 1, 0),
(691, 'tasks', 'task-added-as-follower', 'swedish', 'Staff Member Added as Follower on Task [swedish]', 'You are added as follower on task - {task_name}', '', '{companyname} | CRM', NULL, 0, 1, 0),
(692, 'tasks', 'task-commented', 'swedish', 'New Comment on Task (Sent to Staff) [swedish]', 'New Comment on Task - {task_name}', '', '{companyname} | CRM', NULL, 0, 1, 0),
(693, 'tasks', 'task-marked-as-finished', 'swedish', 'Task Marked as Finished (Sent to Staff) [swedish]', 'Task Marked as Finished - {task_name}', '', '{companyname} | CRM', NULL, 0, 1, 0),
(694, 'tasks', 'task-added-attachment', 'swedish', 'New Attachment on Task (Sent to Staff) [swedish]', 'New Attachment on Task - {task_name}', '', '{companyname} | CRM', NULL, 0, 1, 0),
(695, 'tasks', 'task-unmarked-as-finished', 'swedish', 'Task Unmarked as Finished (Sent to Staff) [swedish]', 'Task UN-marked as finished - {task_name}', '', '{companyname} | CRM', NULL, 0, 1, 0),
(696, 'estimate', 'estimate-declined-to-staff', 'swedish', 'Estimate Declined (Sent to Staff) [swedish]', 'Customer Declined Estimate', '', '{companyname} | CRM', NULL, 0, 1, 0),
(697, 'estimate', 'estimate-accepted-to-staff', 'swedish', 'Estimate Accepted (Sent to Staff) [swedish]', 'Customer Accepted Estimate', '', '{companyname} | CRM', NULL, 0, 1, 0),
(698, 'proposals', 'proposal-client-accepted', 'swedish', 'Customer Action - Accepted (Sent to Staff) [swedish]', 'Customer Accepted Proposal', '', '{companyname} | CRM', NULL, 0, 1, 0),
(699, 'proposals', 'proposal-send-to-customer', 'swedish', 'Send Proposal to Customer [swedish]', 'Proposal', '', '{companyname} | CRM', NULL, 0, 1, 0),
(700, 'proposals', 'proposal-client-declined', 'swedish', 'Customer Action - Declined (Sent to Staff) [swedish]', 'Client Declined Proposal', '', '{companyname} | CRM', NULL, 0, 1, 0),
(701, 'proposals', 'proposal-client-thank-you', 'swedish', 'Thank You Email (Sent to Customer After Accept) [swedish]', 'Thank for you accepting proposal', '', '{companyname} | CRM', NULL, 0, 1, 0),
(702, 'proposals', 'proposal-comment-to-client', 'swedish', 'New Comment  (Sent to Customer Contacts) [swedish]', 'New Proposal Comment', '', '{companyname} | CRM', NULL, 0, 1, 0),
(703, 'proposals', 'proposal-comment-to-admin', 'swedish', 'New Comment (Sent to Staff)  [swedish]', 'New Proposal Comment', '', '{companyname} | CRM', NULL, 0, 1, 0),
(704, 'estimate', 'estimate-thank-you-to-customer', 'swedish', 'Thank You Email (Sent to Customer After Accept) [swedish]', 'Thank for you accepting estimate', '', '{companyname} | CRM', NULL, 0, 1, 0),
(705, 'tasks', 'task-deadline-notification', 'swedish', 'Task Deadline Reminder - Sent to Assigned Members [swedish]', 'Task Deadline Reminder', '', '{companyname} | CRM', NULL, 0, 1, 0),
(706, 'contract', 'send-contract', 'swedish', 'Send Contract to Customer [swedish]', 'Contract - {contract_subject}', '', '{companyname} | CRM', NULL, 0, 1, 0),
(707, 'invoice', 'invoice-payment-recorded-to-staff', 'swedish', 'Invoice Payment Recorded (Sent to Staff) [swedish]', 'New Invoice Payment', '', '{companyname} | CRM', NULL, 0, 1, 0),
(708, 'ticket', 'auto-close-ticket', 'swedish', 'Auto Close Ticket [swedish]', 'Ticket Auto Closed', '', '{companyname} | CRM', NULL, 0, 1, 0),
(709, 'project', 'new-project-discussion-created-to-staff', 'swedish', 'New Project Discussion (Sent to Project Members) [swedish]', 'New Project Discussion Created', '', '{companyname} | CRM', NULL, 0, 1, 0),
(710, 'project', 'new-project-discussion-created-to-customer', 'swedish', 'New Project Discussion (Sent to Customer Contacts) [swedish]', 'New Project Discussion Created', '', '{companyname} | CRM', NULL, 0, 1, 0),
(711, 'project', 'new-project-file-uploaded-to-customer', 'swedish', 'New Project File Uploaded (Sent to Customer Contacts) [swedish]', 'New Project File Uploaded', '', '{companyname} | CRM', NULL, 0, 1, 0),
(712, 'project', 'new-project-file-uploaded-to-staff', 'swedish', 'New Project File Uploaded (Sent to Project Members) [swedish]', 'New Project File Uploaded', '', '{companyname} | CRM', NULL, 0, 1, 0),
(713, 'project', 'new-project-discussion-comment-to-customer', 'swedish', 'New Discussion Comment  (Sent to Customer Contacts) [swedish]', 'New Discussion Comment', '', '{companyname} | CRM', NULL, 0, 1, 0),
(714, 'project', 'new-project-discussion-comment-to-staff', 'swedish', 'New Discussion Comment (Sent to Project Members) [swedish]', 'New Discussion Comment', '', '{companyname} | CRM', NULL, 0, 1, 0),
(715, 'project', 'staff-added-as-project-member', 'swedish', 'Staff Added as Project Member [swedish]', 'New project assigned to you', '', '{companyname} | CRM', NULL, 0, 1, 0),
(716, 'estimate', 'estimate-expiry-reminder', 'swedish', 'Estimate Expiration Reminder [swedish]', 'Estimate Expiration Reminder', '', '{companyname} | CRM', NULL, 0, 1, 0),
(717, 'proposals', 'proposal-expiry-reminder', 'swedish', 'Proposal Expiration Reminder [swedish]', 'Proposal Expiration Reminder', '', '{companyname} | CRM', NULL, 0, 1, 0),
(718, 'staff', 'new-staff-created', 'swedish', 'New Staff Created (Welcome Email) [swedish]', 'You are added as staff member', '', '{companyname} | CRM', NULL, 0, 1, 0),
(719, 'client', 'contact-forgot-password', 'swedish', 'Forgot Password [swedish]', 'Create New Password', '', '{companyname} | CRM', NULL, 0, 1, 0),
(720, 'client', 'contact-password-reseted', 'swedish', 'Password Reset - Confirmation [swedish]', 'Your password has been changed', '', '{companyname} | CRM', NULL, 0, 1, 0),
(721, 'client', 'contact-set-password', 'swedish', 'Set New Password [swedish]', 'Set new password on {companyname} ', '', '{companyname} | CRM', NULL, 0, 1, 0),
(722, 'staff', 'staff-forgot-password', 'swedish', 'Forgot Password [swedish]', 'Create New Password', '', '{companyname} | CRM', NULL, 0, 1, 0),
(723, 'staff', 'staff-password-reseted', 'swedish', 'Password Reset - Confirmation [swedish]', 'Your password has been changed', '', '{companyname} | CRM', NULL, 0, 1, 0),
(724, 'project', 'assigned-to-project', 'swedish', 'New Project Created (Sent to Customer Contacts) [swedish]', 'New Project Created', '', '{companyname} | CRM', NULL, 0, 1, 0),
(725, 'tasks', 'task-marked-as-finished-to-contacts', 'swedish', 'Task Marked as Finished (Sent to customer contacts) [swedish]', 'Task Marked as Finished - {task_name}', '', '{companyname} | CRM', NULL, 0, 1, 0),
(726, 'tasks', 'task-added-attachment-to-contacts', 'swedish', 'New Attachment on Task (Sent to Customer Contacts) [swedish]', 'New Attachment on Task - {task_name}', '', '{companyname} | CRM', NULL, 0, 1, 0),
(727, 'tasks', 'task-commented-to-contacts', 'swedish', 'New Comment on Task (Sent to Customer Contacts) [swedish]', 'New Comment on Task - {task_name}', '', '{companyname} | CRM', NULL, 0, 1, 0),
(728, 'leads', 'new-lead-assigned', 'swedish', 'New Lead Assigned to Staff Member [swedish]', 'New lead assigned to you', '', '{companyname} | CRM', NULL, 0, 1, 0),
(729, 'client', 'new-client-created', 'turkish', 'New Contact Added/Registered (Welcome Email) [turkish]', 'Welcome aboard', '', '{companyname} | CRM', NULL, 0, 1, 0),
(730, 'invoice', 'invoice-send-to-client', 'turkish', 'Send Invoice to Customer [turkish]', 'Invoice with number {invoice_number} created', '', '{companyname} | CRM', NULL, 0, 1, 0),
(731, 'ticket', 'new-ticket-opened-admin', 'turkish', 'New Ticket Opened (Opened by Staff, Sent to Customer) [turkish]', 'New Support Ticket Opened', '', '{companyname} | CRM', NULL, 0, 1, 0),
(732, 'ticket', 'ticket-reply', 'turkish', 'Ticket Reply (Sent to Customer) [turkish]', 'New Ticket Reply', '', '{companyname} | CRM', NULL, 0, 1, 0),
(733, 'ticket', 'ticket-autoresponse', 'turkish', 'New Ticket Opened - Autoresponse [turkish]', 'New Support Ticket Opened', '', '{companyname} | CRM', NULL, 0, 1, 0),
(734, 'invoice', 'invoice-payment-recorded', 'turkish', 'Invoice Payment Recorded (Sent to Customer) [turkish]', 'Invoice Payment Recorded', '', '{companyname} | CRM', NULL, 0, 1, 0),
(735, 'invoice', 'invoice-overdue-notice', 'turkish', 'Invoice Overdue Notice [turkish]', 'Invoice Overdue Notice - {invoice_number}', '', '{companyname} | CRM', NULL, 0, 1, 0),
(736, 'invoice', 'invoice-already-send', 'turkish', 'Invoice Already Sent to Customer [turkish]', 'On your command here is the invoice', '', '{companyname} | CRM', NULL, 0, 1, 0),
(737, 'ticket', 'new-ticket-created-staff', 'turkish', 'New Ticket Created (Opened by Customer, Sent to Staff Members) [turkish]', 'New Ticket Created', '', '{companyname} | CRM', NULL, 0, 1, 0),
(738, 'estimate', 'estimate-send-to-client', 'turkish', 'Send Estimate to Customer [turkish]', 'Estimate # {estimate_number} created', '', '{companyname} | CRM', NULL, 0, 1, 0),
(739, 'ticket', 'ticket-reply-to-admin', 'turkish', 'Ticket Reply (Sent to Staff) [turkish]', 'New Support Ticket Reply', '', '{companyname} | CRM', NULL, 0, 1, 0),
(740, 'estimate', 'estimate-already-send', 'turkish', 'Estimate Already Sent to Customer [turkish]', 'Estimate # {estimate_number} ', '', '{companyname} | CRM', NULL, 0, 1, 0),
(741, 'contract', 'contract-expiration', 'turkish', 'Contract Expiration [turkish]', 'Contract Expiration Reminder', '', '{companyname} | CRM', NULL, 0, 1, 0),
(742, 'tasks', 'task-assigned', 'turkish', 'New Task Assigned (Sent to Staff) [turkish]', 'New Task Assigned to You - {task_name}', '', '{companyname} | CRM', NULL, 0, 1, 0),
(743, 'tasks', 'task-added-as-follower', 'turkish', 'Staff Member Added as Follower on Task [turkish]', 'You are added as follower on task - {task_name}', '', '{companyname} | CRM', NULL, 0, 1, 0),
(744, 'tasks', 'task-commented', 'turkish', 'New Comment on Task (Sent to Staff) [turkish]', 'New Comment on Task - {task_name}', '', '{companyname} | CRM', NULL, 0, 1, 0),
(745, 'tasks', 'task-marked-as-finished', 'turkish', 'Task Marked as Finished (Sent to Staff) [turkish]', 'Task Marked as Finished - {task_name}', '', '{companyname} | CRM', NULL, 0, 1, 0),
(746, 'tasks', 'task-added-attachment', 'turkish', 'New Attachment on Task (Sent to Staff) [turkish]', 'New Attachment on Task - {task_name}', '', '{companyname} | CRM', NULL, 0, 1, 0),
(747, 'tasks', 'task-unmarked-as-finished', 'turkish', 'Task Unmarked as Finished (Sent to Staff) [turkish]', 'Task UN-marked as finished - {task_name}', '', '{companyname} | CRM', NULL, 0, 1, 0),
(748, 'estimate', 'estimate-declined-to-staff', 'turkish', 'Estimate Declined (Sent to Staff) [turkish]', 'Customer Declined Estimate', '', '{companyname} | CRM', NULL, 0, 1, 0),
(749, 'estimate', 'estimate-accepted-to-staff', 'turkish', 'Estimate Accepted (Sent to Staff) [turkish]', 'Customer Accepted Estimate', '', '{companyname} | CRM', NULL, 0, 1, 0),
(750, 'proposals', 'proposal-client-accepted', 'turkish', 'Customer Action - Accepted (Sent to Staff) [turkish]', 'Customer Accepted Proposal', '', '{companyname} | CRM', NULL, 0, 1, 0),
(751, 'proposals', 'proposal-send-to-customer', 'turkish', 'Send Proposal to Customer [turkish]', 'Proposal', '', '{companyname} | CRM', NULL, 0, 1, 0),
(752, 'proposals', 'proposal-client-declined', 'turkish', 'Customer Action - Declined (Sent to Staff) [turkish]', 'Client Declined Proposal', '', '{companyname} | CRM', NULL, 0, 1, 0),
(753, 'proposals', 'proposal-client-thank-you', 'turkish', 'Thank You Email (Sent to Customer After Accept) [turkish]', 'Thank for you accepting proposal', '', '{companyname} | CRM', NULL, 0, 1, 0),
(754, 'proposals', 'proposal-comment-to-client', 'turkish', 'New Comment  (Sent to Customer Contacts) [turkish]', 'New Proposal Comment', '', '{companyname} | CRM', NULL, 0, 1, 0),
(755, 'proposals', 'proposal-comment-to-admin', 'turkish', 'New Comment (Sent to Staff)  [turkish]', 'New Proposal Comment', '', '{companyname} | CRM', NULL, 0, 1, 0),
(756, 'estimate', 'estimate-thank-you-to-customer', 'turkish', 'Thank You Email (Sent to Customer After Accept) [turkish]', 'Thank for you accepting estimate', '', '{companyname} | CRM', NULL, 0, 1, 0),
(757, 'tasks', 'task-deadline-notification', 'turkish', 'Task Deadline Reminder - Sent to Assigned Members [turkish]', 'Task Deadline Reminder', '', '{companyname} | CRM', NULL, 0, 1, 0),
(758, 'contract', 'send-contract', 'turkish', 'Send Contract to Customer [turkish]', 'Contract - {contract_subject}', '', '{companyname} | CRM', NULL, 0, 1, 0),
(759, 'invoice', 'invoice-payment-recorded-to-staff', 'turkish', 'Invoice Payment Recorded (Sent to Staff) [turkish]', 'New Invoice Payment', '', '{companyname} | CRM', NULL, 0, 1, 0),
(760, 'ticket', 'auto-close-ticket', 'turkish', 'Auto Close Ticket [turkish]', 'Ticket Auto Closed', '', '{companyname} | CRM', NULL, 0, 1, 0),
(761, 'project', 'new-project-discussion-created-to-staff', 'turkish', 'New Project Discussion (Sent to Project Members) [turkish]', 'New Project Discussion Created', '', '{companyname} | CRM', NULL, 0, 1, 0),
(762, 'project', 'new-project-discussion-created-to-customer', 'turkish', 'New Project Discussion (Sent to Customer Contacts) [turkish]', 'New Project Discussion Created', '', '{companyname} | CRM', NULL, 0, 1, 0),
(763, 'project', 'new-project-file-uploaded-to-customer', 'turkish', 'New Project File Uploaded (Sent to Customer Contacts) [turkish]', 'New Project File Uploaded', '', '{companyname} | CRM', NULL, 0, 1, 0),
(764, 'project', 'new-project-file-uploaded-to-staff', 'turkish', 'New Project File Uploaded (Sent to Project Members) [turkish]', 'New Project File Uploaded', '', '{companyname} | CRM', NULL, 0, 1, 0),
(765, 'project', 'new-project-discussion-comment-to-customer', 'turkish', 'New Discussion Comment  (Sent to Customer Contacts) [turkish]', 'New Discussion Comment', '', '{companyname} | CRM', NULL, 0, 1, 0),
(766, 'project', 'new-project-discussion-comment-to-staff', 'turkish', 'New Discussion Comment (Sent to Project Members) [turkish]', 'New Discussion Comment', '', '{companyname} | CRM', NULL, 0, 1, 0),
(767, 'project', 'staff-added-as-project-member', 'turkish', 'Staff Added as Project Member [turkish]', 'New project assigned to you', '', '{companyname} | CRM', NULL, 0, 1, 0),
(768, 'estimate', 'estimate-expiry-reminder', 'turkish', 'Estimate Expiration Reminder [turkish]', 'Estimate Expiration Reminder', '', '{companyname} | CRM', NULL, 0, 1, 0),
(769, 'proposals', 'proposal-expiry-reminder', 'turkish', 'Proposal Expiration Reminder [turkish]', 'Proposal Expiration Reminder', '', '{companyname} | CRM', NULL, 0, 1, 0),
(770, 'staff', 'new-staff-created', 'turkish', 'New Staff Created (Welcome Email) [turkish]', 'You are added as staff member', '', '{companyname} | CRM', NULL, 0, 1, 0),
(771, 'client', 'contact-forgot-password', 'turkish', 'Forgot Password [turkish]', 'Create New Password', '', '{companyname} | CRM', NULL, 0, 1, 0),
(772, 'client', 'contact-password-reseted', 'turkish', 'Password Reset - Confirmation [turkish]', 'Your password has been changed', '', '{companyname} | CRM', NULL, 0, 1, 0),
(773, 'client', 'contact-set-password', 'turkish', 'Set New Password [turkish]', 'Set new password on {companyname} ', '', '{companyname} | CRM', NULL, 0, 1, 0),
(774, 'staff', 'staff-forgot-password', 'turkish', 'Forgot Password [turkish]', 'Create New Password', '', '{companyname} | CRM', NULL, 0, 1, 0),
(775, 'staff', 'staff-password-reseted', 'turkish', 'Password Reset - Confirmation [turkish]', 'Your password has been changed', '', '{companyname} | CRM', NULL, 0, 1, 0),
(776, 'project', 'assigned-to-project', 'turkish', 'New Project Created (Sent to Customer Contacts) [turkish]', 'New Project Created', '', '{companyname} | CRM', NULL, 0, 1, 0),
(777, 'tasks', 'task-marked-as-finished-to-contacts', 'turkish', 'Task Marked as Finished (Sent to customer contacts) [turkish]', 'Task Marked as Finished - {task_name}', '', '{companyname} | CRM', NULL, 0, 1, 0),
(778, 'tasks', 'task-added-attachment-to-contacts', 'turkish', 'New Attachment on Task (Sent to Customer Contacts) [turkish]', 'New Attachment on Task - {task_name}', '', '{companyname} | CRM', NULL, 0, 1, 0),
(779, 'tasks', 'task-commented-to-contacts', 'turkish', 'New Comment on Task (Sent to Customer Contacts) [turkish]', 'New Comment on Task - {task_name}', '', '{companyname} | CRM', NULL, 0, 1, 0),
(780, 'leads', 'new-lead-assigned', 'turkish', 'New Lead Assigned to Staff Member [turkish]', 'New lead assigned to you', '', '{companyname} | CRM', NULL, 0, 1, 0),
(781, 'client', 'new-client-created', 'vietnamese', 'New Contact Added/Registered (Welcome Email) [vietnamese]', 'Welcome aboard', '', '{companyname} | CRM', NULL, 0, 1, 0),
(782, 'invoice', 'invoice-send-to-client', 'vietnamese', 'Send Invoice to Customer [vietnamese]', 'Invoice with number {invoice_number} created', '', '{companyname} | CRM', NULL, 0, 1, 0);
INSERT INTO `tblemailtemplates` (`emailtemplateid`, `type`, `slug`, `language`, `name`, `subject`, `message`, `fromname`, `fromemail`, `plaintext`, `active`, `order`) VALUES
(783, 'ticket', 'new-ticket-opened-admin', 'vietnamese', 'New Ticket Opened (Opened by Staff, Sent to Customer) [vietnamese]', 'New Support Ticket Opened', '<p>&nbsp;</p>\r\n<!-- FULL WIDTH OUTER MOST CONTAINER -->\r\n<table style=\"width: 100%; border-top: 5px solid #25dad0; padding: 30px 0;\" cellspacing=\"0\" cellpadding=\"0\">\r\n<tbody>\r\n<tr>\r\n<td><!-- MAIN LAYOUT CONTAINER - CONTROLS THE WIDTH OF NEWSLETTER -->\r\n<table class=\"layout\" border=\"0\" width=\"600\" cellspacing=\"0\" cellpadding=\"0\" align=\"center\">\r\n<tbody>\r\n<tr>\r\n<td height=\"30\">&nbsp;</td>\r\n</tr>\r\n<tr>\r\n<td valign=\"middle\"><!-- HEADER SECTION : LOGO AND SOCIAL MEDIA LINKS -->\r\n<table class=\"container\" border=\"0\" width=\"600\" cellspacing=\"0\" cellpadding=\"0\" align=\"center\">\r\n<tbody>\r\n<tr>\r\n<td><!-- YOUR LOGO -->\r\n<table class=\"logo\" border=\"0\" width=\"121\" cellspacing=\"0\" cellpadding=\"0\" align=\"left\">\r\n<tbody>\r\n<tr>\r\n<td class=\"logo_place\"><img src=\"http://esms.vn/Content/TemplateEmail/flatro/images/logo.gif\" alt=\"logo\" /></td>\r\n</tr>\r\n</tbody>\r\n</table>\r\n<!-- SOCIAL MEDIA LINKS -->\r\n<table class=\"media\" border=\"0\" width=\"220\" cellspacing=\"0\" cellpadding=\"0\" align=\"right\">\r\n<tbody>\r\n<tr>\r\n<td><a style=\"color: #323f4e; text-decoration: none; font-family: \'Open Sans\', Source Sans Pro, arial, verdana, tahoma; font-size: 14px;\" href=\"#\" target=\"_blank\" rel=\"noopener noreferrer\">View Online</a></td>\r\n<td width=\"10\">&nbsp;</td>\r\n<td width=\"35\"><a href=\"#\" target=\"_blank\" rel=\"noopener noreferrer\"> <img style=\"border: none;\" src=\"http://esms.vn/Content/TemplateEmail/flatro/images/facebook_top.gif\" alt=\"facebook\" /></a></td>\r\n<td width=\"10\">&nbsp;</td>\r\n<td width=\"35\"><a href=\"#\" target=\"_blank\" rel=\"noopener noreferrer\"> <img style=\"border: none;\" src=\"http://esms.vn/Content/TemplateEmail/flatro/images/twitter_top.gif\" alt=\"twitter\" /></a></td>\r\n<td width=\"10\">&nbsp;</td>\r\n<td width=\"35\"><a href=\"#\" target=\"_blank\" rel=\"noopener noreferrer\"> <img style=\"border: none;\" src=\"http://esms.vn/Content/TemplateEmail/flatro/images/google_top.gif\" alt=\"google\" /></a></td>\r\n</tr>\r\n</tbody>\r\n</table>\r\n</td>\r\n</tr>\r\n</tbody>\r\n</table>\r\n</td>\r\n</tr>\r\n<tr>\r\n<td height=\"30\">&nbsp;</td>\r\n</tr>\r\n<tr>\r\n<td><!-- MAIN HEADER IMAGE SPACE 600 X 250 PIXELS -->\r\n<table class=\"container\" border=\"0\" width=\"100%\" cellspacing=\"0\" cellpadding=\"0\">\r\n<tbody>\r\n<tr>\r\n<td style=\"line-height: 0;\"><a style=\"border: none;\" href=\"#\" target=\"_blank\" rel=\"noopener noreferrer\"> <img style=\"width: 100%;\" src=\"http://esms.vn/Content/TemplateEmail/flatro/images/main_story_img.jpg\" /></a></td>\r\n</tr>\r\n</tbody>\r\n</table>\r\n</td>\r\n</tr>\r\n<tr>\r\n<td class=\"space\" height=\"50\">&nbsp;</td>\r\n</tr>\r\n<tr>\r\n<td valign=\"middle\"><!-- ACTION TEXT AND (CALL TO)BUTTON HERE -->\r\n<table class=\"container\" border=\"0\" width=\"600\" cellspacing=\"0\" cellpadding=\"0\" align=\"center\">\r\n<tbody>\r\n<tr>\r\n<td class=\"action\">\r\n<table class=\"action_text\" border=\"0\" width=\"380\" cellspacing=\"0\" cellpadding=\"0\" align=\"left\">\r\n<tbody>\r\n<tr>\r\n<td style=\"font-family: \'Open Sans\', Source Sans Pro, Arial, Verdana, Tahoma; font-size: 25px; color: #444; line-height: 35px; font-weight: lighter;\">Sed felis eros, aliquam vel sagittis neque. Morbi eu fringilla eros</td>\r\n</tr>\r\n</tbody>\r\n</table>\r\n<table class=\"action_button\" border=\"0\" width=\"80\" cellspacing=\"0\" cellpadding=\"0\" align=\"right\">\r\n<tbody>\r\n<tr>\r\n<td><img src=\"http://esms.vn/Content/TemplateEmail/flatro/images/action_img.gif\" /></td>\r\n</tr>\r\n</tbody>\r\n</table>\r\n</td>\r\n</tr>\r\n</tbody>\r\n</table>\r\n</td>\r\n</tr>\r\n<tr>\r\n<td class=\"space\" height=\"50\">&nbsp;</td>\r\n</tr>\r\n<tr>\r\n<td valign=\"top\"><!-- TWO COLUMN : IMAGE LEFT AND CONTENT RIGHT -->\r\n<table class=\"container\" border=\"0\" width=\"600\" cellspacing=\"0\" cellpadding=\"0\" align=\"center\">\r\n<tbody>\r\n<tr>\r\n<td>\r\n<table class=\"container\" border=\"0\" width=\"600\" cellspacing=\"0\" cellpadding=\"0\" align=\"center\">\r\n<tbody>\r\n<tr>\r\n<td>\r\n<table class=\"text_content\" border=\"0\" width=\"290\" cellspacing=\"0\" cellpadding=\"0\" align=\"left\">\r\n<tbody>\r\n<tr>\r\n<td style=\"font-family: \'Open Sans\', Source Sans Pro, arial, verdana, tahoma; font-size: 20px; font-weight: 600; color: #323f4e;\" align=\"left\" valign=\"top\">Picture Right-Side</td>\r\n</tr>\r\n<tr>\r\n<td>&nbsp;</td>\r\n</tr>\r\n<tr>\r\n<td style=\"font-family: \'Open Sans\', Source Sans Pro, arial, verdana, tahoma; font-size: 14px; line-height: 21px; color: #323f4e;\" align=\"left\" valign=\"middle\">Vestibulum risus lorem, tincidunt et varius sit amet, lacinia sit amet libero. Vivamus leo lorem, pellentesque sed tristique non, interdum eget lorem.</td>\r\n</tr>\r\n<tr>\r\n<td>&nbsp;</td>\r\n</tr>\r\n<tr>\r\n<td align=\"left\" valign=\"bottom\"><a href=\"#\" target=\"_blank\" rel=\"noopener noreferrer\"> <img style=\"border: none;\" src=\"http://esms.vn/Content/TemplateEmail/flatro/images/read_more.gif\" alt=\"read more\" width=\"110\" height=\"30\" /></a></td>\r\n</tr>\r\n</tbody>\r\n</table>\r\n<table class=\"image_content\" border=\"0\" width=\"260\" cellspacing=\"0\" cellpadding=\"0\" align=\"right\">\r\n<tbody>\r\n<tr>\r\n<td align=\"center\" valign=\"top\"><img class=\"top-space\" src=\"http://esms.vn/Content/TemplateEmail/flatro/images/main_right_img.gif\" alt=\"image right\" /></td>\r\n</tr>\r\n</tbody>\r\n</table>\r\n</td>\r\n</tr>\r\n</tbody>\r\n</table>\r\n</td>\r\n</tr>\r\n<tr>\r\n<td class=\"hrule\" style=\"border-bottom: 1px solid #ddd;\" height=\"50\">&nbsp;</td>\r\n</tr>\r\n<tr>\r\n<td class=\"space\" height=\"50\">&nbsp;</td>\r\n</tr>\r\n<tr>\r\n<td>\r\n<table class=\"container\" border=\"0\" width=\"600\" cellspacing=\"0\" cellpadding=\"0\" align=\"center\">\r\n<tbody>\r\n<tr>\r\n<td>\r\n<table class=\"text_content\" border=\"0\" width=\"290\" cellspacing=\"0\" cellpadding=\"0\" align=\"left\">\r\n<tbody>\r\n<tr>\r\n<td style=\"font-family: \'Open Sans\', Source Sans Pro, arial, verdana, tahoma; font-size: 20px; font-weight: 600; color: #323f4e;\" align=\"left\" valign=\"top\">Picture Right-Side</td>\r\n</tr>\r\n<tr>\r\n<td>&nbsp;</td>\r\n</tr>\r\n<tr>\r\n<td style=\"font-family: \'Open Sans\', Source Sans Pro, arial, verdana, tahoma; font-size: 14px; line-height: 21px; color: #323f4e;\" align=\"left\" valign=\"middle\">Vestibulum risus lorem, tincidunt et varius sit amet, lacinia sit amet libero. Vivamus leo lorem, pellentesque sed tristique non, interdum eget lorem.</td>\r\n</tr>\r\n<tr>\r\n<td>&nbsp;</td>\r\n</tr>\r\n<tr>\r\n<td align=\"left\" valign=\"bottom\"><a href=\"#\" target=\"_blank\" rel=\"noopener noreferrer\"> <img style=\"border: none;\" src=\"http://esms.vn/Content/TemplateEmail/flatro/images/read_more.gif\" alt=\"read more\" width=\"110\" height=\"30\" /></a></td>\r\n</tr>\r\n</tbody>\r\n</table>\r\n<table class=\"image_content\" border=\"0\" width=\"260\" cellspacing=\"0\" cellpadding=\"0\" align=\"right\">\r\n<tbody>\r\n<tr>\r\n<td align=\"center\" valign=\"top\"><img class=\"top-space\" src=\"http://esms.vn/Content/TemplateEmail/flatro/images/main_right_img.gif\" alt=\"image right\" /></td>\r\n</tr>\r\n</tbody>\r\n</table>\r\n</td>\r\n</tr>\r\n</tbody>\r\n</table>\r\n</td>\r\n</tr>\r\n<tr>\r\n<td class=\"hrule\" style=\"border-bottom: 1px solid #ddd;\" height=\"50\">&nbsp;</td>\r\n</tr>\r\n<tr>\r\n<td class=\"space\" height=\"50\">&nbsp;</td>\r\n</tr>\r\n<tr>\r\n<td>\r\n<table class=\"container\" border=\"0\" width=\"600\" cellspacing=\"0\" cellpadding=\"0\" align=\"center\">\r\n<tbody>\r\n<tr>\r\n<td>\r\n<table class=\"text_content\" border=\"0\" width=\"290\" cellspacing=\"0\" cellpadding=\"0\" align=\"left\">\r\n<tbody>\r\n<tr>\r\n<td style=\"font-family: \'Open Sans\', Source Sans Pro, arial, verdana, tahoma; font-size: 20px; font-weight: 600; color: #323f4e;\" align=\"left\" valign=\"top\">Picture Right-Side</td>\r\n</tr>\r\n<tr>\r\n<td>&nbsp;</td>\r\n</tr>\r\n<tr>\r\n<td style=\"font-family: \'Open Sans\', Source Sans Pro, arial, verdana, tahoma; font-size: 14px; line-height: 21px; color: #323f4e;\" align=\"left\" valign=\"middle\">Vestibulum risus lorem, tincidunt et varius sit amet, lacinia sit amet libero. Vivamus leo lorem, pellentesque sed tristique non, interdum eget lorem.</td>\r\n</tr>\r\n<tr>\r\n<td>&nbsp;</td>\r\n</tr>\r\n<tr>\r\n<td align=\"left\" valign=\"bottom\"><a href=\"#\" target=\"_blank\" rel=\"noopener noreferrer\"> <img style=\"border: none;\" src=\"http://esms.vn/Content/TemplateEmail/flatro/images/read_more.gif\" alt=\"read more\" width=\"110\" height=\"30\" /></a></td>\r\n</tr>\r\n</tbody>\r\n</table>\r\n<table class=\"image_content\" border=\"0\" width=\"260\" cellspacing=\"0\" cellpadding=\"0\" align=\"right\">\r\n<tbody>\r\n<tr>\r\n<td align=\"center\" valign=\"top\"><img class=\"top-space\" src=\"http://esms.vn/Content/TemplateEmail/flatro/images/main_right_img.gif\" alt=\"image right\" /></td>\r\n</tr>\r\n</tbody>\r\n</table>\r\n</td>\r\n</tr>\r\n</tbody>\r\n</table>\r\n</td>\r\n</tr>\r\n</tbody>\r\n</table>\r\n</td>\r\n</tr>\r\n<tr>\r\n<td class=\"space\" height=\"50\">&nbsp;</td>\r\n</tr>\r\n</tbody>\r\n</table>\r\n<!-- FOOTER FULL WIDTH -->\r\n<table border=\"0\" width=\"100%\" cellspacing=\"0\" cellpadding=\"0\" bgcolor=\"#323f4e\">\r\n<tbody>\r\n<tr>\r\n<td valign=\"top\"><!-- FOOTER -->\r\n<table class=\"footer\" border=\"0\" width=\"600\" cellspacing=\"0\" cellpadding=\"0\" align=\"center\">\r\n<tbody>\r\n<tr>\r\n<td>\r\n<table class=\"footer_column\" border=\"0\" width=\"170\" cellspacing=\"0\" cellpadding=\"0\" align=\"left\">\r\n<tbody>\r\n<tr>\r\n<td>&nbsp;</td>\r\n</tr>\r\n<tr>\r\n<td style=\"font-family: \'Open Sans\', Source Sans Pro, arial, verdana, tahoma; font-size: 14px; line-height: 30px; color: #ffffff;\" valign=\"top\"><a style=\"color: #ffffff; text-decoration: none;\" href=\"#\" target=\"_blank\" rel=\"noopener noreferrer\">www.website.com</a><br /> <a style=\"color: #ffffff; text-decoration: none;\" href=\"#\" target=\"_blank\" rel=\"noopener noreferrer\">email@website.com</a><br /> +00 123 456 7890</td>\r\n</tr>\r\n</tbody>\r\n</table>\r\n<table class=\"two_third\" border=\"0\" width=\"370\" cellspacing=\"0\" cellpadding=\"0\" align=\"right\">\r\n<tbody>\r\n<tr>\r\n<td>\r\n<table class=\"footer_column\" border=\"0\" width=\"170\" cellspacing=\"0\" cellpadding=\"0\" align=\"left\">\r\n<tbody>\r\n<tr>\r\n<td>&nbsp;</td>\r\n</tr>\r\n<tr>\r\n<td style=\"font-family: \'Open Sans\', Source Sans Pro, arial, verdana, tahoma; font-size: 14px; line-height: 30px;\" valign=\"top\"><a style=\"color: #ffffff; text-decoration: none;\" href=\"#\" target=\"_blank\" rel=\"noopener noreferrer\">Our Products</a><br /> <a style=\"color: #ffffff; text-decoration: none;\" href=\"#\" target=\"_blank\" rel=\"noopener noreferrer\">Our Services</a><br /> <a style=\"color: #ffffff; text-decoration: none;\" href=\"#\" target=\"_blank\" rel=\"noopener noreferrer\">About Company</a></td>\r\n</tr>\r\n</tbody>\r\n</table>\r\n<table class=\"footer_column\" border=\"0\" width=\"170\" cellspacing=\"0\" cellpadding=\"0\" align=\"right\">\r\n<tbody>\r\n<tr>\r\n<td>&nbsp;</td>\r\n</tr>\r\n<tr>\r\n<td style=\"font-family: \'Open Sans\', Source Sans Pro, arial, verdana, tahoma; font-size: 20px; font-weight: 600; color: #ffffff;\" valign=\"top\" height=\"35\">Follow Us</td>\r\n</tr>\r\n<tr>\r\n<td><a href=\"#\" target=\"_blank\" rel=\"noopener noreferrer\"> <img style=\"border: none;\" src=\"http://esms.vn/Content/TemplateEmail/flatro/images/facebook_footer.png\" alt=\"facebook\" /></a> &nbsp; <a href=\"#\" target=\"_blank\" rel=\"noopener noreferrer\"> <img style=\"border: none;\" src=\"http://esms.vn/Content/TemplateEmail/flatro/images/twitter_footer.png\" alt=\"twitter\" /></a> &nbsp; <a href=\"#\" target=\"_blank\" rel=\"noopener noreferrer\"> <img style=\"border: none;\" src=\"http://esms.vn/Content/TemplateEmail/flatro/images/google_footer.png\" alt=\"google\" /></a></td>\r\n</tr>\r\n<tr>\r\n<td>&nbsp;</td>\r\n</tr>\r\n</tbody>\r\n</table>\r\n</td>\r\n</tr>\r\n</tbody>\r\n</table>\r\n</td>\r\n</tr>\r\n</tbody>\r\n</table>\r\n</td>\r\n</tr>\r\n<tr>\r\n<td style=\"border-top: 5px solid #25dad0; background-color: #e6ecf3;\" valign=\"middle\">\r\n<table class=\"footer\" border=\"0\" cellspacing=\"0\" cellpadding=\"0\" align=\"center\">\r\n<tbody>\r\n<tr>\r\n<td>\r\n<table class=\"copyright\" border=\"0\" width=\"250\" cellspacing=\"0\" cellpadding=\"0\" align=\"left\">\r\n<tbody>\r\n<tr>\r\n<td style=\"font-family: \'Open Sans\', Source Sans Pro, arial, verdana, tahoma; font-size: 14px; color: #323f4e;\" valign=\"middle\" height=\"40\">&copy; 2013, Company Name</td>\r\n</tr>\r\n</tbody>\r\n</table>\r\n<table class=\"unsubscribe\" border=\"0\" width=\"330\" cellspacing=\"0\" cellpadding=\"0\" align=\"right\">\r\n<tbody>\r\n<tr>\r\n<td style=\"font-family: \'Open Sans\', Source Sans Pro, arial, verdana, tahoma; font-size: 14px; color: #323f4e;\" valign=\"middle\" height=\"40\">Don\'t want to receive emails? <a style=\"color: #323f4e; text-decoration: none; font-weight: bold;\" href=\"#\" target=\"_blank\" rel=\"noopener noreferrer\">Unsubscribe</a> here</td>\r\n</tr>\r\n</tbody>\r\n</table>\r\n</td>\r\n</tr>\r\n</tbody>\r\n</table>\r\n</td>\r\n</tr>\r\n<tr>\r\n<td style=\"background-color: #e6ecf3;\">&nbsp;</td>\r\n</tr>\r\n</tbody>\r\n</table>\r\n</td>\r\n</tr>\r\n</tbody>\r\n</table>', '{companyname} | CRM', '', 0, 1, 0),
(784, 'ticket', 'ticket-reply', 'vietnamese', 'Ticket Reply (Sent to Customer) [vietnamese]', 'New Ticket Reply', '', '{companyname} | CRM', NULL, 0, 1, 0),
(785, 'ticket', 'ticket-autoresponse', 'vietnamese', 'New Ticket Opened - Autoresponse [vietnamese]', 'New Support Ticket Opened', '', '{companyname} | CRM', NULL, 0, 1, 0),
(786, 'invoice', 'invoice-payment-recorded', 'vietnamese', 'Invoice Payment Recorded (Sent to Customer) [vietnamese]', 'Invoice Payment Recorded', '', '{companyname} | CRM', NULL, 0, 1, 0),
(787, 'invoice', 'invoice-overdue-notice', 'vietnamese', 'Invoice Overdue Notice [vietnamese]', 'Invoice Overdue Notice - {invoice_number}', '', '{companyname} | CRM', NULL, 0, 1, 0),
(788, 'invoice', 'invoice-already-send', 'vietnamese', 'Invoice Already Sent to Customer [vietnamese]', 'On your command here is the invoice', '', '{companyname} | CRM', NULL, 0, 1, 0),
(789, 'ticket', 'new-ticket-created-staff', 'vietnamese', 'New Ticket Created (Opened by Customer, Sent to Staff Members) [vietnamese]', 'New Ticket Created', '', '{companyname} | CRM', NULL, 0, 1, 0),
(790, 'estimate', 'estimate-send-to-client', 'vietnamese', 'Send Estimate to Customer [vietnamese]', 'Estimate # {estimate_number} created', '', '{companyname} | CRM', NULL, 0, 1, 0),
(791, 'ticket', 'ticket-reply-to-admin', 'vietnamese', 'Ticket Reply (Sent to Staff) [vietnamese]', 'New Support Ticket Reply', '', '{companyname} | CRM', NULL, 0, 1, 0),
(792, 'estimate', 'estimate-already-send', 'vietnamese', 'Estimate Already Sent to Customer [vietnamese]', 'Estimate # {estimate_number} ', '', '{companyname} | CRM', NULL, 0, 1, 0),
(793, 'contract', 'contract-expiration', 'vietnamese', 'Contract Expiration [vietnamese]', 'Contract Expiration Reminder', '', '{companyname} | CRM', NULL, 0, 1, 0),
(794, 'tasks', 'task-assigned', 'vietnamese', 'New Task Assigned (Sent to Staff) [vietnamese]', 'New Task Assigned to You - {task_name}', '', '{companyname} | CRM', NULL, 0, 1, 0),
(795, 'tasks', 'task-added-as-follower', 'vietnamese', 'Staff Member Added as Follower on Task [vietnamese]', 'You are added as follower on task - {task_name}', '', '{companyname} | CRM', NULL, 0, 1, 0),
(796, 'tasks', 'task-commented', 'vietnamese', 'New Comment on Task (Sent to Staff) [vietnamese]', 'New Comment on Task - {task_name}', '', '{companyname} | CRM', NULL, 0, 1, 0),
(797, 'tasks', 'task-marked-as-finished', 'vietnamese', 'Task Marked as Finished (Sent to Staff) [vietnamese]', 'Task Marked as Finished - {task_name}', '', '{companyname} | CRM', NULL, 0, 1, 0),
(798, 'tasks', 'task-added-attachment', 'vietnamese', 'New Attachment on Task (Sent to Staff) [vietnamese]', 'New Attachment on Task - {task_name}', '', '{companyname} | CRM', NULL, 0, 1, 0),
(799, 'tasks', 'task-unmarked-as-finished', 'vietnamese', 'Task Unmarked as Finished (Sent to Staff) [vietnamese]', 'Task UN-marked as finished - {task_name}', '', '{companyname} | CRM', NULL, 0, 1, 0),
(800, 'estimate', 'estimate-declined-to-staff', 'vietnamese', 'Estimate Declined (Sent to Staff) [vietnamese]', 'Customer Declined Estimate', '', '{companyname} | CRM', NULL, 0, 1, 0),
(801, 'estimate', 'estimate-accepted-to-staff', 'vietnamese', 'Estimate Accepted (Sent to Staff) [vietnamese]', 'Customer Accepted Estimate', '', '{companyname} | CRM', NULL, 0, 1, 0),
(802, 'proposals', 'proposal-client-accepted', 'vietnamese', 'Customer Action - Accepted (Sent to Staff) [vietnamese]', 'Customer Accepted Proposal', '', '{companyname} | CRM', NULL, 0, 1, 0),
(803, 'proposals', 'proposal-send-to-customer', 'vietnamese', 'Send Proposal to Customer [vietnamese]', 'Proposal', '', '{companyname} | CRM', NULL, 0, 1, 0),
(804, 'proposals', 'proposal-client-declined', 'vietnamese', 'Customer Action - Declined (Sent to Staff) [vietnamese]', 'Client Declined Proposal', '', '{companyname} | CRM', NULL, 0, 1, 0),
(805, 'proposals', 'proposal-client-thank-you', 'vietnamese', 'Thank You Email (Sent to Customer After Accept) [vietnamese]', 'Thank for you accepting proposal', '', '{companyname} | CRM', NULL, 0, 1, 0),
(806, 'proposals', 'proposal-comment-to-client', 'vietnamese', 'New Comment  (Sent to Customer Contacts) [vietnamese]', 'New Proposal Comment', '', '{companyname} | CRM', NULL, 0, 1, 0),
(807, 'proposals', 'proposal-comment-to-admin', 'vietnamese', 'New Comment (Sent to Staff)  [vietnamese]', 'New Proposal Comment', '', '{companyname} | CRM', NULL, 0, 1, 0),
(808, 'estimate', 'estimate-thank-you-to-customer', 'vietnamese', 'Thank You Email (Sent to Customer After Accept) [vietnamese]', 'Thank for you accepting estimate', '', '{companyname} | CRM', NULL, 0, 1, 0),
(809, 'tasks', 'task-deadline-notification', 'vietnamese', 'Task Deadline Reminder - Sent to Assigned Members [vietnamese]', 'Task Deadline Reminder', '', '{companyname} | CRM', NULL, 0, 1, 0),
(810, 'contract', 'send-contract', 'vietnamese', 'Send Contract to Customer [vietnamese]', 'Contract - {contract_subject}', '', '{companyname} | CRM', NULL, 0, 1, 0),
(811, 'invoice', 'invoice-payment-recorded-to-staff', 'vietnamese', 'Invoice Payment Recorded (Sent to Staff) [vietnamese]', 'New Invoice Payment', '', '{companyname} | CRM', NULL, 0, 1, 0),
(812, 'ticket', 'auto-close-ticket', 'vietnamese', 'Auto Close Ticket [vietnamese]', 'Ticket Auto Closed', '', '{companyname} | CRM', NULL, 0, 1, 0),
(813, 'project', 'new-project-discussion-created-to-staff', 'vietnamese', 'New Project Discussion (Sent to Project Members) [vietnamese]', 'New Project Discussion Created', '', '{companyname} | CRM', NULL, 0, 1, 0),
(814, 'project', 'new-project-discussion-created-to-customer', 'vietnamese', 'New Project Discussion (Sent to Customer Contacts) [vietnamese]', 'New Project Discussion Created', '', '{companyname} | CRM', NULL, 0, 1, 0),
(815, 'project', 'new-project-file-uploaded-to-customer', 'vietnamese', 'New Project File Uploaded (Sent to Customer Contacts) [vietnamese]', 'New Project File Uploaded', '', '{companyname} | CRM', NULL, 0, 1, 0),
(816, 'project', 'new-project-file-uploaded-to-staff', 'vietnamese', 'New Project File Uploaded (Sent to Project Members) [vietnamese]', 'New Project File Uploaded', '', '{companyname} | CRM', NULL, 0, 1, 0),
(817, 'project', 'new-project-discussion-comment-to-customer', 'vietnamese', 'New Discussion Comment  (Sent to Customer Contacts) [vietnamese]', 'New Discussion Comment', '', '{companyname} | CRM', NULL, 0, 1, 0),
(818, 'project', 'new-project-discussion-comment-to-staff', 'vietnamese', 'New Discussion Comment (Sent to Project Members) [vietnamese]', 'New Discussion Comment', '', '{companyname} | CRM', NULL, 0, 1, 0),
(819, 'project', 'staff-added-as-project-member', 'vietnamese', 'Staff Added as Project Member [vietnamese]', 'New project assigned to you', '', '{companyname} | CRM', NULL, 0, 1, 0),
(820, 'estimate', 'estimate-expiry-reminder', 'vietnamese', 'Estimate Expiration Reminder [vietnamese]', 'Estimate Expiration Reminder', '', '{companyname} | CRM', NULL, 0, 1, 0),
(821, 'proposals', 'proposal-expiry-reminder', 'vietnamese', 'Proposal Expiration Reminder [vietnamese]', 'Proposal Expiration Reminder', '', '{companyname} | CRM', NULL, 0, 1, 0),
(822, 'staff', 'new-staff-created', 'vietnamese', 'New Staff Created (Welcome Email) [vietnamese]', 'You are added as staff member', '', '{companyname} | CRM', NULL, 0, 1, 0),
(823, 'client', 'contact-forgot-password', 'vietnamese', 'Forgot Password [vietnamese]', 'Create New Password', '', '{companyname} | CRM', NULL, 0, 1, 0),
(824, 'client', 'contact-password-reseted', 'vietnamese', 'Password Reset - Confirmation [vietnamese]', 'Your password has been changed', '', '{companyname} | CRM', NULL, 0, 1, 0),
(825, 'client', 'contact-set-password', 'vietnamese', 'Set New Password [vietnamese]', 'Set new password on {companyname} ', '', '{companyname} | CRM', NULL, 0, 1, 0),
(826, 'staff', 'staff-forgot-password', 'vietnamese', 'Forgot Password [vietnamese]', 'Create New Password', '', '{companyname} | CRM', NULL, 0, 1, 0),
(827, 'staff', 'staff-password-reseted', 'vietnamese', 'Password Reset - Confirmation [vietnamese]', 'Your password has been changed', '', '{companyname} | CRM', NULL, 0, 1, 0),
(828, 'project', 'assigned-to-project', 'vietnamese', 'New Project Created (Sent to Customer Contacts) [vietnamese]', 'New Project Created', '', '{companyname} | CRM', NULL, 0, 1, 0),
(829, 'tasks', 'task-marked-as-finished-to-contacts', 'vietnamese', 'Task Marked as Finished (Sent to customer contacts) [vietnamese]', 'Task Marked as Finished - {task_name}', '', '{companyname} | CRM', NULL, 0, 1, 0),
(830, 'tasks', 'task-added-attachment-to-contacts', 'vietnamese', 'New Attachment on Task (Sent to Customer Contacts) [vietnamese]', 'New Attachment on Task - {task_name}', '', '{companyname} | CRM', NULL, 0, 1, 0),
(831, 'tasks', 'task-commented-to-contacts', 'vietnamese', 'New Comment on Task (Sent to Customer Contacts) [vietnamese]', 'New Comment on Task - {task_name}', '', '{companyname} | CRM', NULL, 0, 1, 0),
(832, 'leads', 'new-lead-assigned', 'vietnamese', 'New Lead Assigned to Staff Member [vietnamese]', 'New lead assigned to you', '', '{companyname} | CRM', NULL, 0, 1, 0);

-- --------------------------------------------------------

--
-- Cấu trúc bảng cho bảng `tblestimates`
--

CREATE TABLE `tblestimates` (
  `id` int(11) NOT NULL,
  `sent` tinyint(1) NOT NULL DEFAULT '0',
  `datesend` datetime DEFAULT NULL,
  `clientid` int(11) NOT NULL,
  `project_id` int(11) NOT NULL DEFAULT '0',
  `number` int(11) NOT NULL,
  `prefix` varchar(50) DEFAULT NULL,
  `number_format` int(11) NOT NULL DEFAULT '0',
  `hash` varchar(32) DEFAULT NULL,
  `datecreated` datetime NOT NULL,
  `date` date NOT NULL,
  `expirydate` date DEFAULT NULL,
  `currency` int(11) NOT NULL,
  `subtotal` decimal(11,2) NOT NULL,
  `total_tax` decimal(11,2) NOT NULL DEFAULT '0.00',
  `total` decimal(11,2) NOT NULL,
  `adjustment` decimal(11,2) DEFAULT NULL,
  `addedfrom` int(11) NOT NULL,
  `status` int(11) NOT NULL DEFAULT '1',
  `clientnote` text,
  `adminnote` text,
  `discount_percent` decimal(11,2) DEFAULT '0.00',
  `discount_total` decimal(11,2) DEFAULT '0.00',
  `discount_type` varchar(30) DEFAULT NULL,
  `invoiceid` int(11) DEFAULT NULL,
  `invoiced_date` datetime DEFAULT NULL,
  `terms` text,
  `reference_no` varchar(100) DEFAULT NULL,
  `sale_agent` int(11) NOT NULL DEFAULT '0',
  `billing_street` varchar(200) DEFAULT NULL,
  `billing_city` varchar(100) DEFAULT NULL,
  `billing_state` varchar(100) DEFAULT NULL,
  `billing_zip` varchar(100) DEFAULT NULL,
  `billing_country` int(11) DEFAULT NULL,
  `shipping_street` varchar(200) DEFAULT NULL,
  `shipping_city` varchar(100) DEFAULT NULL,
  `shipping_state` varchar(100) DEFAULT NULL,
  `shipping_zip` varchar(100) DEFAULT NULL,
  `shipping_country` int(11) DEFAULT NULL,
  `include_shipping` tinyint(1) NOT NULL,
  `show_shipping_on_estimate` tinyint(1) NOT NULL DEFAULT '1',
  `show_quantity_as` int(11) NOT NULL DEFAULT '1',
  `pipeline_order` int(11) NOT NULL DEFAULT '0',
  `is_expiry_notified` int(11) NOT NULL DEFAULT '0'
) ENGINE=MyISAM DEFAULT CHARSET=utf8;

-- --------------------------------------------------------

--
-- Cấu trúc bảng cho bảng `tblevents`
--

CREATE TABLE `tblevents` (
  `eventid` int(11) NOT NULL,
  `title` mediumtext NOT NULL,
  `description` text,
  `userid` int(11) NOT NULL,
  `start` datetime NOT NULL,
  `end` datetime DEFAULT NULL,
  `public` int(11) NOT NULL DEFAULT '0',
  `color` varchar(10) DEFAULT NULL,
  `isstartnotified` tinyint(1) NOT NULL DEFAULT '0'
) ENGINE=MyISAM DEFAULT CHARSET=utf8;

-- --------------------------------------------------------

--
-- Cấu trúc bảng cho bảng `tblexpenses`
--

CREATE TABLE `tblexpenses` (
  `id` int(11) NOT NULL,
  `category` int(11) NOT NULL,
  `currency` int(11) NOT NULL,
  `amount` decimal(11,2) NOT NULL,
  `tax` int(11) DEFAULT NULL,
  `reference_no` varchar(100) DEFAULT NULL,
  `note` text,
  `expense_name` varchar(500) DEFAULT NULL,
  `clientid` int(11) NOT NULL,
  `project_id` int(11) NOT NULL DEFAULT '0',
  `billable` int(11) DEFAULT '0',
  `invoiceid` int(11) DEFAULT NULL,
  `paymentmode` varchar(50) DEFAULT NULL,
  `date` date NOT NULL,
  `recurring_type` varchar(10) DEFAULT NULL,
  `repeat_every` int(11) DEFAULT NULL,
  `recurring` int(11) NOT NULL DEFAULT '0',
  `recurring_ends_on` date DEFAULT NULL,
  `custom_recurring` int(11) NOT NULL DEFAULT '0',
  `last_recurring_date` date DEFAULT NULL,
  `create_invoice_billable` tinyint(1) DEFAULT NULL,
  `send_invoice_to_customer` tinyint(1) NOT NULL,
  `recurring_from` int(11) DEFAULT NULL,
  `dateadded` datetime NOT NULL,
  `addedfrom` int(11) NOT NULL
) ENGINE=MyISAM DEFAULT CHARSET=utf8;

-- --------------------------------------------------------

--
-- Cấu trúc bảng cho bảng `tblexpensescategories`
--

CREATE TABLE `tblexpensescategories` (
  `id` int(11) NOT NULL,
  `name` varchar(300) NOT NULL,
  `description` text
) ENGINE=MyISAM DEFAULT CHARSET=utf8;

-- --------------------------------------------------------

--
-- Cấu trúc bảng cho bảng `tblfiles`
--

CREATE TABLE `tblfiles` (
  `id` int(11) NOT NULL,
  `rel_id` int(11) NOT NULL,
  `rel_type` varchar(20) NOT NULL,
  `id_category` int(11) NOT NULL,
  `file_name` varchar(600) NOT NULL,
  `filetype` varchar(40) DEFAULT NULL,
  `visible_to_customer` int(11) NOT NULL DEFAULT '0',
  `attachment_key` varchar(32) DEFAULT NULL,
  `external` varchar(40) DEFAULT NULL,
  `external_link` text,
  `thumbnail_link` text COMMENT 'For external usage',
  `staffid` int(11) NOT NULL,
  `contact_id` int(11) DEFAULT '0',
  `dateadded` datetime NOT NULL
) ENGINE=MyISAM DEFAULT CHARSET=utf8;

--
-- Đang đổ dữ liệu cho bảng `tblfiles`
--

INSERT INTO `tblfiles` (`id`, `rel_id`, `rel_type`, `id_category`, `file_name`, `filetype`, `visible_to_customer`, `attachment_key`, `external`, `external_link`, `thumbnail_link`, `staffid`, `contact_id`, `dateadded`) VALUES
(53, 1, 'customer', 1, 'logohung-19.png', 'image/png', 0, '910642f344a8d7538665f2d139510da9', NULL, NULL, NULL, 1, 0, '2017-05-05 09:54:15'),
(54, 1, 'customer', 2, 'logohung-20.png', 'image/png', 0, 'ff6d635d12fc7ecfdb7f8d5ca41dff70', NULL, NULL, NULL, 1, 0, '2017-05-05 10:04:28'),
(57, 1, 'lead', 0, 'BAO-CAO-SAN-XUAT-NHA-MAY-LT-1.pdf', 'application/pdf', 0, 'b400d701c7c916b1c5e1b7db84d8c68e', NULL, NULL, NULL, 1, 0, '2017-07-04 17:10:28'),
(58, 15, 'lead', 0, 'Danh-sách-sản-phẩm.pdf', 'application/pdf', 0, 'a769e7974f5d4170e02497bcfe291412', NULL, NULL, NULL, 1, 0, '2017-07-07 11:06:30'),
(59, 1, 'contract', 0, 'Danh-sách-sản-phẩm.pdf', 'application/pdf', 0, 'aaaee01839f04c5551dafd3e8a99372f', NULL, NULL, NULL, 1, 0, '2017-07-07 14:46:04');

-- --------------------------------------------------------

--
-- Cấu trúc bảng cho bảng `tblformquestionboxes`
--

CREATE TABLE `tblformquestionboxes` (
  `boxid` int(11) NOT NULL,
  `boxtype` varchar(10) NOT NULL,
  `questionid` int(11) NOT NULL
) ENGINE=MyISAM DEFAULT CHARSET=utf8;

-- --------------------------------------------------------

--
-- Cấu trúc bảng cho bảng `tblformquestionboxesdescription`
--

CREATE TABLE `tblformquestionboxesdescription` (
  `questionboxdescriptionid` int(11) NOT NULL,
  `description` mediumtext NOT NULL,
  `boxid` mediumtext NOT NULL,
  `questionid` int(11) NOT NULL
) ENGINE=MyISAM DEFAULT CHARSET=utf8;

-- --------------------------------------------------------

--
-- Cấu trúc bảng cho bảng `tblformquestions`
--

CREATE TABLE `tblformquestions` (
  `questionid` int(11) NOT NULL,
  `rel_id` int(11) NOT NULL,
  `rel_type` varchar(20) DEFAULT NULL,
  `question` mediumtext NOT NULL,
  `required` tinyint(1) NOT NULL DEFAULT '0',
  `question_order` int(11) NOT NULL
) ENGINE=MyISAM DEFAULT CHARSET=utf8;

-- --------------------------------------------------------

--
-- Cấu trúc bảng cho bảng `tblformresults`
--

CREATE TABLE `tblformresults` (
  `resultid` int(11) NOT NULL,
  `boxid` int(11) NOT NULL,
  `boxdescriptionid` int(11) DEFAULT NULL,
  `rel_id` int(11) NOT NULL,
  `rel_type` varchar(20) DEFAULT NULL,
  `questionid` int(11) NOT NULL,
  `answer` text,
  `resultsetid` int(11) NOT NULL
) ENGINE=MyISAM DEFAULT CHARSET=utf8;

-- --------------------------------------------------------

--
-- Cấu trúc bảng cho bảng `tblgoals`
--

CREATE TABLE `tblgoals` (
  `id` int(11) NOT NULL,
  `subject` varchar(400) NOT NULL,
  `description` text NOT NULL,
  `start_date` date NOT NULL,
  `end_date` date NOT NULL,
  `goal_type` int(11) NOT NULL,
  `contract_type` int(11) NOT NULL DEFAULT '0',
  `achievement` int(11) NOT NULL,
  `notify_when_fail` tinyint(1) NOT NULL DEFAULT '1',
  `notify_when_achieve` tinyint(1) NOT NULL DEFAULT '1',
  `notified` int(11) NOT NULL DEFAULT '0'
) ENGINE=MyISAM DEFAULT CHARSET=utf8;

-- --------------------------------------------------------

--
-- Cấu trúc bảng cho bảng `tblinvoicepaymentrecords`
--

CREATE TABLE `tblinvoicepaymentrecords` (
  `id` int(11) NOT NULL,
  `invoiceid` int(11) NOT NULL,
  `amount` decimal(11,2) NOT NULL,
  `paymentmode` varchar(40) DEFAULT NULL,
  `paymentmethod` varchar(200) DEFAULT NULL,
  `date` date NOT NULL,
  `daterecorded` datetime NOT NULL,
  `note` text NOT NULL,
  `transactionid` mediumtext
) ENGINE=MyISAM DEFAULT CHARSET=utf8;

-- --------------------------------------------------------

--
-- Cấu trúc bảng cho bảng `tblinvoicepaymentsmodes`
--

CREATE TABLE `tblinvoicepaymentsmodes` (
  `id` int(11) NOT NULL,
  `name` varchar(100) NOT NULL,
  `description` text,
  `show_on_pdf` int(11) NOT NULL DEFAULT '0',
  `invoices_only` int(11) NOT NULL DEFAULT '0',
  `expenses_only` int(11) NOT NULL DEFAULT '0',
  `selected_by_default` int(11) NOT NULL DEFAULT '1',
  `active` tinyint(1) NOT NULL DEFAULT '1'
) ENGINE=MyISAM DEFAULT CHARSET=utf8;

--
-- Đang đổ dữ liệu cho bảng `tblinvoicepaymentsmodes`
--

INSERT INTO `tblinvoicepaymentsmodes` (`id`, `name`, `description`, `show_on_pdf`, `invoices_only`, `expenses_only`, `selected_by_default`, `active`) VALUES
(1, 'Bank', NULL, 0, 0, 0, 1, 1),
(2, 'Tiền mặt', 'Chi trả tiền mặt', 0, 0, 0, 0, 1);

-- --------------------------------------------------------

--
-- Cấu trúc bảng cho bảng `tblinvoices`
--

CREATE TABLE `tblinvoices` (
  `id` int(11) NOT NULL,
  `sent` tinyint(1) NOT NULL DEFAULT '0',
  `datesend` datetime DEFAULT NULL,
  `clientid` int(11) NOT NULL,
  `number` int(11) NOT NULL,
  `prefix` varchar(50) DEFAULT NULL,
  `number_format` int(11) NOT NULL DEFAULT '0',
  `datecreated` datetime NOT NULL,
  `date` date NOT NULL,
  `duedate` date DEFAULT NULL,
  `currency` int(11) NOT NULL,
  `subtotal` decimal(11,2) NOT NULL,
  `total_tax` decimal(11,2) NOT NULL DEFAULT '0.00',
  `total` decimal(11,2) NOT NULL,
  `adjustment` decimal(11,2) DEFAULT NULL,
  `addedfrom` int(11) DEFAULT NULL,
  `hash` varchar(32) NOT NULL,
  `status` int(11) DEFAULT '1',
  `clientnote` text,
  `adminnote` text,
  `last_overdue_reminder` date DEFAULT NULL,
  `cancel_overdue_reminders` int(11) NOT NULL DEFAULT '0',
  `allowed_payment_modes` mediumtext,
  `token` mediumtext,
  `discount_percent` decimal(11,2) DEFAULT '0.00',
  `discount_total` decimal(11,2) DEFAULT '0.00',
  `discount_type` varchar(30) NOT NULL,
  `recurring` int(11) NOT NULL DEFAULT '0',
  `recurring_type` varchar(10) DEFAULT NULL,
  `custom_recurring` tinyint(1) NOT NULL DEFAULT '0',
  `recurring_ends_on` date DEFAULT NULL,
  `is_recurring_from` int(11) DEFAULT NULL,
  `last_recurring_date` date DEFAULT NULL,
  `terms` text,
  `sale_agent` int(11) NOT NULL DEFAULT '0',
  `billing_street` varchar(200) DEFAULT NULL,
  `billing_city` varchar(100) DEFAULT NULL,
  `billing_state` varchar(100) DEFAULT NULL,
  `billing_zip` varchar(100) DEFAULT NULL,
  `billing_country` int(11) DEFAULT NULL,
  `shipping_street` varchar(200) DEFAULT NULL,
  `shipping_city` varchar(100) DEFAULT NULL,
  `shipping_state` varchar(100) DEFAULT NULL,
  `shipping_zip` varchar(100) DEFAULT NULL,
  `shipping_country` int(11) DEFAULT NULL,
  `include_shipping` tinyint(1) NOT NULL,
  `show_shipping_on_invoice` tinyint(1) NOT NULL DEFAULT '1',
  `show_quantity_as` int(11) NOT NULL DEFAULT '1',
  `project_id` int(11) DEFAULT '0'
) ENGINE=MyISAM DEFAULT CHARSET=utf8;

--
-- Đang đổ dữ liệu cho bảng `tblinvoices`
--

INSERT INTO `tblinvoices` (`id`, `sent`, `datesend`, `clientid`, `number`, `prefix`, `number_format`, `datecreated`, `date`, `duedate`, `currency`, `subtotal`, `total_tax`, `total`, `adjustment`, `addedfrom`, `hash`, `status`, `clientnote`, `adminnote`, `last_overdue_reminder`, `cancel_overdue_reminders`, `allowed_payment_modes`, `token`, `discount_percent`, `discount_total`, `discount_type`, `recurring`, `recurring_type`, `custom_recurring`, `recurring_ends_on`, `is_recurring_from`, `last_recurring_date`, `terms`, `sale_agent`, `billing_street`, `billing_city`, `billing_state`, `billing_zip`, `billing_country`, `shipping_street`, `shipping_city`, `shipping_state`, `shipping_zip`, `shipping_country`, `include_shipping`, `show_shipping_on_invoice`, `show_quantity_as`, `project_id`) VALUES
(1, 0, NULL, 3, 1, 'INV-', 1, '2017-07-04 10:52:59', '2017-07-04', '2017-08-03', 1, '1653.00', '0.00', '1497.70', '10.00', 1, '3434d835a272c3fe8135aae704e4d80f', 1, '', '', NULL, 0, 'a:1:{i:0;s:1:\"1\";}', NULL, '10.00', '165.30', 'before_tax', 0, NULL, 0, NULL, NULL, NULL, '', 0, '', '', '', '', 0, NULL, NULL, NULL, NULL, NULL, 0, 1, 1, 1);

-- --------------------------------------------------------

--
-- Cấu trúc bảng cho bảng `tblitems`
--

CREATE TABLE `tblitems` (
  `id` int(11) NOT NULL,
  `code` varchar(50) NOT NULL,
  `name` text NOT NULL,
  `short_name` varchar(100) NOT NULL,
  `description` mediumtext NOT NULL,
  `long_description` text,
  `landtypeid` tinyint(4) DEFAULT NULL,
  `district_id` varchar(5) DEFAULT NULL,
  `provinceid` varchar(5) DEFAULT NULL,
  `rate` decimal(11,2) NOT NULL,
  `tax` int(11) DEFAULT NULL,
  `unit` varchar(40) DEFAULT NULL,
  `group_id` int(11) NOT NULL DEFAULT '0',
  `release_date` date NOT NULL,
  `date_of_removal_of_sample` date NOT NULL,
  `country_id` int(11) NOT NULL,
  `specification` varchar(200) NOT NULL,
  `size` varchar(100) NOT NULL,
  `weight` varchar(100) NOT NULL,
  `product_features` varchar(500) NOT NULL,
  `price` int(11) NOT NULL,
  `date_item` date NOT NULL,
  `avatar` varchar(500) NOT NULL,
  `minimum_quantity` int(11) NOT NULL DEFAULT '0',
  `maximum_quantity` int(11) NOT NULL DEFAULT '0'
) ENGINE=MyISAM DEFAULT CHARSET=utf8;

--
-- Đang đổ dữ liệu cho bảng `tblitems`
--

INSERT INTO `tblitems` (`id`, `code`, `name`, `short_name`, `description`, `long_description`, `landtypeid`, `district_id`, `provinceid`, `rate`, `tax`, `unit`, `group_id`, `release_date`, `date_of_removal_of_sample`, `country_id`, `specification`, `size`, `weight`, `product_features`, `price`, `date_item`, `avatar`, `minimum_quantity`, `maximum_quantity`) VALUES
(34, 'dfdsfds', 'fdsfsdf', 'fsdffsd', '1', 'sds', 12, '750', '77', '1.00', 1, '1', 1, '0000-00-00', '0000-00-00', 1, '', '', '', '', 10000, '0000-00-00', '', 0, 0),
(35, '', '', '', '2', '11111111', 5, '688', '70', '5.00', 1, 'cai', 1, '0000-00-00', '0000-00-00', 0, '', '', '', '', 0, '0000-00-00', '', 0, 0),
(36, '', '', '', 'dsa', 'dsad', 6, '215', '24', '1.00', 0, '', 0, '0000-00-00', '0000-00-00', 0, '', '', '', '', 0, '0000-00-00', '', 0, 0),
(37, 'fffffffffffffxxss222', '123213', '312312312312', '213213', '', NULL, NULL, NULL, '0.00', NULL, '1', 1, '2017-07-06', '2017-07-06', 1, '21312312', '', '', '', 80000, '2017-07-08', 'uploads/client_profile_images/37/kay-vogelgesang.jpg', 0, 0),
(38, '12321123', '32131232', '1321312312', '', '', NULL, NULL, NULL, '0.00', NULL, '1', 1, '2017-07-08', '2017-07-08', 1, '', '', '', '', 10000, '2017-07-08', 'uploads/client_profile_images/38/beltran-rueda.png', 0, 0);

-- --------------------------------------------------------

--
-- Cấu trúc bảng cho bảng `tblitemsrelated`
--

CREATE TABLE `tblitemsrelated` (
  `id` int(11) NOT NULL,
  `rel_id` int(11) NOT NULL,
  `rel_type` varchar(30) NOT NULL,
  `item_id` int(11) NOT NULL
) ENGINE=MyISAM DEFAULT CHARSET=utf8;

-- --------------------------------------------------------

--
-- Cấu trúc bảng cho bảng `tblitemstax`
--

CREATE TABLE `tblitemstax` (
  `id` int(11) NOT NULL,
  `itemid` int(11) NOT NULL,
  `rel_id` int(11) NOT NULL,
  `rel_type` varchar(20) NOT NULL,
  `taxrate` decimal(11,2) NOT NULL,
  `taxname` varchar(100) NOT NULL
) ENGINE=MyISAM DEFAULT CHARSET=utf8;

-- --------------------------------------------------------

--
-- Cấu trúc bảng cho bảng `tblitems_groups`
--

CREATE TABLE `tblitems_groups` (
  `id` int(11) NOT NULL,
  `name` varchar(50) NOT NULL
) ENGINE=MyISAM DEFAULT CHARSET=utf8;

--
-- Đang đổ dữ liệu cho bảng `tblitems_groups`
--

INSERT INTO `tblitems_groups` (`id`, `name`) VALUES
(1, 'Nhom 2'),
(3, 'Nhom 1'),
(4, 'Nhom 3');

-- --------------------------------------------------------

--
-- Cấu trúc bảng cho bảng `tblitems_in`
--

CREATE TABLE `tblitems_in` (
  `id` int(11) NOT NULL,
  `rel_id` int(11) NOT NULL,
  `rel_type` varchar(15) NOT NULL,
  `description` mediumtext NOT NULL,
  `long_description` mediumtext,
  `qty` decimal(11,2) NOT NULL,
  `rate` decimal(11,2) NOT NULL,
  `unit` varchar(40) DEFAULT NULL,
  `item_order` int(11) DEFAULT NULL
) ENGINE=MyISAM DEFAULT CHARSET=utf8;

--
-- Đang đổ dữ liệu cho bảng `tblitems_in`
--

INSERT INTO `tblitems_in` (`id`, `rel_id`, `rel_type`, `description`, `long_description`, `qty`, `rate`, `unit`, `item_order`) VALUES
(1, 1, 'invoice', 'Dich vu 1', 'Dich vu 1', '1.00', '750.00', '5.00%', 1),
(2, 1, 'invoice', 'Dich vu 3', 'Dich vu 3', '1.00', '215.00', '0%', 2),
(3, 1, 'invoice', 'Dich vu 2', 'Dich vu 2', '1.00', '688.00', '5.00%', 3);

-- --------------------------------------------------------

--
-- Cấu trúc bảng cho bảng `tblitem_price_history`
--

CREATE TABLE `tblitem_price_history` (
  `id` int(11) NOT NULL,
  `item_id` int(11) NOT NULL,
  `price` int(11) NOT NULL,
  `new_price` int(11) NOT NULL,
  `date` timestamp NOT NULL DEFAULT CURRENT_TIMESTAMP
) ENGINE=InnoDB DEFAULT CHARSET=utf8 COLLATE=utf8_unicode_ci;

--
-- Đang đổ dữ liệu cho bảng `tblitem_price_history`
--

INSERT INTO `tblitem_price_history` (`id`, `item_id`, `price`, `new_price`, `date`) VALUES
(9, 37, 0, 50000, '2017-07-08 02:00:02'),
(10, 37, 50000, 10000, '2017-07-08 02:00:23'),
(11, 37, 10000, 80000, '2017-07-08 03:00:55');

-- --------------------------------------------------------

--
-- Cấu trúc bảng cho bảng `tblknowledgebase`
--

CREATE TABLE `tblknowledgebase` (
  `articleid` int(11) NOT NULL,
  `articlegroup` int(11) NOT NULL,
  `subject` mediumtext NOT NULL,
  `description` text NOT NULL,
  `slug` mediumtext NOT NULL,
  `active` tinyint(4) NOT NULL,
  `datecreated` datetime NOT NULL,
  `article_order` int(11) NOT NULL DEFAULT '0',
  `staff_article` int(11) NOT NULL DEFAULT '0',
  `views` int(11) DEFAULT NULL
) ENGINE=MyISAM DEFAULT CHARSET=utf8;

-- --------------------------------------------------------

--
-- Cấu trúc bảng cho bảng `tblknowledgebasearticleanswers`
--

CREATE TABLE `tblknowledgebasearticleanswers` (
  `articleanswerid` int(11) NOT NULL,
  `articleid` int(11) NOT NULL,
  `answer` int(11) NOT NULL,
  `ip` varchar(40) NOT NULL,
  `date` datetime NOT NULL
) ENGINE=MyISAM DEFAULT CHARSET=utf8;

-- --------------------------------------------------------

--
-- Cấu trúc bảng cho bảng `tblknowledgebasegroups`
--

CREATE TABLE `tblknowledgebasegroups` (
  `groupid` int(11) NOT NULL,
  `name` mediumtext NOT NULL,
  `description` mediumtext,
  `active` tinyint(4) NOT NULL,
  `color` varchar(10) DEFAULT '#28B8DA',
  `group_order` int(11) DEFAULT '0'
) ENGINE=MyISAM DEFAULT CHARSET=utf8;

-- --------------------------------------------------------

--
-- Cấu trúc bảng cho bảng `tblleadactivitylog`
--

CREATE TABLE `tblleadactivitylog` (
  `id` int(11) NOT NULL,
  `leadid` int(11) NOT NULL,
  `description` mediumtext NOT NULL,
  `additional_data` varchar(600) DEFAULT NULL,
  `date` datetime NOT NULL,
  `staffid` int(11) NOT NULL,
  `full_name` varchar(100) DEFAULT NULL
) ENGINE=MyISAM DEFAULT CHARSET=utf8;

--
-- Đang đổ dữ liệu cho bảng `tblleadactivitylog`
--

INSERT INTO `tblleadactivitylog` (`id`, `leadid`, `description`, `additional_data`, `date`, `staffid`, `full_name`) VALUES
(1, 1, 'not_lead_activity_created', '', '2017-05-29 09:11:26', 1, ' '),
(2, 1, 'not_lead_activity_assigned_to', 'a:2:{i:0;s:1:\" \";i:1;s:77:\"<a href=\"http://localhost/CRM/admin/profile/4\" target=\"_blank\">Thùy Linh</a>\";}', '2017-05-29 09:11:28', 1, ' '),
(3, 1, 'not_lead_activity_created_proposal', 'a:1:{i:0;s:89:\"<a href=\"http://localhost/CRM/admin/proposals/list_proposals/1\" target=\"_blank\">ĐẤ</a>\";}', '2017-06-02 11:48:30', 1, ' '),
(16, 6, 'not_lead_activity_created_proposal', 'a:1:{i:0;s:95:\"<a href=\"http://localhost/CRM/admin/proposals/list_proposals/3\" target=\"_blank\">21312312312</a>\";}', '2017-06-06 09:34:13', 1, ' '),
(15, 6, 'not_lead_activity_created', '', '2017-06-03 10:05:16', 1, ' '),
(6, 3, 'not_lead_activity_created', '', '2017-06-02 15:38:21', 1, ' '),
(7, 3, 'not_lead_activity_assigned_to', 'a:2:{i:0;s:1:\" \";i:1;s:80:\"<a href=\"http://localhost/CRM/admin/profile/2\" target=\"_blank\">Tân Nguyễn</a>\";}', '2017-06-02 15:38:22', 1, ' '),
(8, 4, 'not_lead_activity_created', '', '2017-06-02 15:56:07', 1, ' '),
(9, 4, 'not_lead_activity_assigned_to', 'a:2:{i:0;s:1:\" \";i:1;s:77:\"<a href=\"http://localhost/CRM/admin/profile/4\" target=\"_blank\">Thùy Linh</a>\";}', '2017-06-02 15:56:08', 1, ' '),
(14, 4, 'not_lead_activity_created_proposal', 'a:1:{i:0;s:93:\"<a href=\"http://localhost/CRM/admin/proposals/list_proposals/2\" target=\"_blank\">123213213</a>\";}', '2017-06-03 08:48:23', 1, ' '),
(18, 13, 'not_lead_activity_created', '', '2017-06-10 13:44:15', 1, ' '),
(19, 14, 'not_lead_activity_created', '', '2017-06-10 14:32:44', 1, ' '),
(20, 14, 'not_lead_activity_assigned_to', 'a:2:{i:0;s:1:\" \";i:1;s:82:\"<a href=\"http://khachhang9.com/CRM/admin/profile/4\" target=\"_blank\">Thùy Linh</a>\";}', '2017-06-10 14:32:46', 1, ' '),
(21, 15, 'not_lead_activity_created', '', '2017-06-11 09:20:22', 1, ' '),
(22, 15, 'not_lead_activity_assigned_to', 'a:2:{i:0;s:1:\" \";i:1;s:82:\"<a href=\"http://khachhang9.com/CRM/admin/profile/4\" target=\"_blank\">Thùy Linh</a>\";}', '2017-06-11 09:20:24', 1, ' '),
(23, 1, 'not_lead_activity_converted', 'a:1:{i:0;s:1:\" \";}', '2017-06-14 11:28:12', 1, ' '),
(24, 1, 'not_lead_activity_added_attachment', '', '2017-07-04 17:10:28', 1, ' '),
(25, 15, 'not_lead_activity_added_attachment', '', '2017-07-07 11:06:30', 1, ' ');

-- --------------------------------------------------------

--
-- Cấu trúc bảng cho bảng `tblleads`
--

CREATE TABLE `tblleads` (
  `id` int(11) NOT NULL,
  `name` varchar(300) NOT NULL,
  `title` varchar(100) DEFAULT NULL,
  `company` varchar(300) DEFAULT NULL,
  `description` text,
  `country` int(11) NOT NULL DEFAULT '0',
  `zip` varchar(15) DEFAULT NULL,
  `city` varchar(100) DEFAULT NULL,
  `state` varchar(50) DEFAULT NULL,
  `address` varchar(100) DEFAULT NULL,
  `assigned` int(11) NOT NULL,
  `dateadded` datetime NOT NULL,
  `from_form_id` int(11) NOT NULL DEFAULT '0',
  `status` int(11) NOT NULL,
  `source` int(11) NOT NULL,
  `lastcontact` datetime DEFAULT NULL,
  `dateassigned` date DEFAULT NULL,
  `last_status_change` datetime DEFAULT NULL,
  `addedfrom` int(11) NOT NULL,
  `email` varchar(150) DEFAULT NULL,
  `website` varchar(150) DEFAULT NULL,
  `leadorder` int(11) DEFAULT '1',
  `phonenumber` varchar(50) DEFAULT NULL,
  `date_converted` datetime DEFAULT NULL,
  `date_register` datetime DEFAULT NULL,
  `code_number` varchar(100) DEFAULT NULL,
  `lost` tinyint(1) NOT NULL DEFAULT '0',
  `junk` int(11) NOT NULL DEFAULT '0',
  `last_lead_status` int(11) NOT NULL DEFAULT '0',
  `is_imported_from_email_integration` tinyint(1) NOT NULL DEFAULT '0',
  `email_integration_uid` varchar(30) DEFAULT NULL,
  `is_public` tinyint(1) NOT NULL DEFAULT '0',
  `client_id` int(11) NOT NULL DEFAULT '0'
) ENGINE=MyISAM DEFAULT CHARSET=utf8;

--
-- Đang đổ dữ liệu cho bảng `tblleads`
--

INSERT INTO `tblleads` (`id`, `name`, `title`, `company`, `description`, `country`, `zip`, `city`, `state`, `address`, `assigned`, `dateadded`, `from_form_id`, `status`, `source`, `lastcontact`, `dateassigned`, `last_status_change`, `addedfrom`, `email`, `website`, `leadorder`, `phonenumber`, `date_converted`, `date_register`, `code_number`, `lost`, `junk`, `last_lead_status`, `is_imported_from_email_integration`, `email_integration_uid`, `is_public`, `client_id`) VALUES
(1, 'Nguyen Van A', 'NV', 'Cty TNHH MTV A', '', 0, 'HCM', 'HCM', 'NCT', 'Q1', 4, '2017-05-29 09:11:26', 0, 1, 1, NULL, '2017-05-29', NULL, 1, 'nva@gmail.com', '', 1, '0869019421', '2017-06-14 11:28:12', '2017-06-06 14:00:00', '', 0, 0, 0, 0, NULL, 0, 0),
(13, 'HUY', 'A', '', '', 0, '', '', NULL, '', 1, '2017-06-10 13:44:15', 0, 2, 1, '2017-06-10 13:44:15', NULL, NULL, 1, '', '', 1, '0906755226', NULL, '0000-00-00 00:00:00', '', 0, 0, 0, 0, NULL, 0, 0),
(14, 'Hùng', '', '', '', 0, '', '', NULL, '', 4, '2017-06-10 14:32:44', 0, 2, 1, '2017-06-10 14:32:44', '2017-06-10', NULL, 1, '', '', 1, '0938198908', NULL, '0000-00-00 00:00:00', '', 0, 0, 0, 0, NULL, 0, 0),
(15, 'Anh nghĩa', '1123', 'CÔNG TY TNHH GIẢI PHÁP PHẦN MỀM FOSO', '', 0, '7000000', 'Hồ Chí Minh', NULL, '68 Nguyễn Huệ, Phường Bến Nghé, Quận 1, TP.HCM', 4, '2017-06-11 09:20:22', 0, 2, 1, NULL, '2017-06-11', NULL, 1, '', '', 1, '01216479974', NULL, '0000-00-00 00:00:00', '', 0, 0, 0, 0, NULL, 0, 0);

-- --------------------------------------------------------

--
-- Cấu trúc bảng cho bảng `tblleadsemailintegrationemails`
--

CREATE TABLE `tblleadsemailintegrationemails` (
  `id` int(11) NOT NULL,
  `subject` mediumtext,
  `body` mediumtext,
  `dateadded` datetime NOT NULL,
  `leadid` int(11) NOT NULL,
  `emailid` int(11) NOT NULL
) ENGINE=MyISAM DEFAULT CHARSET=utf8;

-- --------------------------------------------------------

--
-- Cấu trúc bảng cho bảng `tblleadsintegration`
--

CREATE TABLE `tblleadsintegration` (
  `id` int(11) NOT NULL COMMENT 'the ID always must be 1',
  `active` int(11) NOT NULL,
  `email` varchar(100) NOT NULL,
  `imap_server` varchar(100) NOT NULL,
  `password` mediumtext NOT NULL,
  `check_every` int(11) NOT NULL DEFAULT '5',
  `responsible` int(11) NOT NULL,
  `lead_source` int(11) NOT NULL,
  `lead_status` int(11) NOT NULL,
  `encryption` varchar(3) DEFAULT NULL,
  `folder` varchar(100) NOT NULL,
  `last_run` varchar(50) DEFAULT NULL,
  `notify_lead_imported` tinyint(1) NOT NULL DEFAULT '1',
  `notify_lead_contact_more_times` tinyint(1) NOT NULL DEFAULT '1',
  `notify_type` varchar(20) DEFAULT NULL,
  `notify_ids` mediumtext,
  `only_loop_on_unseen_emails` tinyint(1) NOT NULL DEFAULT '1',
  `delete_after_import` int(11) NOT NULL DEFAULT '0'
) ENGINE=MyISAM DEFAULT CHARSET=utf8;

--
-- Đang đổ dữ liệu cho bảng `tblleadsintegration`
--

INSERT INTO `tblleadsintegration` (`id`, `active`, `email`, `imap_server`, `password`, `check_every`, `responsible`, `lead_source`, `lead_status`, `encryption`, `folder`, `last_run`, `notify_lead_imported`, `notify_lead_contact_more_times`, `notify_type`, `notify_ids`, `only_loop_on_unseen_emails`, `delete_after_import`) VALUES
(1, 0, '', '', '', 10, 0, 0, 0, 'tls', 'inbox', '', 1, 1, 'roles', '', 1, 0);

-- --------------------------------------------------------

--
-- Cấu trúc bảng cho bảng `tblleadssources`
--

CREATE TABLE `tblleadssources` (
  `id` int(11) NOT NULL,
  `name` varchar(150) NOT NULL
) ENGINE=MyISAM DEFAULT CHARSET=utf8;

--
-- Đang đổ dữ liệu cho bảng `tblleadssources`
--

INSERT INTO `tblleadssources` (`id`, `name`) VALUES
(1, 'Google'),
(2, 'Facebook'),
(3, 'Cty Luat');

-- --------------------------------------------------------

--
-- Cấu trúc bảng cho bảng `tblleadsstatus`
--

CREATE TABLE `tblleadsstatus` (
  `id` int(11) NOT NULL,
  `name` varchar(50) NOT NULL,
  `statusorder` int(11) DEFAULT NULL,
  `color` varchar(10) DEFAULT '#28B8DA',
  `isdefault` int(11) NOT NULL DEFAULT '0'
) ENGINE=MyISAM DEFAULT CHARSET=utf8;

--
-- Đang đổ dữ liệu cho bảng `tblleadsstatus`
--

INSERT INTO `tblleadsstatus` (`id`, `name`, `statusorder`, `color`, `isdefault`) VALUES
(1, 'Đã gọi', 1000, '#7cb342', 1),
(2, 'Chưa gọi', 2, '#fb8c00', 0),
(3, 'Thất bại', 3, '#fa0716', 0),
(4, 'không bắt máy', 4, '#000000', 0);

-- --------------------------------------------------------

--
-- Cấu trúc bảng cho bảng `tbllistemails`
--

CREATE TABLE `tbllistemails` (
  `emailid` int(11) NOT NULL,
  `listid` int(11) NOT NULL,
  `email` varchar(250) NOT NULL,
  `dateadded` datetime NOT NULL
) ENGINE=MyISAM DEFAULT CHARSET=utf8;

-- --------------------------------------------------------

--
-- Cấu trúc bảng cho bảng `tblmaillistscustomfields`
--

CREATE TABLE `tblmaillistscustomfields` (
  `customfieldid` int(11) NOT NULL,
  `listid` int(11) NOT NULL,
  `fieldname` varchar(150) NOT NULL,
  `fieldslug` varchar(100) NOT NULL
) ENGINE=MyISAM DEFAULT CHARSET=utf8;

-- --------------------------------------------------------

--
-- Cấu trúc bảng cho bảng `tblmaillistscustomfieldvalues`
--

CREATE TABLE `tblmaillistscustomfieldvalues` (
  `customfieldvalueid` int(11) NOT NULL,
  `listid` int(11) NOT NULL,
  `customfieldid` int(11) NOT NULL,
  `emailid` int(11) NOT NULL,
  `value` varchar(100) NOT NULL
) ENGINE=MyISAM DEFAULT CHARSET=utf8;

-- --------------------------------------------------------

--
-- Cấu trúc bảng cho bảng `tblmigrations`
--

CREATE TABLE `tblmigrations` (
  `version` bigint(20) NOT NULL
) ENGINE=InnoDB DEFAULT CHARSET=utf8;

--
-- Đang đổ dữ liệu cho bảng `tblmigrations`
--

INSERT INTO `tblmigrations` (`version`) VALUES
(161);

-- --------------------------------------------------------

--
-- Cấu trúc bảng cho bảng `tblmilestones`
--

CREATE TABLE `tblmilestones` (
  `id` int(11) NOT NULL,
  `name` varchar(400) NOT NULL,
  `description` text,
  `description_visible_to_customer` tinyint(1) DEFAULT '0',
  `due_date` date NOT NULL,
  `project_id` int(11) NOT NULL,
  `color` varchar(10) DEFAULT NULL,
  `milestone_order` int(11) NOT NULL DEFAULT '0',
  `datecreated` date NOT NULL
) ENGINE=MyISAM DEFAULT CHARSET=utf8;

-- --------------------------------------------------------

--
-- Cấu trúc bảng cho bảng `tblnotes`
--

CREATE TABLE `tblnotes` (
  `id` int(11) NOT NULL,
  `rel_id` int(11) NOT NULL,
  `rel_type` varchar(20) NOT NULL,
  `description` text,
  `date_contacted` datetime DEFAULT NULL,
  `addedfrom` int(11) NOT NULL,
  `dateadded` datetime NOT NULL
) ENGINE=MyISAM DEFAULT CHARSET=utf8;

--
-- Đang đổ dữ liệu cho bảng `tblnotes`
--

INSERT INTO `tblnotes` (`id`, `rel_id`, `rel_type`, `description`, `date_contacted`, `addedfrom`, `dateadded`) VALUES
(1, 1, 'lead', 'ADSSADA', NULL, 1, '2017-06-02 11:46:57'),
(2, 1, 'lead', 'ADSAD', NULL, 1, '2017-06-02 11:49:23'),
(7, 11, 'staff', 'New note', NULL, 1, '2017-06-29 09:27:27'),
(8, 11, 'staff', 'New Note', NULL, 1, '2017-06-29 09:27:36');

-- --------------------------------------------------------

--
-- Cấu trúc bảng cho bảng `tblnotifications`
--

CREATE TABLE `tblnotifications` (
  `id` int(11) NOT NULL,
  `isread` int(11) NOT NULL DEFAULT '0',
  `date` datetime NOT NULL,
  `description` text NOT NULL,
  `fromuserid` int(11) NOT NULL,
  `fromclientid` int(11) NOT NULL DEFAULT '0',
  `from_fullname` varchar(100) NOT NULL,
  `touserid` int(11) NOT NULL,
  `fromcompany` int(11) DEFAULT NULL,
  `link` mediumtext,
  `additional_data` varchar(600) DEFAULT NULL
) ENGINE=MyISAM DEFAULT CHARSET=utf8;

--
-- Đang đổ dữ liệu cho bảng `tblnotifications`
--

INSERT INTO `tblnotifications` (`id`, `isread`, `date`, `description`, `fromuserid`, `fromclientid`, `from_fullname`, `touserid`, `fromcompany`, `link`, `additional_data`) VALUES
(1, 0, '2017-04-03 12:52:41', 'not_task_assigned_to_you', 1, 0, ' ', 4, NULL, '#taskid=1', 'a:1:{i:0;s:14:\"Nhiệm vụ 1\";}'),
(2, 0, '2017-04-03 12:52:55', 'not_task_added_you_as_follower', 1, 0, ' ', 4, NULL, '#taskid=1', 'a:1:{i:0;s:14:\"Nhiệm vụ 1\";}'),
(3, 0, '2017-04-03 12:53:07', 'not_task_marked_as_complete', 1, 0, ' ', 4, NULL, '#taskid=1', 'a:1:{i:0;s:14:\"Nhiệm vụ 1\";}'),
(4, 0, '2017-04-03 12:56:20', 'not_task_assigned_to_you', 1, 0, ' ', 4, NULL, '#taskid=2', 'a:1:{i:0;s:23:\"Chăm sóc khách hàng\";}'),
(5, 0, '2017-04-03 12:56:30', 'not_task_marked_as_complete', 1, 0, ' ', 4, NULL, '#taskid=2', 'a:1:{i:0;s:23:\"Chăm sóc khách hàng\";}'),
(6, 0, '2017-04-03 12:56:38', 'not_task_unmarked_as_complete', 1, 0, ' ', 4, NULL, '#taskid=2', 'a:1:{i:0;s:23:\"Chăm sóc khách hàng\";}'),
(7, 0, '2017-04-03 12:56:52', 'not_task_marked_as_complete', 1, 0, ' ', 4, NULL, '#taskid=2', 'a:1:{i:0;s:23:\"Chăm sóc khách hàng\";}'),
(8, 0, '2017-04-03 12:58:07', 'not_task_assigned_to_you', 1, 0, ' ', 4, NULL, '#taskid=3', 'a:1:{i:0;s:23:\"Chăm sóc khách hàng\";}'),
(9, 0, '2017-04-03 12:58:08', 'not_task_added_you_as_follower', 1, 0, ' ', 4, NULL, '#taskid=3', 'a:1:{i:0;s:23:\"Chăm sóc khách hàng\";}'),
(10, 1, '2017-04-03 12:58:43', 'not_task_new_comment', 4, 0, 'Thùy Linh', 1, NULL, '#taskid=3', 'a:1:{i:0;s:23:\"Chăm sóc khách hàng\";}'),
(11, 0, '2017-05-29 09:11:26', 'not_assigned_lead_to_you', 1, 0, ' ', 4, NULL, '#leadid=1', 'a:2:{i:0;s:1:\" \";i:1;s:12:\"Nguyen Van A\";}'),
(12, 0, '2017-06-02 15:38:17', 'not_assigned_lead_to_you', 1, 0, ' ', 2, NULL, '#leadid=2', 'a:2:{i:0;s:1:\" \";i:1;s:8:\"sadsadsa\";}'),
(13, 0, '2017-06-02 15:38:21', 'not_assigned_lead_to_you', 1, 0, ' ', 2, NULL, '#leadid=3', 'a:2:{i:0;s:1:\" \";i:1;s:8:\"sadsadsa\";}'),
(14, 0, '2017-06-02 15:56:07', 'not_assigned_lead_to_you', 1, 0, ' ', 4, NULL, '#leadid=4', 'a:2:{i:0;s:1:\" \";i:1;s:6:\"ABCXYZ\";}'),
(15, 0, '2017-06-02 16:12:22', 'not_assigned_lead_to_you', 1, 0, ' ', 4, NULL, '#leadid=5', 'a:2:{i:0;s:1:\" \";i:1;s:4:\"dsad\";}'),
(16, 0, '2017-06-03 09:00:21', 'not_task_assigned_to_you', 1, 0, ' ', 4, NULL, '#taskid=4', 'a:1:{i:0;s:8:\"saasdasd\";}'),
(17, 0, '2017-06-03 09:00:39', 'not_task_added_you_as_follower', 1, 0, ' ', 4, NULL, '#taskid=4', 'a:1:{i:0;s:8:\"saasdasd\";}'),
(18, 0, '2017-06-05 14:50:08', 'not_task_assigned_to_you', 1, 0, ' ', 2, NULL, '#taskid=3', 'a:1:{i:0;s:23:\"Chăm sóc khách hàng\";}'),
(19, 0, '2017-06-05 14:50:12', 'not_task_assigned_someone', 1, 0, ' ', 4, NULL, '#taskid=3', 'a:2:{i:0;s:13:\"Tân Nguyễn\";i:1;s:23:\"Chăm sóc khách hàng\";}'),
(20, 0, '2017-06-05 14:50:12', 'not_task_assigned_to_you', 1, 0, ' ', 3, NULL, '#taskid=3', 'a:1:{i:0;s:23:\"Chăm sóc khách hàng\";}'),
(21, 0, '2017-06-05 14:50:13', 'not_task_assigned_someone', 1, 0, ' ', 4, NULL, '#taskid=3', 'a:2:{i:0;s:10:\"Ngọc Hà\";i:1;s:23:\"Chăm sóc khách hàng\";}'),
(22, 0, '2017-06-05 14:50:13', 'not_task_assigned_someone', 1, 0, ' ', 2, NULL, '#taskid=3', 'a:2:{i:0;s:10:\"Ngọc Hà\";i:1;s:23:\"Chăm sóc khách hàng\";}'),
(23, 0, '2017-06-05 14:50:31', 'not_task_assigned_to_you', 1, 0, ' ', 2, NULL, '#taskid=3', 'a:1:{i:0;s:23:\"Chăm sóc khách hàng\";}'),
(24, 0, '2017-06-05 14:50:32', 'not_task_assigned_someone', 1, 0, ' ', 4, NULL, '#taskid=3', 'a:2:{i:0;s:13:\"Tân Nguyễn\";i:1;s:23:\"Chăm sóc khách hàng\";}'),
(25, 0, '2017-06-05 14:50:54', 'not_task_assigned_to_you', 1, 0, ' ', 2, NULL, '#taskid=3', 'a:1:{i:0;s:23:\"Chăm sóc khách hàng\";}'),
(26, 0, '2017-06-05 14:50:55', 'not_task_assigned_someone', 1, 0, ' ', 4, NULL, '#taskid=3', 'a:2:{i:0;s:13:\"Tân Nguyễn\";i:1;s:23:\"Chăm sóc khách hàng\";}'),
(27, 0, '2017-06-05 14:58:07', 'not_task_will_do_user', 1, 0, ' ', 4, NULL, '#taskid=3', 'a:1:{i:0;s:23:\"Chăm sóc khách hàng\";}'),
(28, 0, '2017-06-05 14:58:07', 'not_task_will_do_user', 1, 0, ' ', 2, NULL, '#taskid=3', 'a:1:{i:0;s:23:\"Chăm sóc khách hàng\";}'),
(29, 0, '2017-06-06 09:34:49', 'not_task_assigned_to_you', 1, 0, ' ', 4, NULL, '#taskid=8', 'a:1:{i:0;s:12:\"213123123213\";}'),
(30, 0, '2017-06-07 09:53:46', 'not_task_assigned_to_you', 1, 0, ' ', 3, NULL, '#taskid=3', 'a:1:{i:0;s:23:\"Chăm sóc khách hàng\";}'),
(31, 0, '2017-06-07 09:53:50', 'not_task_assigned_someone', 1, 0, ' ', 4, NULL, '#taskid=3', 'a:2:{i:0;s:10:\"Ngọc Hà\";i:1;s:23:\"Chăm sóc khách hàng\";}'),
(32, 0, '2017-06-07 09:53:50', 'not_task_assigned_someone', 1, 0, ' ', 2, NULL, '#taskid=3', 'a:2:{i:0;s:10:\"Ngọc Hà\";i:1;s:23:\"Chăm sóc khách hàng\";}'),
(33, 0, '2017-06-07 11:52:48', 'not_staff_added_as_project_member', 1, 0, ' ', 4, NULL, 'projects/view/1', 'a:1:{i:0;s:6:\"dsdada\";}'),
(34, 0, '2017-06-07 11:52:48', 'not_staff_added_as_project_member', 1, 0, ' ', 2, NULL, 'projects/view/1', 'a:1:{i:0;s:6:\"dsdada\";}'),
(35, 0, '2017-06-07 11:52:48', 'not_staff_added_as_project_member', 1, 0, ' ', 3, NULL, 'projects/view/1', 'a:1:{i:0;s:6:\"dsdada\";}'),
(36, 0, '2017-06-07 14:12:49', 'not_task_added_you_as_follower', 1, 0, ' ', 2, NULL, '#taskid=1', 'a:1:{i:0;s:14:\"Nhiệm vụ 1\";}'),
(37, 0, '2017-06-07 14:12:51', 'not_task_added_someone_as_follower', 1, 0, ' ', 4, NULL, '#taskid=1', 'a:2:{i:0;s:13:\"Tân Nguyễn\";i:1;s:14:\"Nhiệm vụ 1\";}'),
(38, 0, '2017-06-07 14:12:52', 'not_task_added_you_as_follower', 1, 0, ' ', 3, NULL, '#taskid=1', 'a:1:{i:0;s:14:\"Nhiệm vụ 1\";}'),
(39, 0, '2017-06-07 14:12:53', 'not_task_added_someone_as_follower', 1, 0, ' ', 4, NULL, '#taskid=1', 'a:2:{i:0;s:10:\"Ngọc Hà\";i:1;s:14:\"Nhiệm vụ 1\";}'),
(40, 0, '2017-06-07 14:12:53', 'not_task_added_someone_as_follower', 1, 0, ' ', 2, NULL, '#taskid=1', 'a:2:{i:0;s:10:\"Ngọc Hà\";i:1;s:14:\"Nhiệm vụ 1\";}'),
(41, 0, '2017-06-07 14:15:57', 'not_task_assigned_to_you', 1, 0, ' ', 3, NULL, '#taskid=3', 'a:1:{i:0;s:23:\"Chăm sóc khách hàng\";}'),
(42, 0, '2017-06-07 14:15:58', 'not_task_assigned_someone', 1, 0, ' ', 4, NULL, '#taskid=3', 'a:2:{i:0;s:10:\"Ngọc Hà\";i:1;s:23:\"Chăm sóc khách hàng\";}'),
(43, 0, '2017-06-07 14:15:58', 'not_task_assigned_someone', 1, 0, ' ', 2, NULL, '#taskid=3', 'a:2:{i:0;s:10:\"Ngọc Hà\";i:1;s:23:\"Chăm sóc khách hàng\";}'),
(44, 0, '2017-06-07 14:17:58', 'not_task_assigned_to_you', 1, 0, ' ', 3, NULL, '#taskid=3', 'a:1:{i:0;s:23:\"Chăm sóc khách hàng\";}'),
(45, 0, '2017-06-07 14:17:59', 'not_task_assigned_someone', 1, 0, ' ', 4, NULL, '#taskid=3', 'a:2:{i:0;s:10:\"Ngọc Hà\";i:1;s:23:\"Chăm sóc khách hàng\";}'),
(46, 0, '2017-06-07 14:17:59', 'not_task_assigned_someone', 1, 0, ' ', 2, NULL, '#taskid=3', 'a:2:{i:0;s:10:\"Ngọc Hà\";i:1;s:23:\"Chăm sóc khách hàng\";}'),
(47, 0, '2017-06-07 14:21:43', 'not_task_will_do_user', 1, 0, ' ', 4, NULL, '#taskid=3', 'a:1:{i:0;s:23:\"Chăm sóc khách hàng\";}'),
(48, 0, '2017-06-07 14:21:43', 'not_task_will_do_user', 1, 0, ' ', 2, NULL, '#taskid=3', 'a:1:{i:0;s:23:\"Chăm sóc khách hàng\";}'),
(49, 0, '2017-06-07 14:21:43', 'not_task_will_do_user', 1, 0, ' ', 3, NULL, '#taskid=3', 'a:1:{i:0;s:23:\"Chăm sóc khách hàng\";}'),
(50, 0, '2017-06-07 14:23:37', 'not_task_assigned_to_you', 1, 0, ' ', 2, NULL, '#taskid=3', 'a:1:{i:0;s:23:\"Chăm sóc khách hàng\";}'),
(51, 0, '2017-06-07 14:23:39', 'not_task_assigned_someone', 1, 0, ' ', 4, NULL, '#taskid=3', 'a:2:{i:0;s:13:\"Tân Nguyễn\";i:1;s:23:\"Chăm sóc khách hàng\";}'),
(52, 0, '2017-06-07 14:24:35', 'not_task_added_you_as_follower', 1, 0, ' ', 2, NULL, '#taskid=3', 'a:1:{i:0;s:23:\"Chăm sóc khách hàng\";}'),
(53, 0, '2017-06-07 14:24:36', 'not_task_added_someone_as_follower', 1, 0, ' ', 4, NULL, '#taskid=3', 'a:2:{i:0;s:13:\"Tân Nguyễn\";i:1;s:23:\"Chăm sóc khách hàng\";}'),
(54, 0, '2017-06-07 14:24:38', 'not_task_added_you_as_follower', 1, 0, ' ', 3, NULL, '#taskid=3', 'a:1:{i:0;s:23:\"Chăm sóc khách hàng\";}'),
(55, 0, '2017-06-07 14:24:39', 'not_task_added_someone_as_follower', 1, 0, ' ', 4, NULL, '#taskid=3', 'a:2:{i:0;s:10:\"Ngọc Hà\";i:1;s:23:\"Chăm sóc khách hàng\";}'),
(56, 0, '2017-06-07 14:24:39', 'not_task_added_someone_as_follower', 1, 0, ' ', 2, NULL, '#taskid=3', 'a:2:{i:0;s:10:\"Ngọc Hà\";i:1;s:23:\"Chăm sóc khách hàng\";}'),
(57, 0, '2017-06-07 14:28:52', 'not_task_added_himself_as_follower', 1, 0, ' ', 4, NULL, '#taskid=1', 'a:1:{i:0;s:14:\"Nhiệm vụ 1\";}'),
(58, 0, '2017-06-07 14:28:52', 'not_task_added_himself_as_follower', 1, 0, ' ', 2, NULL, '#taskid=1', 'a:1:{i:0;s:14:\"Nhiệm vụ 1\";}'),
(59, 0, '2017-06-07 14:28:52', 'not_task_added_himself_as_follower', 1, 0, ' ', 3, NULL, '#taskid=1', 'a:1:{i:0;s:14:\"Nhiệm vụ 1\";}'),
(60, 0, '2017-06-07 15:27:34', 'not_task_added_you_as_follower', 1, 0, ' ', 2, NULL, '#taskid=4', 'a:1:{i:0;s:8:\"saasdasd\";}'),
(61, 0, '2017-06-07 15:27:36', 'not_task_added_someone_as_follower', 1, 0, ' ', 4, NULL, '#taskid=4', 'a:2:{i:0;s:13:\"Tân Nguyễn\";i:1;s:8:\"saasdasd\";}'),
(62, 0, '2017-06-10 14:32:44', 'not_assigned_lead_to_you', 1, 0, ' ', 4, NULL, '#leadid=14', 'a:2:{i:0;s:1:\" \";i:1;s:5:\"Hùng\";}'),
(63, 0, '2017-06-11 09:20:23', 'not_assigned_lead_to_you', 1, 0, ' ', 4, NULL, '#leadid=15', 'a:2:{i:0;s:1:\" \";i:1;s:10:\"Anh nghĩa\";}'),
(64, 0, '2017-07-04 17:10:28', 'not_lead_added_attachment', 1, 0, ' ', 4, NULL, '#leadid=1', 'a:1:{i:0;s:12:\"Nguyen Van A\";}'),
(65, 0, '2017-07-07 11:06:30', 'not_lead_added_attachment', 1, 0, ' ', 4, NULL, '#leadid=15', 'a:1:{i:0;s:10:\"Anh nghĩa\";}');

-- --------------------------------------------------------

--
-- Cấu trúc bảng cho bảng `tbloptions`
--

CREATE TABLE `tbloptions` (
  `id` int(11) NOT NULL,
  `name` varchar(60) NOT NULL,
  `value` longtext NOT NULL
) ENGINE=MyISAM DEFAULT CHARSET=utf8;

--
-- Đang đổ dữ liệu cho bảng `tbloptions`
--

INSERT INTO `tbloptions` (`id`, `name`, `value`) VALUES
(1, 'dateformat', 'Y-m-d|%Y-%m-%d'),
(2, 'companyname', ''),
(3, 'services', '1'),
(4, 'maximum_allowed_ticket_attachments', '4'),
(5, 'ticket_attachments_file_extensions', '.jpg,.png,.pdf,.doc'),
(6, 'staff_access_only_assigned_departments', '1'),
(7, 'use_knowledge_base', '1'),
(8, 'smtp_email', 'companyfoso@gmail.com'),
(9, 'smtp_password', '81605901827f3e5688b8e8fcc899a40535865627370cb781c926d10feebee0be1ed9cd6a6060936a3d8e75d675ef97849eef3535dac7215965a1d9d1b1d6e226Y8W9k1xkVCnF9ZtPzk2DOejljTiyWlDSLIh/52Q0/6Y='),
(10, 'smtp_port', '465'),
(11, 'smtp_host', 'smtp.gmail.com'),
(12, 'smtp_email_charset', 'utf-8'),
(13, 'default_timezone', 'Asia/Bangkok'),
(14, 'clients_default_theme', 'perfex'),
(15, 'company_logo', 'logo.png'),
(16, 'tables_pagination_limit', '25'),
(17, 'main_domain', ''),
(18, 'allow_registration', '1'),
(19, 'knowledge_base_without_registration', '1'),
(20, 'email_signature', '---GIẢI PHÁP PHẦN MỀM FOSO---'),
(21, 'default_staff_role', '1'),
(22, 'newsfeed_maximum_files_upload', '10'),
(23, 'newsfeed_maximum_file_size', '5'),
(24, 'contract_expiration_before', '4'),
(25, 'invoice_prefix', 'INV-'),
(26, 'decimal_separator', '.'),
(27, 'thousand_separator', ','),
(28, 'currency_placement', 'before'),
(29, 'invoice_company_name', ''),
(30, 'invoice_company_address', ''),
(31, 'invoice_company_city', ''),
(32, 'invoice_company_country_code', ''),
(33, 'invoice_company_postal_code', ''),
(34, 'invoice_company_phonenumber', ''),
(35, 'view_invoice_only_logged_in', '0'),
(36, 'invoice_number_format', '1'),
(37, 'next_invoice_number', '2'),
(38, 'cron_send_invoice_overdue_reminder', '1'),
(39, 'active_language', 'english'),
(40, 'invoice_number_decrement_on_delete', '1'),
(41, 'automatically_send_invoice_overdue_reminder_after', '1'),
(42, 'automatically_resend_invoice_overdue_reminder_after', '3'),
(43, 'expenses_auto_operations_hour', '21'),
(44, 'survey_send_emails_per_cron_run', '100'),
(45, 'delete_only_on_last_invoice', '1'),
(46, 'delete_only_on_last_estimate', '1'),
(47, 'create_invoice_from_recurring_only_on_paid_invoices', '0'),
(48, 'allow_payment_amount_to_be_modified', '1'),
(49, 'send_renewed_invoice_from_recurring_to_email', '1'),
(50, 'rtl_support_client', '0'),
(51, 'limit_top_search_bar_results_to', '10'),
(52, 'estimate_prefix', 'EST-'),
(53, 'next_estimate_number', '1'),
(54, 'estimate_number_decrement_on_delete', '1'),
(55, 'estimate_number_format', '1'),
(56, 'estimate_auto_convert_to_invoice_on_client_accept', '1'),
(57, 'exclude_estimate_from_client_area_with_draft_status', '1'),
(58, 'rtl_support_admin', '0'),
(59, 'last_cron_run', ''),
(60, 'show_sale_agent_on_estimates', '1'),
(61, 'show_sale_agent_on_invoices', '1'),
(62, 'predefined_terms_invoice', ''),
(63, 'predefined_terms_estimate', ''),
(64, 'default_task_priority', '2'),
(65, 'dropbox_app_key', ''),
(66, 'show_expense_reminders_on_calendar', '1'),
(67, 'only_show_contact_tickets', '1'),
(68, 'predefined_clientnote_invoice', ''),
(69, 'predefined_clientnote_estimate', ''),
(70, 'custom_pdf_logo_image_url', ''),
(71, 'favicon', 'favicon.png'),
(72, 'auto_backup_enabled', '0'),
(73, 'invoice_due_after', '30'),
(74, 'google_api_key', ''),
(75, 'google_calendar_main_calendar', ''),
(76, 'default_tax', ''),
(77, 'show_invoices_on_calendar', '1'),
(78, 'show_estimates_on_calendar', '1'),
(79, 'show_contracts_on_calendar', '1'),
(80, 'show_tasks_on_calendar', '1'),
(81, 'show_customer_reminders_on_calendar', '1'),
(82, 'auto_backup_every', '7'),
(83, 'last_auto_backup', ''),
(84, 'output_client_pdfs_from_admin_area_in_client_language', '0'),
(85, 'show_lead_reminders_on_calendar', '1'),
(86, 'aside_menu_active', '{\"aside_menu_active\":[{\"name\":\"als_dashboard\",\"url\":\"\\/\",\"permission\":\"\",\"icon\":\"fa fa-tachometer\",\"id\":\"dashboard\"},{\"name\":\"als_clients\",\"url\":\"clients\",\"permission\":\"customers\",\"icon\":\"fa fa-users\",\"id\":\"customers\"},{\"name\":\"als_staff\",\"url\":\"staff\",\"permission\":\"staff\",\"icon\":\"fa fa-user-circle-o\",\"id\":\"staff\"},{\"name\":\"als_products\",\"url\":\"invoice_items\",\"permission\":\"items\",\"icon\":\"fa fa-product-hunt\",\"id\":\"products\"},{\"name\":\"projects\",\"url\":\"projects\",\"permission\":\"\",\"icon\":\"fa fa-bars\",\"id\":\"projects\"},{\"name\":\"als_purchase\",\"url\":\"#\",\"permission\":\"is_admin\",\"icon\":\"fa fa-money\",\"id\":\"tickets\",\"children\":[{\"name\":\"als_purchase_plan\",\"url\":\"#\",\"permission\":\"is_admin\",\"icon\":\"\",\"id\":\"als_purchase_plan\"},{\"name\":\"als_suggested_purchase\",\"url\":\"#\",\"permission\":\"is_admin\",\"icon\":\"\",\"id\":\"als_suggested_purchase\"},{\"name\":\"als_orders_ordered\",\"url\":\"#\",\"permission\":\"is_admin\",\"icon\":\"\",\"id\":\"als_orders_ordered\"},{\"name\":\"als_purchase_contract\",\"url\":\"#\",\"permission\":\"is_admin\",\"icon\":\"\",\"id\":\"als_purchase_contract\"},{\"name\":\"als_purchase_sale_slip\",\"url\":\"#\",\"permission\":\"is_admin\",\"icon\":\"\",\"id\":\"als_purchase_sale_slip\"},{\"name\":\"als_purchase_costs_slip\",\"url\":\"#\",\"permission\":\"is_admin\",\"icon\":\"\",\"id\":\"als_purchase_costs_slip\"},{\"name\":\"als_payment_slip_debit_note\",\"url\":\"#\",\"permission\":\"is_admin\",\"icon\":\"\",\"id\":\"als_payment_slip_debit_note\"}]},{\"name\":\"als_sales\",\"url\":\"#\",\"permission\":\"\",\"icon\":\"fa fa-balance-scale\",\"id\":\"sales\",\"children\":[{\"name\":\"als_orders\",\"url\":\"#\",\"permission\":\"is_admin\",\"icon\":\"\",\"id\":\"als_orders_sales\"},{\"name\":\"als_receipts\",\"url\":\"#\",\"permission\":\"is_admin\",\"icon\":\"\",\"id\":\"als_receipts\"},{\"name\":\"proposals\",\"url\":\"proposals\",\"permission\":\"proposals\",\"icon\":\"\",\"id\":\"child-proposals\"},{\"name\":\"estimates\",\"url\":\"estimates\\/list_estimates\",\"permission\":\"estimates\",\"icon\":\"\",\"id\":\"child-estimates\"},{\"name\":\"invoices\",\"url\":\"invoices\\/list_invoices\",\"permission\":\"invoices\",\"icon\":\"\",\"id\":\"child-invoices\"},{\"name\":\"payments\",\"url\":\"payments\",\"permission\":\"payments\",\"icon\":\"\",\"id\":\"child-payments\"},{\"name\":\"als_report\",\"url\":\"#\",\"permission\":\"is_admin\",\"icon\":\"\",\"id\":\"als_report\"}]},{\"name\":\"als_expenses\",\"url\":\"expenses\\/list_expenses\",\"permission\":\"expenses\",\"icon\":\"fa fa-heartbeat\",\"id\":\"expenses\"},{\"name\":\"support\",\"url\":\"tickets\",\"permission\":\"\",\"icon\":\"fa fa-ticket\",\"id\":\"tickets\"},{\"name\":\"als_contracts\",\"url\":\"contracts\",\"permission\":\"contracts\",\"icon\":\"fa fa-file\",\"id\":\"contracts\"},{\"name\":\"als_leads\",\"url\":\"leads\",\"permission\":\"is_staff_member\",\"icon\":\"fa fa-tty\",\"id\":\"leads\"},{\"name\":\"als_tasks\",\"url\":\"tasks\\/list_tasks\",\"permission\":\"\",\"icon\":\"fa fa-tasks\",\"id\":\"tasks\"},{\"name\":\"als_kb\",\"url\":\"#\",\"permission\":\"knowledge_base\",\"icon\":\"fa fa-folder-open-o\",\"id\":\"knowledge-base\",\"children\":[{\"name\":\"als_all_articles\",\"url\":\"knowledge_base\",\"permission\":\"\",\"icon\":\"\",\"id\":\"child-all-articles\"},{\"name\":\"als_kb_groups\",\"url\":\"knowledge_base\\/manage_groups\",\"permission\":\"\",\"icon\":\"\",\"id\":\"child-groups\"}]},{\"name\":\"als_reports\",\"url\":\"#\",\"permission\":\"reports\",\"icon\":\"fa fa-area-chart\",\"id\":\"reports\",\"children\":[{\"name\":\"als_reports_sales_submenu\",\"url\":\"reports\\/sales\",\"permission\":\"\",\"icon\":\"\",\"id\":\"child-sales\"},{\"name\":\"als_reports_expenses\",\"url\":\"reports\\/expenses\",\"permission\":\"\",\"icon\":\"\",\"id\":\"child-expenses\"},{\"name\":\"als_expenses_vs_income\",\"url\":\"reports\\/expenses_vs_income\",\"permission\":\"\",\"icon\":\"\",\"id\":\"child-expenses-vs-income\"},{\"name\":\"als_reports_leads_submenu\",\"url\":\"reports\\/leads\",\"permission\":\"\",\"icon\":\"\",\"id\":\"child-leads\"},{\"name\":\"als_kb_articles_submenu\",\"url\":\"reports\\/knowledge_base_articles\",\"permission\":\"\",\"icon\":\"\",\"id\":\"child-kb-articles\"}]},{\"name\":\"als_utilities\",\"url\":\"#\",\"permission\":\"\",\"icon\":\"fa fa-cogs\",\"id\":\"utilities\",\"children\":[{\"name\":\"als_media\",\"url\":\"utilities\\/media\",\"permission\":\"\",\"icon\":\"\",\"id\":\"child-media\"},{\"name\":\"bulk_pdf_exporter\",\"url\":\"utilities\\/bulk_pdf_exporter\",\"permission\":\"bulk_pdf_exporter\",\"icon\":\"\",\"id\":\"child-bulk-pdf-exporter\"},{\"name\":\"als_calendar_submenu\",\"url\":\"utilities\\/calendar\",\"permission\":\"\",\"icon\":\"\",\"id\":\"child-calendar\"},{\"name\":\"als_goals_tracking\",\"url\":\"goals\",\"permission\":\"goals\",\"icon\":\"\",\"id\":\"child-goals-tracking\"},{\"name\":\"als_surveys\",\"url\":\"surveys\",\"permission\":\"surveys\",\"icon\":\"\",\"id\":\"child-surveys\"},{\"name\":\"als_announcements_submenu\",\"url\":\"announcements\",\"permission\":\"is_admin\",\"icon\":\"\",\"id\":\"child-announcements\"},{\"name\":\"utility_backup\",\"url\":\"utilities\\/backup\",\"permission\":\"is_admin\",\"icon\":\"\",\"id\":\"child-database-backup\"},{\"name\":\"als_activity_log_submenu\",\"url\":\"utilities\\/activity_log\",\"permission\":\"is_admin\",\"icon\":\"\",\"id\":\"child-activity-log\"},{\"name\":\"ticket_pipe_log\",\"url\":\"utilities\\/pipe_log\",\"permission\":\"is_admin\",\"icon\":\"\",\"id\":\"ticket-pipe-log\"}]}]}'),
(87, 'estimate_expiry_reminder_enabled', '1'),
(88, 'send_estimate_expiry_reminder_before', '4'),
(89, 'leads_default_source', ''),
(90, 'leads_default_status', ''),
(91, 'proposal_expiry_reminder_enabled', '1'),
(92, 'send_proposal_expiry_reminder_before', '4'),
(93, 'default_contact_permissions', 'a:6:{i:0;s:1:\"1\";i:1;s:1:\"2\";i:2;s:1:\"3\";i:3;s:1:\"4\";i:4;s:1:\"5\";i:5;s:1:\"6\";}'),
(94, 'pdf_logo_width', '150'),
(95, 'aside_menu_inactive', '{\"aside_menu_inactive\":[]}'),
(96, 'setup_menu_active', '{\"setup_menu_active\":[{\"permission\":\"is_admin\",\"name\":\"clients\",\"url\":\"#\",\"icon\":\"\",\"id\":\"customers\",\"children\":[{\"permission\":\"\",\"name\":\"customer_groups\",\"url\":\"clients\\/groups\",\"icon\":\"\",\"id\":\"groups\"}]},{\"permission\":\"is_admin\",\"name\":\"als_list\",\"url\":\"#\",\"icon\":\"\",\"id\":\"list\",\"children\":[{\"permission\":\"\",\"name\":\"als_positions\",\"url\":\"positions\",\"icon\":\"\",\"id\":\"positions\"},{\"permission\":\"\",\"name\":\"als_workplaces\",\"url\":\"workplaces\",\"icon\":\"\",\"id\":\"workplaces\"},{\"permission\":\"\",\"name\":\"als_workforms\",\"url\":\"workforms\",\"icon\":\"\",\"id\":\"workforms\"},{\"permission\":\"\",\"name\":\"als_units\",\"url\":\"units\",\"icon\":\"\",\"id\":\"units\"},{\"permission\":\"\",\"name\":\"als_racks\",\"url\":\"racks\",\"icon\":\"\",\"id\":\"racks\"},{\"permission\":\"\",\"name\":\"als_warehouses\",\"url\":\"warehouses\",\"icon\":\"\",\"id\":\"warehouses\"},{\"permission\":\"\",\"name\":\"als_categories\",\"url\":\"categories\",\"icon\":\"\",\"id\":\"categories\"},{\"permission\":\"\",\"name\":\"als_products\",\"url\":\"products\",\"icon\":\"\",\"id\":\"products\"}]},{\"permission\":\"\",\"name\":\"support\",\"url\":\"#\",\"icon\":\"\",\"id\":\"tickets\",\"children\":[{\"permission\":\"is_admin\",\"name\":\"acs_departments\",\"url\":\"departments\",\"icon\":\"\",\"id\":\"departments\"},{\"permission\":\"is_admin\",\"name\":\"acs_ticket_predefined_replies_submenu\",\"url\":\"tickets\\/predifined_replies\",\"icon\":\"\",\"id\":\"predifined-replies\"},{\"permission\":\"is_admin\",\"name\":\"acs_ticket_priority_submenu\",\"url\":\"tickets\\/priorities\",\"icon\":\"\",\"id\":\"ticket-priority\"},{\"permission\":\"is_admin\",\"name\":\"acs_ticket_statuses_submenu\",\"url\":\"tickets\\/statuses\",\"icon\":\"\",\"id\":\"ticket-statuses\"},{\"permission\":\"is_admin\",\"name\":\"acs_ticket_services_submenu\",\"url\":\"tickets\\/services\",\"icon\":\"\",\"id\":\"services\"},{\"permission\":\"is_admin\",\"name\":\"spam_filters\",\"url\":\"tickets\\/spam_filters\",\"icon\":\"\",\"id\":\"spam-filters\"}]},{\"permission\":\"is_admin\",\"name\":\"acs_leads\",\"url\":\"#\",\"icon\":\"\",\"id\":\"leads\",\"children\":[{\"permission\":\"\",\"name\":\"acs_leads_sources_submenu\",\"url\":\"leads\\/sources\",\"icon\":\"\",\"id\":\"sources\"},{\"permission\":\"\",\"name\":\"acs_leads_statuses_submenu\",\"url\":\"leads\\/statuses\",\"icon\":\"\",\"id\":\"statuses\"},{\"permission\":\"\",\"name\":\"leads_email_integration\",\"url\":\"leads\\/email_integration\",\"icon\":\"\",\"id\":\"email-integration\"},{\"name\":\"web_to_lead\",\"permission\":\"is_admin\",\"icon\":\"\",\"url\":\"leads\\/forms\",\"id\":\"web-to-lead\"}]},{\"permission\":\"is_admin\",\"name\":\"acs_finance\",\"url\":\"#\",\"icon\":\"\",\"id\":\"finance\",\"children\":[{\"permission\":\"\",\"name\":\"acs_sales_taxes_submenu\",\"url\":\"taxes\",\"icon\":\"\",\"id\":\"taxes\"},{\"permission\":\"\",\"name\":\"acs_sales_currencies_submenu\",\"url\":\"currencies\",\"icon\":\"\",\"id\":\"currencies\"},{\"permission\":\"\",\"name\":\"acs_sales_payment_modes_submenu\",\"url\":\"paymentmodes\",\"icon\":\"\",\"id\":\"payment-modes\"},{\"permission\":\"\",\"name\":\"acs_expense_categories\",\"url\":\"expenses\\/categories\",\"icon\":\"\",\"id\":\"expenses-categories\"}]},{\"permission\":\"is_admin\",\"name\":\"acs_contracts\",\"url\":\"#\",\"icon\":\"\",\"id\":\"contracts\",\"children\":[{\"permission\":\"\",\"name\":\"acs_contract_types\",\"url\":\"contracts\\/types\",\"icon\":\"\",\"id\":\"contract-types\"}]},{\"permission\":\"email_templates\",\"name\":\"acs_email_templates\",\"url\":\"emails\",\"icon\":\"\",\"id\":\"email-templates\"},{\"permission\":\"is_admin\",\"name\":\"asc_custom_fields\",\"url\":\"custom_fields\",\"icon\":\"\",\"id\":\"custom-fields\"},{\"permission\":\"roles\",\"name\":\"acs_roles\",\"url\":\"roles\",\"icon\":\"\",\"id\":\"roles\"},{\"permission\":\"is_admin\",\"name\":\"menu_builder\",\"url\":\"#\",\"icon\":\"\",\"id\":\"menu-builder\",\"children\":[{\"permission\":\"\",\"name\":\"main_menu\",\"url\":\"utilities\\/main_menu\",\"icon\":\"\",\"id\":\"organize-sidebar\"},{\"permission\":\"is_admin\",\"name\":\"setup_menu\",\"url\":\"utilities\\/setup_menu\",\"icon\":\"\",\"id\":\"setup-menu\"}]},{\"name\":\"theme_style\",\"permission\":\"is_admin\",\"icon\":\"\",\"url\":\"utilities\\/theme_style\",\"id\":\"theme-style\"},{\"permission\":\"settings\",\"name\":\"acs_settings\",\"url\":\"settings\",\"icon\":\"\",\"id\":\"settings\"},{\"permission\":\"setting_rule\",\"name\":\"setting_rule\",\"url\":\"rule\",\"icon\":\"\",\"id\":\"setting_rule\"}]}'),
(246, 'prefix_staff', 'NV-'),
(97, 'access_tickets_to_none_staff_members', '0'),
(98, 'setup_menu_inactive', '{\n    \"setup_menu_inactive\": [\n        \n    ]\n}'),
(99, 'customer_default_country', '243'),
(100, 'view_estimate_only_logged_in', '0'),
(101, 'show_status_on_pdf_ei', '1'),
(102, 'email_piping_only_replies', '0'),
(103, 'email_piping_only_registered', '0'),
(104, 'default_view_calendar', 'month'),
(105, 'email_piping_default_priority', '2'),
(106, 'total_to_words_lowercase', '0'),
(107, 'show_tax_per_item', '1'),
(108, 'last_survey_send_cron', ''),
(109, 'total_to_words_enabled', '0'),
(110, 'receive_notification_on_new_ticket', '1'),
(111, 'autoclose_tickets_after', '0'),
(112, 'media_max_file_size_upload', '10'),
(113, 'client_staff_add_edit_delete_task_comments_first_hour', '0'),
(114, 'show_projects_on_calendar', '1'),
(115, 'leads_kanban_limit', '50'),
(116, 'tasks_reminder_notification_before', '2'),
(117, 'pdf_font', 'freesans'),
(118, 'pdf_table_heading_color', '#323a45'),
(119, 'pdf_table_heading_text_color', '#ffffff'),
(120, 'pdf_font_size', '10'),
(121, 'defaut_leads_kanban_sort', 'leadorder'),
(122, 'defaut_leads_kanban_sort_type', 'asc'),
(123, 'allowed_files', '.gif,.png,.jpeg,.jpg,.pdf,.doc,.txt,.docx,.xls,.zip,.rar,.xls,.mp4'),
(124, 'show_all_tasks_for_project_member', '1'),
(125, 'email_protocol', 'smtp'),
(126, 'calendar_first_day', '0'),
(127, 'recaptcha_secret_key', ''),
(128, 'show_help_on_setup_menu', '1'),
(129, 'show_proposals_on_calendar', '1'),
(130, 'smtp_encryption', 'ssl'),
(131, 'recaptcha_site_key', ''),
(132, 'smtp_username', 'companyfoso@gmail.com'),
(133, 'auto_stop_tasks_timers_on_new_timer', '0'),
(134, 'notification_when_customer_pay_invoice', '1'),
(135, 'theme_style', '[{\"id\":\"admin-menu\",\"color\":\"#111112\"},{\"id\":\"top-header\",\"color\":\"#111112\"}]'),
(136, 'calendar_invoice_color', '#FF6F00'),
(137, 'calendar_estimate_color', '#FF6F00'),
(138, 'calendar_proposal_color', '#84c529'),
(139, 'calendar_task_color', '#FC2D42'),
(140, 'calendar_reminder_color', '#03A9F4'),
(141, 'calendar_contract_color', '#B72974'),
(142, 'calendar_project_color', '#B72974'),
(143, 'update_info_message', ''),
(144, 'show_estimate_reminders_on_calendar', '1'),
(145, 'show_invoice_reminders_on_calendar', '1'),
(146, 'show_proposal_reminders_on_calendar', '1'),
(147, 'proposal_due_after', '7'),
(148, 'allow_customer_to_change_ticket_status', '0'),
(149, 'lead_lock_after_convert_to_customer', '0'),
(150, 'default_proposals_pipeline_sort', 'pipeline_order'),
(151, 'defaut_proposals_pipeline_sort_type', 'asc'),
(152, 'default_estimates_pipeline_sort', 'pipeline_order'),
(153, 'defaut_estimates_pipeline_sort_type', 'asc'),
(154, 'use_recaptcha_customers_area', '0'),
(155, 'remove_decimals_on_zero', '0'),
(156, 'remove_tax_name_from_item_table', '0'),
(157, 'pdf_format_invoice', 'A4-PORTRAIT'),
(158, 'pdf_format_estimate', 'A4-PORTRAIT'),
(159, 'pdf_format_proposal', 'A4-PORTRAIT'),
(160, 'pdf_format_payment', 'A4-PORTRAIT'),
(161, 'pdf_format_contract', 'A4-PORTRAIT'),
(162, 'pdf_text_color', '#000000'),
(163, 'auto_check_for_new_notifications', '0'),
(164, 'swap_pdf_info', '0'),
(165, 'exclude_invoice_from_client_area_with_draft_status', '1'),
(166, 'cron_has_run_from_cli', '0'),
(167, 'hide_cron_is_required_message', '1'),
(168, 'auto_assign_customer_admin_after_lead_convert', '1'),
(169, 'show_transactions_on_invoice_pdf', '1'),
(170, 'show_pay_link_to_invoice_pdf', '1'),
(171, 'tasks_kanban_limit', '50'),
(172, 'purchase_key', ''),
(173, 'estimates_pipeline_limit', '50'),
(174, 'proposals_pipeline_limit', '50'),
(175, 'proposal_number_prefix', 'PRO-'),
(176, 'number_padding_prefixes', '6'),
(177, 'show_page_number_on_pdf', '0'),
(178, 'calendar_events_limit', '4'),
(179, 'show_setup_menu_item_only_on_hover', '0'),
(180, 'company_requires_vat_number_field', '1'),
(181, 'company_is_required', '1'),
(182, 'allow_contact_to_delete_files', '0'),
(183, 'company_vat', ''),
(184, 'di', '1490858650'),
(185, 'invoice_auto_operations_hour', '21'),
(186, 'use_minified_files', '1'),
(187, 'only_own_files_contacts', '0'),
(188, 'allow_primary_contact_to_view_edit_billing_and_shipping', '0'),
(189, 'estimate_due_after', '7'),
(190, 'delete_backups_older_then', '0'),
(191, 'staff_members_open_tickets_to_all_contacts', '1'),
(192, 'paymentmethod_stripe_active', '0'),
(193, 'paymentmethod_stripe_label', 'Stripe'),
(194, 'paymentmethod_stripe_api_secret_key', ''),
(195, 'paymentmethod_stripe_api_publishable_key', ''),
(196, 'paymentmethod_stripe_currencies', 'USD,CAD'),
(197, 'paymentmethod_stripe_default_selected', '1'),
(198, 'paymentmethod_stripe_test_mode_enabled', '1'),
(199, 'paymentmethod_two_checkout_active', '0'),
(200, 'paymentmethod_two_checkout_label', '2Checkout'),
(201, 'paymentmethod_two_checkout_account_number', ''),
(202, 'paymentmethod_two_checkout_private_key', ''),
(203, 'paymentmethod_two_checkout_publishable_key', ''),
(204, 'paymentmethod_two_checkout_currencies', 'USD,EUR'),
(205, 'paymentmethod_two_checkout_default_selected', '1'),
(206, 'paymentmethod_two_checkout_test_mode_enabled', '1'),
(207, 'paymentmethod_paypal_active', '0'),
(208, 'paymentmethod_paypal_label', 'Paypal'),
(209, 'paymentmethod_paypal_username', ''),
(210, 'paymentmethod_paypal_password', ''),
(211, 'paymentmethod_paypal_signature', ''),
(212, 'paymentmethod_paypal_currencies', 'EUR,USD'),
(213, 'paymentmethod_paypal_default_selected', '1'),
(214, 'paymentmethod_paypal_test_mode_enabled', '1'),
(215, 'paymentmethod_paypal_braintree_active', '0'),
(216, 'paymentmethod_paypal_braintree_label', 'Braintree'),
(217, 'paymentmethod_paypal_braintree_merchant_id', ''),
(218, 'paymentmethod_paypal_braintree_api_public_key', ''),
(219, 'paymentmethod_paypal_braintree_api_private_key', ''),
(220, 'paymentmethod_paypal_braintree_currencies', 'USD'),
(221, 'paymentmethod_paypal_braintree_default_selected', '1'),
(222, 'paymentmethod_paypal_braintree_test_mode_enabled', '1'),
(223, 'paymentmethod_authorize_sim_active', '0'),
(224, 'paymentmethod_authorize_sim_label', 'Authorize.net'),
(225, 'paymentmethod_authorize_sim_api_login_id', ''),
(226, 'paymentmethod_authorize_sim_api_transaction_key', ''),
(227, 'paymentmethod_authorize_sim_api_secret_key', ''),
(228, 'paymentmethod_authorize_sim_currencies', 'USD'),
(229, 'paymentmethod_authorize_sim_default_selected', '1'),
(230, 'paymentmethod_authorize_sim_test_mode_enabled', '0'),
(231, 'paymentmethod_authorize_sim_developer_mode_enabled', '1'),
(232, 'paymentmethod_mollie_active', '0'),
(233, 'paymentmethod_mollie_label', 'Mollie'),
(234, 'paymentmethod_mollie_api_key', ''),
(235, 'paymentmethod_mollie_currencies', 'EUR'),
(236, 'paymentmethod_mollie_default_selected', '1'),
(237, 'paymentmethod_mollie_test_mode_enabled', '1'),
(238, 'paymentmethod_authorize_aim_active', '0'),
(239, 'paymentmethod_authorize_aim_label', 'Authorize.net'),
(240, 'paymentmethod_authorize_aim_api_login_id', ''),
(241, 'paymentmethod_authorize_aim_api_transaction_key', ''),
(242, 'paymentmethod_authorize_aim_currencies', 'USD'),
(243, 'paymentmethod_authorize_aim_default_selected', '1'),
(244, 'paymentmethod_authorize_aim_test_mode_enabled', '0'),
(245, 'paymentmethod_authorize_aim_developer_mode_enabled', '1'),
(247, 'prefix_customer', 'KH-');

-- --------------------------------------------------------

--
-- Cấu trúc bảng cho bảng `tblpermissions`
--

CREATE TABLE `tblpermissions` (
  `permissionid` int(11) NOT NULL,
  `name` mediumtext NOT NULL,
  `shortname` mediumtext NOT NULL
) ENGINE=MyISAM DEFAULT CHARSET=utf8;

--
-- Đang đổ dữ liệu cho bảng `tblpermissions`
--

INSERT INTO `tblpermissions` (`permissionid`, `name`, `shortname`) VALUES
(1, 'Contracts', 'contracts'),
(2, 'Tasks', 'tasks'),
(3, 'Reports', 'reports'),
(4, 'Settings', 'settings'),
(5, 'Projects', 'projects'),
(6, 'Surveys', 'surveys'),
(7, 'Staff', 'staff'),
(8, 'Customers', 'customers'),
(9, 'Email Templates', 'email_templates'),
(10, 'Roles', 'roles'),
(11, 'Estimates', 'estimates'),
(12, 'Knowledge base', 'knowledge_base'),
(13, 'Proposals', 'proposals'),
(14, 'Goals', 'goals'),
(15, 'Expenses', 'expenses'),
(16, 'Bulk PDF Exporter', 'bulk_pdf_exporter'),
(17, 'Payments', 'payments'),
(18, 'Invoices', 'invoices'),
(19, 'Items', 'items');

-- --------------------------------------------------------

--
-- Cấu trúc bảng cho bảng `tblpinnedprojects`
--

CREATE TABLE `tblpinnedprojects` (
  `id` int(11) NOT NULL,
  `project_id` int(11) NOT NULL,
  `staff_id` int(11) NOT NULL
) ENGINE=MyISAM DEFAULT CHARSET=utf8;

-- --------------------------------------------------------

--
-- Cấu trúc bảng cho bảng `tblpositions`
--

CREATE TABLE `tblpositions` (
  `positionid` int(11) NOT NULL,
  `name` varchar(255) COLLATE utf8_unicode_ci DEFAULT NULL,
  `note` text COLLATE utf8_unicode_ci,
  `positioncode` varchar(50) COLLATE utf8_unicode_ci DEFAULT NULL
) ENGINE=InnoDB DEFAULT CHARSET=utf8 COLLATE=utf8_unicode_ci;

--
-- Đang đổ dữ liệu cho bảng `tblpositions`
--

INSERT INTO `tblpositions` (`positionid`, `name`, `note`, `positioncode`) VALUES
(1, 'Giam doc', NULL, NULL),
(2, 'Pho GD', NULL, NULL),
(3, 'Truong Phong', NULL, NULL),
(4, 'Pho Phong', NULL, NULL);

-- --------------------------------------------------------

--
-- Cấu trúc bảng cho bảng `tblpostcomments`
--

CREATE TABLE `tblpostcomments` (
  `id` int(11) NOT NULL,
  `content` text,
  `userid` int(11) NOT NULL,
  `postid` int(11) NOT NULL,
  `dateadded` datetime NOT NULL
) ENGINE=MyISAM DEFAULT CHARSET=utf8;

-- --------------------------------------------------------

--
-- Cấu trúc bảng cho bảng `tblpostlikes`
--

CREATE TABLE `tblpostlikes` (
  `id` int(11) NOT NULL,
  `postid` int(11) NOT NULL,
  `userid` int(11) NOT NULL,
  `dateliked` datetime NOT NULL
) ENGINE=MyISAM DEFAULT CHARSET=utf8;

-- --------------------------------------------------------

--
-- Cấu trúc bảng cho bảng `tblposts`
--

CREATE TABLE `tblposts` (
  `postid` int(11) NOT NULL,
  `creator` int(11) NOT NULL,
  `datecreated` datetime NOT NULL,
  `visibility` varchar(100) NOT NULL,
  `content` text NOT NULL,
  `pinned` int(11) NOT NULL,
  `datepinned` datetime DEFAULT NULL
) ENGINE=MyISAM DEFAULT CHARSET=utf8;

-- --------------------------------------------------------

--
-- Cấu trúc bảng cho bảng `tblpredifinedreplies`
--

CREATE TABLE `tblpredifinedreplies` (
  `id` int(11) NOT NULL,
  `name` varchar(300) NOT NULL,
  `message` text NOT NULL
) ENGINE=MyISAM DEFAULT CHARSET=utf8;

-- --------------------------------------------------------

--
-- Cấu trúc bảng cho bảng `tblpriorities`
--

CREATE TABLE `tblpriorities` (
  `priorityid` int(11) NOT NULL,
  `name` varchar(50) NOT NULL
) ENGINE=MyISAM DEFAULT CHARSET=utf8;

--
-- Đang đổ dữ liệu cho bảng `tblpriorities`
--

INSERT INTO `tblpriorities` (`priorityid`, `name`) VALUES
(1, 'Low'),
(2, 'Medium'),
(3, 'High');

-- --------------------------------------------------------

--
-- Cấu trúc bảng cho bảng `tblproduct_files`
--

CREATE TABLE `tblproduct_files` (
  `id` int(11) NOT NULL,
  `product_id` int(11) NOT NULL,
  `file` varchar(100) NOT NULL
) ENGINE=InnoDB DEFAULT CHARSET=utf8;

-- --------------------------------------------------------

--
-- Cấu trúc bảng cho bảng `tblproduct_photos`
--

CREATE TABLE `tblproduct_photos` (
  `id` int(11) NOT NULL,
  `product_id` int(11) NOT NULL,
  `photo` varchar(100) NOT NULL
) ENGINE=InnoDB DEFAULT CHARSET=utf8;

-- --------------------------------------------------------

--
-- Cấu trúc bảng cho bảng `tblprojectactivity`
--

CREATE TABLE `tblprojectactivity` (
  `id` int(11) NOT NULL,
  `project_id` int(11) NOT NULL,
  `staff_id` int(11) NOT NULL DEFAULT '0',
  `contact_id` int(11) NOT NULL DEFAULT '0',
  `fullname` varchar(100) DEFAULT NULL,
  `visible_to_customer` int(11) NOT NULL DEFAULT '0',
  `description_key` varchar(500) NOT NULL COMMENT 'Language file key',
  `additional_data` text,
  `dateadded` datetime NOT NULL
) ENGINE=MyISAM DEFAULT CHARSET=utf8;

--
-- Đang đổ dữ liệu cho bảng `tblprojectactivity`
--

INSERT INTO `tblprojectactivity` (`id`, `project_id`, `staff_id`, `contact_id`, `fullname`, `visible_to_customer`, `description_key`, `additional_data`, `dateadded`) VALUES
(1, 1, 1, 0, ' ', 1, 'project_activity_added_team_member', 'Thùy Linh', '2017-06-07 11:52:48'),
(2, 1, 1, 0, ' ', 1, 'project_activity_added_team_member', 'Tân Nguyễn', '2017-06-07 11:52:48'),
(3, 1, 1, 0, ' ', 1, 'project_activity_added_team_member', 'Ngọc Hà', '2017-06-07 11:52:48'),
(4, 1, 1, 0, ' ', 1, 'project_activity_created', '', '2017-06-07 11:52:51'),
(5, 1, 1, 0, ' ', 1, 'project_activity_invoiced_project', 'INV-000001', '2017-07-04 10:52:59');

-- --------------------------------------------------------

--
-- Cấu trúc bảng cho bảng `tblprojectdiscussioncomments`
--

CREATE TABLE `tblprojectdiscussioncomments` (
  `id` int(11) NOT NULL,
  `discussion_id` int(11) NOT NULL,
  `discussion_type` varchar(10) NOT NULL,
  `parent` int(11) DEFAULT NULL,
  `created` datetime NOT NULL,
  `modified` datetime DEFAULT NULL,
  `content` text NOT NULL,
  `staff_id` int(11) NOT NULL,
  `contact_id` int(11) DEFAULT '0',
  `fullname` varchar(300) DEFAULT NULL,
  `file_name` varchar(300) DEFAULT NULL,
  `file_mime_type` varchar(70) DEFAULT NULL
) ENGINE=MyISAM DEFAULT CHARSET=utf8;

-- --------------------------------------------------------

--
-- Cấu trúc bảng cho bảng `tblprojectdiscussions`
--

CREATE TABLE `tblprojectdiscussions` (
  `id` int(11) NOT NULL,
  `project_id` int(11) NOT NULL,
  `subject` varchar(500) NOT NULL,
  `description` text NOT NULL,
  `show_to_customer` tinyint(1) NOT NULL DEFAULT '0',
  `datecreated` datetime NOT NULL,
  `last_activity` datetime DEFAULT NULL,
  `staff_id` int(11) NOT NULL DEFAULT '0',
  `contact_id` int(11) NOT NULL DEFAULT '0'
) ENGINE=MyISAM DEFAULT CHARSET=utf8;

-- --------------------------------------------------------

--
-- Cấu trúc bảng cho bảng `tblprojectfiles`
--

CREATE TABLE `tblprojectfiles` (
  `id` int(11) NOT NULL,
  `file_name` mediumtext NOT NULL,
  `subject` varchar(500) DEFAULT NULL,
  `description` text,
  `filetype` varchar(50) DEFAULT NULL,
  `dateadded` datetime NOT NULL,
  `last_activity` datetime DEFAULT NULL,
  `project_id` int(11) NOT NULL,
  `visible_to_customer` tinyint(1) DEFAULT '0',
  `staffid` int(11) NOT NULL,
  `contact_id` int(11) NOT NULL DEFAULT '0',
  `external` varchar(40) DEFAULT NULL,
  `external_link` text,
  `thumbnail_link` text
) ENGINE=MyISAM DEFAULT CHARSET=utf8;

-- --------------------------------------------------------

--
-- Cấu trúc bảng cho bảng `tblprojectmembers`
--

CREATE TABLE `tblprojectmembers` (
  `id` int(11) NOT NULL,
  `project_id` int(11) NOT NULL,
  `staff_id` int(11) NOT NULL
) ENGINE=MyISAM DEFAULT CHARSET=utf8;

--
-- Đang đổ dữ liệu cho bảng `tblprojectmembers`
--

INSERT INTO `tblprojectmembers` (`id`, `project_id`, `staff_id`) VALUES
(1, 1, 4),
(2, 1, 2),
(3, 1, 3);

-- --------------------------------------------------------

--
-- Cấu trúc bảng cho bảng `tblprojectnotes`
--

CREATE TABLE `tblprojectnotes` (
  `id` int(11) NOT NULL,
  `project_id` int(11) NOT NULL,
  `content` text NOT NULL,
  `staff_id` int(11) NOT NULL
) ENGINE=MyISAM DEFAULT CHARSET=utf8;

-- --------------------------------------------------------

--
-- Cấu trúc bảng cho bảng `tblprojects`
--

CREATE TABLE `tblprojects` (
  `id` int(11) NOT NULL,
  `name` varchar(600) NOT NULL,
  `description` text,
  `status` int(11) NOT NULL DEFAULT '0',
  `clientid` int(11) NOT NULL,
  `billing_type` int(11) NOT NULL,
  `start_date` date NOT NULL,
  `deadline` date DEFAULT NULL,
  `project_created` date NOT NULL,
  `date_finished` datetime DEFAULT NULL,
  `progress` int(11) DEFAULT '0',
  `progress_from_tasks` int(11) NOT NULL DEFAULT '1',
  `project_cost` decimal(11,2) DEFAULT NULL,
  `project_rate_per_hour` decimal(11,2) DEFAULT NULL,
  `addedfrom` int(11) NOT NULL
) ENGINE=MyISAM DEFAULT CHARSET=utf8;

--
-- Đang đổ dữ liệu cho bảng `tblprojects`
--

INSERT INTO `tblprojects` (`id`, `name`, `description`, `status`, `clientid`, `billing_type`, `start_date`, `deadline`, `project_created`, `date_finished`, `progress`, `progress_from_tasks`, `project_cost`, `project_rate_per_hour`, `addedfrom`) VALUES
(1, 'dsdada', '', 2, 3, 1, '2017-06-07', NULL, '2017-06-07', NULL, 0, 1, '0.00', '0.00', 1);

-- --------------------------------------------------------

--
-- Cấu trúc bảng cho bảng `tblprojectsettings`
--

CREATE TABLE `tblprojectsettings` (
  `id` int(11) NOT NULL,
  `project_id` int(11) NOT NULL,
  `name` varchar(100) NOT NULL,
  `value` int(11) NOT NULL DEFAULT '0'
) ENGINE=MyISAM DEFAULT CHARSET=utf8;

--
-- Đang đổ dữ liệu cho bảng `tblprojectsettings`
--

INSERT INTO `tblprojectsettings` (`id`, `project_id`, `name`, `value`) VALUES
(1, 1, 'view_tasks', 1),
(2, 1, 'comment_on_tasks', 1),
(3, 1, 'view_task_comments', 1),
(4, 1, 'view_task_attachments', 1),
(5, 1, 'view_task_checklist_items', 1),
(6, 1, 'upload_on_tasks', 1),
(7, 1, 'view_task_total_logged_time', 1),
(8, 1, 'view_finance_overview', 1),
(9, 1, 'upload_files', 1),
(10, 1, 'open_discussions', 1),
(11, 1, 'view_milestones', 1),
(12, 1, 'view_gantt', 1),
(13, 1, 'view_timesheets', 1),
(14, 1, 'view_activity_log', 1),
(15, 1, 'view_team_members', 1);

-- --------------------------------------------------------

--
-- Cấu trúc bảng cho bảng `tblproposalcomments`
--

CREATE TABLE `tblproposalcomments` (
  `id` int(11) NOT NULL,
  `content` mediumtext,
  `proposalid` int(11) NOT NULL,
  `staffid` int(11) NOT NULL,
  `dateadded` datetime NOT NULL
) ENGINE=MyISAM DEFAULT CHARSET=utf8;

-- --------------------------------------------------------

--
-- Cấu trúc bảng cho bảng `tblproposals`
--

CREATE TABLE `tblproposals` (
  `id` int(11) NOT NULL,
  `subject` varchar(500) DEFAULT NULL,
  `content` longtext,
  `addedfrom` int(11) NOT NULL,
  `datecreated` datetime NOT NULL,
  `total` decimal(11,2) DEFAULT NULL,
  `subtotal` decimal(11,2) NOT NULL,
  `total_tax` decimal(11,2) NOT NULL DEFAULT '0.00',
  `adjustment` decimal(11,2) DEFAULT NULL,
  `discount_percent` decimal(11,2) NOT NULL,
  `discount_total` decimal(11,2) NOT NULL,
  `discount_type` varchar(30) DEFAULT NULL,
  `show_quantity_as` int(11) NOT NULL DEFAULT '1',
  `currency` int(11) NOT NULL,
  `open_till` date DEFAULT NULL,
  `date` date NOT NULL,
  `rel_id` int(11) DEFAULT NULL,
  `rel_type` varchar(40) DEFAULT NULL,
  `assigned` int(11) DEFAULT NULL,
  `hash` varchar(32) NOT NULL,
  `proposal_to` varchar(600) DEFAULT NULL,
  `country` int(11) NOT NULL DEFAULT '0',
  `zip` varchar(50) DEFAULT NULL,
  `state` varchar(100) DEFAULT NULL,
  `city` varchar(100) DEFAULT NULL,
  `address` varchar(200) DEFAULT NULL,
  `email` varchar(150) DEFAULT NULL,
  `phone` varchar(50) DEFAULT NULL,
  `allow_comments` tinyint(1) NOT NULL DEFAULT '1',
  `status` int(11) NOT NULL,
  `estimate_id` int(11) DEFAULT NULL,
  `invoice_id` int(11) DEFAULT NULL,
  `date_converted` datetime DEFAULT NULL,
  `pipeline_order` int(11) NOT NULL DEFAULT '0',
  `is_expiry_notified` int(11) NOT NULL DEFAULT '0'
) ENGINE=MyISAM DEFAULT CHARSET=utf8;

--
-- Đang đổ dữ liệu cho bảng `tblproposals`
--

INSERT INTO `tblproposals` (`id`, `subject`, `content`, `addedfrom`, `datecreated`, `total`, `subtotal`, `total_tax`, `adjustment`, `discount_percent`, `discount_total`, `discount_type`, `show_quantity_as`, `currency`, `open_till`, `date`, `rel_id`, `rel_type`, `assigned`, `hash`, `proposal_to`, `country`, `zip`, `state`, `city`, `address`, `email`, `phone`, `allow_comments`, `status`, `estimate_id`, `invoice_id`, `date_converted`, `pipeline_order`, `is_expiry_notified`) VALUES
(1, 'ĐẤ', '{proposal_items}', 1, '2017-06-02 11:48:30', '0.00', '0.00', '0.00', '0.00', '0.00', '0.00', '', 1, 1, '2017-06-09', '2017-06-02', 1, 'lead', 0, '66104a21e425129bd036e1088e5d526f', 'Cty TNHH MTV A', 243, 'HCM', 'NCT', 'HCM', 'Q1', 'nva@gmail.com', '0974497157', 1, 6, NULL, NULL, NULL, 0, 0),
(2, '123213213', '{proposal_items}', 1, '2017-06-03 08:48:23', '0.00', '0.00', '0.00', '0.00', '0.00', '0.00', '', 1, 1, '2017-06-10', '2017-06-03', 4, 'lead', 0, 'ef93d4ff32e0071a5bc693bb8e48e6c0', 'Trần văn A', 0, 'K001', '', 'Hồ chí minh', 'Hồ chí minh', 'ABCXYX@gmail.com', '01245530024', 0, 4, NULL, NULL, NULL, 0, 0),
(3, '21312312312', '{proposal_items}', 1, '2017-06-06 09:34:13', '0.00', '0.00', '0.00', '0.00', '0.00', '0.00', '', 1, 1, '2017-06-13', '2017-06-06', 6, 'lead', 0, 'dee4dfd75d42b26102b52629c879d167', 'ABCXYZ', 0, '3123123123', '12312', '1231', '123123', 'ABCXYZ@gmail.com', '01245530024', 0, 6, NULL, NULL, NULL, 0, 0);

-- --------------------------------------------------------

--
-- Cấu trúc bảng cho bảng `tblracks`
--

CREATE TABLE `tblracks` (
  `rackid` int(10) NOT NULL,
  `rack` varchar(255) COLLATE utf8_unicode_ci DEFAULT NULL,
  `note` text COLLATE utf8_unicode_ci
) ENGINE=InnoDB DEFAULT CHARSET=utf8 COLLATE=utf8_unicode_ci;

--
-- Đang đổ dữ liệu cho bảng `tblracks`
--

INSERT INTO `tblracks` (`rackid`, `rack`, `note`) VALUES
(1, 'Kệ 1dcvsdv', NULL),
(2, 'Kệ 2xcvxcvd', NULL),
(16, 'cncv', NULL),
(17, 'fgfgh', NULL),
(18, 'fghgfj', NULL),
(19, 'fgjhg', NULL);

-- --------------------------------------------------------

--
-- Cấu trúc bảng cho bảng `tblreminders`
--

CREATE TABLE `tblreminders` (
  `id` int(11) NOT NULL,
  `description` text,
  `date` datetime NOT NULL,
  `isnotified` int(11) NOT NULL DEFAULT '0',
  `rel_id` int(11) NOT NULL,
  `staff` int(11) NOT NULL,
  `rel_type` varchar(40) NOT NULL,
  `notify_by_email` int(11) NOT NULL DEFAULT '1',
  `creator` int(11) NOT NULL
) ENGINE=MyISAM DEFAULT CHARSET=utf8;

-- --------------------------------------------------------

--
-- Cấu trúc bảng cho bảng `tblrolepermissions`
--

CREATE TABLE `tblrolepermissions` (
  `rolepermissionid` int(11) NOT NULL,
  `roleid` int(11) NOT NULL,
  `can_view` tinyint(1) NOT NULL DEFAULT '0',
  `can_view_own` tinyint(1) NOT NULL DEFAULT '0',
  `can_edit` tinyint(1) DEFAULT '0',
  `can_create` tinyint(1) NOT NULL DEFAULT '0',
  `can_delete` tinyint(1) NOT NULL DEFAULT '0',
  `permissionid` int(11) NOT NULL
) ENGINE=MyISAM DEFAULT CHARSET=utf8;

--
-- Đang đổ dữ liệu cho bảng `tblrolepermissions`
--

INSERT INTO `tblrolepermissions` (`rolepermissionid`, `roleid`, `can_view`, `can_view_own`, `can_edit`, `can_create`, `can_delete`, `permissionid`) VALUES
(1, 1, 1, 0, 0, 0, 0, 16),
(2, 1, 1, 0, 0, 0, 0, 1),
(3, 1, 1, 0, 0, 0, 0, 8),
(4, 1, 1, 0, 0, 0, 0, 9),
(5, 1, 0, 0, 0, 0, 0, 11),
(6, 1, 0, 0, 0, 0, 0, 15),
(7, 1, 1, 0, 0, 0, 0, 14),
(8, 1, 0, 0, 0, 0, 0, 18),
(9, 1, 1, 0, 0, 0, 0, 19),
(10, 1, 1, 0, 0, 0, 0, 12),
(11, 1, 1, 0, 0, 0, 0, 17),
(12, 1, 0, 0, 0, 0, 0, 5),
(13, 1, 1, 0, 0, 0, 0, 13),
(14, 1, 1, 0, 0, 0, 0, 3),
(15, 1, 1, 0, 0, 0, 0, 10),
(16, 1, 1, 0, 0, 0, 0, 4),
(17, 1, 0, 0, 0, 0, 0, 7),
(18, 1, 1, 0, 0, 0, 0, 6),
(19, 1, 1, 0, 0, 0, 0, 2),
(20, 2, 0, 0, 0, 0, 0, 16),
(21, 2, 1, 0, 0, 0, 0, 1),
(22, 2, 1, 0, 0, 0, 0, 8),
(23, 2, 0, 0, 0, 0, 0, 9),
(24, 2, 0, 0, 0, 0, 0, 11),
(25, 2, 0, 0, 0, 0, 0, 15),
(26, 2, 0, 0, 0, 0, 0, 14),
(27, 2, 0, 0, 0, 0, 0, 18),
(28, 2, 0, 0, 0, 0, 0, 19),
(29, 2, 1, 0, 0, 0, 0, 12),
(30, 2, 0, 0, 0, 0, 0, 17),
(31, 2, 1, 0, 0, 0, 0, 5),
(32, 2, 0, 0, 0, 0, 0, 13),
(33, 2, 1, 0, 0, 0, 0, 3),
(34, 2, 0, 0, 0, 0, 0, 10),
(35, 2, 1, 0, 0, 0, 0, 4),
(36, 2, 0, 0, 0, 0, 0, 7),
(37, 2, 0, 0, 0, 0, 0, 6),
(38, 2, 1, 0, 0, 0, 0, 2),
(39, 3, 0, 0, 0, 0, 0, 16),
(40, 3, 1, 0, 0, 0, 0, 1),
(41, 3, 1, 0, 0, 0, 0, 8),
(42, 3, 0, 0, 0, 0, 0, 9),
(43, 3, 1, 0, 0, 0, 0, 11),
(44, 3, 1, 0, 0, 0, 0, 15),
(45, 3, 0, 0, 0, 0, 0, 14),
(46, 3, 1, 0, 0, 0, 0, 18),
(47, 3, 1, 0, 0, 0, 0, 19),
(48, 3, 1, 0, 0, 0, 0, 12),
(49, 3, 1, 0, 0, 0, 0, 17),
(50, 3, 0, 0, 0, 0, 0, 5),
(51, 3, 0, 0, 0, 0, 0, 13),
(52, 3, 1, 0, 0, 0, 0, 3),
(53, 3, 1, 0, 0, 0, 0, 10),
(54, 3, 1, 0, 0, 0, 0, 4),
(55, 3, 1, 0, 0, 0, 0, 7),
(56, 3, 0, 0, 0, 0, 0, 6),
(57, 3, 0, 0, 0, 0, 0, 2);

-- --------------------------------------------------------

--
-- Cấu trúc bảng cho bảng `tblroles`
--

CREATE TABLE `tblroles` (
  `roleid` int(11) NOT NULL,
  `name` varchar(150) NOT NULL
) ENGINE=MyISAM DEFAULT CHARSET=utf8;

--
-- Đang đổ dữ liệu cho bảng `tblroles`
--

INSERT INTO `tblroles` (`roleid`, `name`) VALUES
(1, 'Sale'),
(2, 'Nghiệp Vụ'),
(3, 'Kế toán');

-- --------------------------------------------------------

--
-- Cấu trúc bảng cho bảng `tblrule`
--

CREATE TABLE `tblrule` (
  `id` int(11) NOT NULL,
  `name` text CHARACTER SET utf8 COLLATE utf8_unicode_ci NOT NULL,
  `pater_id` varchar(11) NOT NULL DEFAULT '0',
  `content` text CHARACTER SET utf8 COLLATE utf8_unicode_ci
) ENGINE=InnoDB DEFAULT CHARSET=latin1;

--
-- Đang đổ dữ liệu cho bảng `tblrule`
--

INSERT INTO `tblrule` (`id`, `name`, `pater_id`, `content`) VALUES
(1, 'Super Admin', '', ''),
(2, 'Admin', '1', 'Supper Admin'),
(3, 'Phòng ban', '1,2', 'Super Admin, Admin'),
(4, 'Nhân viên', '1,2,3', 'Super, Admin, Phòng ban');

-- --------------------------------------------------------

--
-- Cấu trúc bảng cho bảng `tblsalesactivity`
--

CREATE TABLE `tblsalesactivity` (
  `id` int(11) NOT NULL,
  `rel_type` varchar(20) DEFAULT NULL,
  `rel_id` int(11) NOT NULL,
  `description` text NOT NULL,
  `additional_data` varchar(600) DEFAULT NULL,
  `staffid` varchar(11) DEFAULT NULL,
  `full_name` varchar(100) DEFAULT NULL,
  `date` datetime NOT NULL
) ENGINE=MyISAM DEFAULT CHARSET=utf8;

--
-- Đang đổ dữ liệu cho bảng `tblsalesactivity`
--

INSERT INTO `tblsalesactivity` (`id`, `rel_type`, `rel_id`, `description`, `additional_data`, `staffid`, `full_name`, `date`) VALUES
(1, 'invoice', 1, 'invoice_activity_status_updated', 'a:2:{i:0;s:36:\"<original_status>1</original_status>\";i:1;s:26:\"<new_status>2</new_status>\";}', '1', ' ', '2017-07-04 10:52:59'),
(2, 'invoice', 1, 'invoice_activity_created', '', '1', ' ', '2017-07-04 10:52:59'),
(3, 'invoice', 1, 'invoice_estimate_activity_added_item', 'a:1:{i:0;s:9:\"Dich vu 1\";}', '1', ' ', '2017-07-04 11:52:17'),
(4, 'invoice', 1, 'invoice_estimate_activity_added_item', 'a:1:{i:0;s:9:\"Dich vu 3\";}', '1', ' ', '2017-07-04 11:52:17'),
(5, 'invoice', 1, 'invoice_estimate_activity_added_item', 'a:1:{i:0;s:9:\"Dich vu 2\";}', '1', ' ', '2017-07-04 11:52:17'),
(6, 'invoice', 1, 'invoice_activity_status_updated', 'a:2:{i:0;s:36:\"<original_status>2</original_status>\";i:1;s:26:\"<new_status>1</new_status>\";}', '1', ' ', '2017-07-04 11:52:17');

-- --------------------------------------------------------

--
-- Cấu trúc bảng cho bảng `tblservices`
--

CREATE TABLE `tblservices` (
  `serviceid` int(11) NOT NULL,
  `name` varchar(50) NOT NULL
) ENGINE=MyISAM DEFAULT CHARSET=utf8;

-- --------------------------------------------------------

--
-- Cấu trúc bảng cho bảng `tblsessions`
--

CREATE TABLE `tblsessions` (
  `id` varchar(128) NOT NULL,
  `ip_address` varchar(45) NOT NULL,
  `timestamp` int(10) UNSIGNED NOT NULL DEFAULT '0',
  `data` blob NOT NULL
) ENGINE=InnoDB DEFAULT CHARSET=utf8;

--
-- Đang đổ dữ liệu cho bảng `tblsessions`
--

INSERT INTO `tblsessions` (`id`, `ip_address`, `timestamp`, `data`) VALUES
('evl2d1iob72j6c8d7l793n1uh5dt3n9l', '::1', 1499130679, 0x5f5f63695f6c6173745f726567656e65726174657c693a313439393133303634393b73746166665f757365725f69647c733a313a2231223b73746166665f6c6f676765645f696e7c623a313b73657475702d6d656e752d6f70656e7c623a313b),
('8mf34c667te8a0pl2sd91cuag1110cjt', '::1', 1499130961, 0x5f5f63695f6c6173745f726567656e65726174657c693a313439393133303936313b73746166665f757365725f69647c733a313a2231223b73746166665f6c6f676765645f696e7c623a313b73657475702d6d656e752d6f70656e7c623a313b),
('u4d8p7op7br4801bqur718npr9au7gk4', '::1', 1499131489, 0x5f5f63695f6c6173745f726567656e65726174657c693a313439393133313438393b73746166665f757365725f69647c733a313a2231223b73746166665f6c6f676765645f696e7c623a313b73657475702d6d656e752d6f70656e7c623a313b),
('s4fmc4v391m6m5m7s4nt862i4kordu2r', '::1', 1499131815, 0x5f5f63695f6c6173745f726567656e65726174657c693a313439393133313831353b73746166665f757365725f69647c733a313a2231223b73746166665f6c6f676765645f696e7c623a313b73657475702d6d656e752d6f70656e7c623a313b),
('eshovvu1rn4gqrce5gjnk6eig9vrj8s4', '::1', 1499132276, 0x5f5f63695f6c6173745f726567656e65726174657c693a313439393133323237363b73746166665f757365725f69647c733a313a2231223b73746166665f6c6f676765645f696e7c623a313b73657475702d6d656e752d6f70656e7c623a313b),
('1scqsbq8jmvdp9vj3hbht9s8mh6mbabp', '::1', 1499132582, 0x5f5f63695f6c6173745f726567656e65726174657c693a313439393133323538323b73746166665f757365725f69647c733a313a2231223b73746166665f6c6f676765645f696e7c623a313b73657475702d6d656e752d6f70656e7c623a313b),
('cec83dsj6o4tlepgcjab7ftoq8mbcj96', '::1', 1499132948, 0x5f5f63695f6c6173745f726567656e65726174657c693a313439393133323934383b73746166665f757365725f69647c733a313a2231223b73746166665f6c6f676765645f696e7c623a313b73657475702d6d656e752d6f70656e7c623a313b),
('ugichnajocnrukauf7ffs0s0e4eknbe1', '::1', 1499133271, 0x5f5f63695f6c6173745f726567656e65726174657c693a313439393133333237313b73746166665f757365725f69647c733a313a2231223b73746166665f6c6f676765645f696e7c623a313b73657475702d6d656e752d6f70656e7c623a313b),
('f149uossrhbnflh8ml5574q5d4eq57b0', '::1', 1499133626, 0x5f5f63695f6c6173745f726567656e65726174657c693a313439393133333632353b73746166665f757365725f69647c733a313a2231223b73746166665f6c6f676765645f696e7c623a313b73657475702d6d656e752d6f70656e7c623a313b),
('k0he85ruhlrm6m93ih98hch3rq81166b', '::1', 1499133943, 0x5f5f63695f6c6173745f726567656e65726174657c693a313439393133333934333b73746166665f757365725f69647c733a313a2231223b73746166665f6c6f676765645f696e7c623a313b73657475702d6d656e752d6f70656e7c623a313b),
('munn4plulatqhoinhfp9up1vor4m9cpm', '::1', 1499134698, 0x5f5f63695f6c6173745f726567656e65726174657c693a313439393133343639383b73746166665f757365725f69647c733a313a2231223b73746166665f6c6f676765645f696e7c623a313b73657475702d6d656e752d6f70656e7c623a313b),
('d6q1f234b4f1knvn223g8t6it6be7ja8', '::1', 1499135088, 0x5f5f63695f6c6173745f726567656e65726174657c693a313439393133353038373b73746166665f757365725f69647c733a313a2231223b73746166665f6c6f676765645f696e7c623a313b73657475702d6d656e752d6f70656e7c623a313b),
('4om1ufcj6g0icgltgv86u76sa9fa3lbv', '::1', 1499137221, 0x5f5f63695f6c6173745f726567656e65726174657c693a313439393133373232313b73746166665f757365725f69647c733a313a2231223b73746166665f6c6f676765645f696e7c623a313b73657475702d6d656e752d6f70656e7c623a313b),
('78eklde1jilv6m74s4e2r67p49l2ebre', '::1', 1499137805, 0x5f5f63695f6c6173745f726567656e65726174657c693a313439393133373830353b73746166665f757365725f69647c733a313a2231223b73746166665f6c6f676765645f696e7c623a313b73657475702d6d656e752d6f70656e7c623a313b),
('cct1b7tkb8s5b2i1ms42ooh7asl41dc3', '::1', 1499138117, 0x5f5f63695f6c6173745f726567656e65726174657c693a313439393133383131373b73746166665f757365725f69647c733a313a2231223b73746166665f6c6f676765645f696e7c623a313b73657475702d6d656e752d6f70656e7c623a313b),
('dtsel5no1ntnf4kgfnba9tjaq3oedark', '::1', 1499138560, 0x5f5f63695f6c6173745f726567656e65726174657c693a313439393133383536303b73746166665f757365725f69647c733a313a2231223b73746166665f6c6f676765645f696e7c623a313b73657475702d6d656e752d6f70656e7c623a313b),
('gvmm4qs8ibupq4864vaniqpjdbrbrref', '::1', 1499139350, 0x5f5f63695f6c6173745f726567656e65726174657c693a313439393133383838343b73746166665f757365725f69647c733a313a2231223b73746166665f6c6f676765645f696e7c623a313b73657475702d6d656e752d6f70656e7c733a303a22223b),
('9v6a09rsm3qmoj5trbb0nqu3f7kk5pbf', '::1', 1499139742, 0x5f5f63695f6c6173745f726567656e65726174657c693a313439393133393433323b73746166665f757365725f69647c733a313a2231223b73746166665f6c6f676765645f696e7c623a313b73657475702d6d656e752d6f70656e7c733a303a22223b6d6573736167652d737563636573737c733a33313a224e68c3b36d2068c3a06e67207468c3aa6d207468c3a06e682063c3b46e672e223b5f5f63695f766172737c613a313a7b733a31353a226d6573736167652d73756363657373223b733a333a226e6577223b7d),
('7f1mlks3gkrkmv5681ttnmpnk46mp706', '::1', 1499139743, 0x5f5f63695f6c6173745f726567656e65726174657c693a313439393133393734323b73746166665f757365725f69647c733a313a2231223b73746166665f6c6f676765645f696e7c623a313b73657475702d6d656e752d6f70656e7c733a303a22223b),
('mmqkg3e3otgaatdr84h879q5lp2sdgu2', '::1', 1499140247, 0x5f5f63695f6c6173745f726567656e65726174657c693a313439393134303035373b73746166665f757365725f69647c733a313a2231223b73746166665f6c6f676765645f696e7c623a313b73657475702d6d656e752d6f70656e7c733a303a22223b),
('2kska2u3pjb6r0t06i7bhivjqrb5j84j', '::1', 1499140380, 0x5f5f63695f6c6173745f726567656e65726174657c693a313439393134303337393b73746166665f757365725f69647c733a313a2231223b73746166665f6c6f676765645f696e7c623a313b73657475702d6d656e752d6f70656e7c733a303a22223b),
('gq0gl388cmef7qc9c7qbqmqimd28a845', '::1', 1499140811, 0x5f5f63695f6c6173745f726567656e65726174657c693a313439393134303831313b73746166665f757365725f69647c733a313a2231223b73746166665f6c6f676765645f696e7c623a313b73657475702d6d656e752d6f70656e7c733a303a22223b),
('9rpddqqmt0o0dbhuo851j9rg15brfoec', '::1', 1499141448, 0x5f5f63695f6c6173745f726567656e65726174657c693a313439393134313134373b73746166665f757365725f69647c733a313a2231223b73746166665f6c6f676765645f696e7c623a313b73657475702d6d656e752d6f70656e7c733a303a22223b6d6573736167652d737563636573737c733a33383a224e68c3b36d2068c3a06e672063e1baad70206e68e1baad74207468c3a06e682063c3b46e672e223b5f5f63695f766172737c613a313a7b733a31353a226d6573736167652d73756363657373223b733a333a226e6577223b7d),
('l7n526eigg74r70tv6shdp16citg3u0e', '::1', 1499141464, 0x5f5f63695f6c6173745f726567656e65726174657c693a313439393134313434383b73746166665f757365725f69647c733a313a2231223b73746166665f6c6f676765645f696e7c623a313b73657475702d6d656e752d6f70656e7c733a303a22223b),
('oo90tj5gdfhejbtcoa6r37pnl8gupban', '::1', 1499141763, 0x5f5f63695f6c6173745f726567656e65726174657c693a313439393134313736323b73746166665f757365725f69647c733a313a2231223b73746166665f6c6f676765645f696e7c623a313b73657475702d6d656e752d6f70656e7c733a303a22223b),
('5ug23dqv8ac0p249ferldcs5lnf3llhm', '::1', 1499142130, 0x5f5f63695f6c6173745f726567656e65726174657c693a313439393134323133303b73746166665f757365725f69647c733a313a2231223b73746166665f6c6f676765645f696e7c623a313b73657475702d6d656e752d6f70656e7c733a303a22223b),
('u7u3is4tegcsp1au2t79nfmloecg82ql', '::1', 1499143311, 0x5f5f63695f6c6173745f726567656e65726174657c693a313439393134323932343b73746166665f757365725f69647c733a313a2231223b73746166665f6c6f676765645f696e7c623a313b73657475702d6d656e752d6f70656e7c733a303a22223b6d6573736167652d737563636573737c733a33383a224e68c3b36d2068c3a06e672063e1baad70206e68e1baad74207468c3a06e682063c3b46e672e223b5f5f63695f766172737c613a313a7b733a31353a226d6573736167652d73756363657373223b733a333a226e6577223b7d),
('rpagjth87emorhi0g4rgfsvmqsm7s7hi', '::1', 1499143313, 0x5f5f63695f6c6173745f726567656e65726174657c693a313439393134333331323b73746166665f757365725f69647c733a313a2231223b73746166665f6c6f676765645f696e7c623a313b73657475702d6d656e752d6f70656e7c733a303a22223b),
('nl17hj0j5lt8j9e2aft7dbu81qk0v82c', '::1', 1499143636, 0x5f5f63695f6c6173745f726567656e65726174657c693a313439393134333633363b73746166665f757365725f69647c733a313a2231223b73746166665f6c6f676765645f696e7c623a313b73657475702d6d656e752d6f70656e7c733a303a22223b),
('63tccruc17g4sgequeuq53f6dedug1th', '::1', 1499144211, 0x5f5f63695f6c6173745f726567656e65726174657c693a313439393134333933373b73746166665f757365725f69647c733a313a2231223b73746166665f6c6f676765645f696e7c623a313b73657475702d6d656e752d6f70656e7c623a313b),
('hnju66fi6uivqm0sq0c153gjc6vo50bj', '::1', 1499150023, 0x5f5f63695f6c6173745f726567656e65726174657c693a313439393135303032333b73746166665f757365725f69647c733a313a2231223b73746166665f6c6f676765645f696e7c623a313b73657475702d6d656e752d6f70656e7c623a313b),
('tubvvr19vgjv0796trkt4t6nrlf47m94', '::1', 1499150441, 0x5f5f63695f6c6173745f726567656e65726174657c693a313439393135303338303b73746166665f757365725f69647c733a313a2231223b73746166665f6c6f676765645f696e7c623a313b73657475702d6d656e752d6f70656e7c733a303a22223b),
('39458l0k18ia015nvbklkrbofcv0ebko', '::1', 1499150915, 0x5f5f63695f6c6173745f726567656e65726174657c693a313439393135303931343b73746166665f757365725f69647c733a313a2231223b73746166665f6c6f676765645f696e7c623a313b73657475702d6d656e752d6f70656e7c733a303a22223b),
('d8of914vd3iastkl6b6bvt5hqj1qfbop', '::1', 1499151539, 0x5f5f63695f6c6173745f726567656e65726174657c693a313439393135313533393b73746166665f757365725f69647c733a313a2231223b73746166665f6c6f676765645f696e7c623a313b73657475702d6d656e752d6f70656e7c733a303a22223b),
('h72uqbjrk82tco781716jm25q7od49r2', '::1', 1499151882, 0x5f5f63695f6c6173745f726567656e65726174657c693a313439393135313838313b73746166665f757365725f69647c733a313a2231223b73746166665f6c6f676765645f696e7c623a313b73657475702d6d656e752d6f70656e7c733a303a22223b),
('6hj91sialprlm7vi2cqt213ia16lgvco', '::1', 1499152225, 0x5f5f63695f6c6173745f726567656e65726174657c693a313439393135323232343b73746166665f757365725f69647c733a313a2231223b73746166665f6c6f676765645f696e7c623a313b73657475702d6d656e752d6f70656e7c733a303a22223b),
('124e9l5b5ffrpbpo8u17ctsqkv503pqm', '::1', 1499152931, 0x5f5f63695f6c6173745f726567656e65726174657c693a313439393135323933303b73746166665f757365725f69647c733a313a2231223b73746166665f6c6f676765645f696e7c623a313b73657475702d6d656e752d6f70656e7c733a303a22223b),
('hsl9gf6pe88gtpgn4ejseb7ul6mh8gdn', '::1', 1499153805, 0x5f5f63695f6c6173745f726567656e65726174657c693a313439393135333437373b73746166665f757365725f69647c733a313a2231223b73746166665f6c6f676765645f696e7c623a313b73657475702d6d656e752d6f70656e7c623a313b),
('vlqc4n9u0f6b40i24ubgk0kuscv621qe', '::1', 1499153826, 0x5f5f63695f6c6173745f726567656e65726174657c693a313439393135333832353b73746166665f757365725f69647c733a313a2231223b73746166665f6c6f676765645f696e7c623a313b73657475702d6d656e752d6f70656e7c623a313b),
('q5v9sktvlfenevvao8qmtn662kdfgsea', '::1', 1499154181, 0x5f5f63695f6c6173745f726567656e65726174657c693a313439393135343135383b73746166665f757365725f69647c733a313a2231223b73746166665f6c6f676765645f696e7c623a313b73657475702d6d656e752d6f70656e7c623a313b),
('5v1j59tk310id25gh9v4jcmasb8k16if', '::1', 1499155089, 0x5f5f63695f6c6173745f726567656e65726174657c693a313439393135343937363b73746166665f757365725f69647c733a313a2231223b73746166665f6c6f676765645f696e7c623a313b73657475702d6d656e752d6f70656e7c733a303a22223b),
('ubijdtvv2sq2pii06d1afsgt47lm2t17', '::1', 1499156144, 0x5f5f63695f6c6173745f726567656e65726174657c693a313439393135353632303b73746166665f757365725f69647c733a313a2231223b73746166665f6c6f676765645f696e7c623a313b73657475702d6d656e752d6f70656e7c733a303a22223b),
('t2cj2007fu2cle4mgvh4ekuq66r0ugfn', '::1', 1499156148, 0x5f5f63695f6c6173745f726567656e65726174657c693a313439393135363134383b73746166665f757365725f69647c733a313a2231223b73746166665f6c6f676765645f696e7c623a313b73657475702d6d656e752d6f70656e7c733a303a22223b),
('9adiaiue40pl03pbafg99hngh07thclj', '::1', 1499156769, 0x5f5f63695f6c6173745f726567656e65726174657c693a313439393135363736393b73746166665f757365725f69647c733a313a2231223b73746166665f6c6f676765645f696e7c623a313b73657475702d6d656e752d6f70656e7c733a303a22223b),
('b9bpcqdk7dhl3tgipvlil5dbfr1bf4rk', '::1', 1499157079, 0x5f5f63695f6c6173745f726567656e65726174657c693a313439393135373037393b73746166665f757365725f69647c733a313a2231223b73746166665f6c6f676765645f696e7c623a313b73657475702d6d656e752d6f70656e7c733a303a22223b),
('c7ktf3i2p86sdja5po3vtj78lbe8315c', '::1', 1499157399, 0x5f5f63695f6c6173745f726567656e65726174657c693a313439393135373339393b73746166665f757365725f69647c733a313a2231223b73746166665f6c6f676765645f696e7c623a313b73657475702d6d656e752d6f70656e7c733a303a22223b),
('euoomqdio39psv3vld1a14o2m88lkcq2', '::1', 1499157739, 0x5f5f63695f6c6173745f726567656e65726174657c693a313439393135373733393b73746166665f757365725f69647c733a313a2231223b73746166665f6c6f676765645f696e7c623a313b73657475702d6d656e752d6f70656e7c733a303a22223b),
('hgntvjfc4e1iqll1laap18sgcg9ma34f', '::1', 1499158405, 0x5f5f63695f6c6173745f726567656e65726174657c693a313439393135383430353b73746166665f757365725f69647c733a313a2231223b73746166665f6c6f676765645f696e7c623a313b73657475702d6d656e752d6f70656e7c733a303a22223b),
('v2pll0ifg24jvanophoqc6kk48c4j8c4', '::1', 1499158918, 0x5f5f63695f6c6173745f726567656e65726174657c693a313439393135383931373b73746166665f757365725f69647c733a313a2231223b73746166665f6c6f676765645f696e7c623a313b73657475702d6d656e752d6f70656e7c733a303a22223b),
('fe4mna14de6boiqldfal5sconldgqogk', '::1', 1499159842, 0x5f5f63695f6c6173745f726567656e65726174657c693a313439393135393834323b73746166665f757365725f69647c733a313a2231223b73746166665f6c6f676765645f696e7c623a313b73657475702d6d656e752d6f70656e7c733a303a22223b),
('d9h2t9pv392k21d2020enhmf7mlaa91m', '::1', 1499161867, 0x5f5f63695f6c6173745f726567656e65726174657c693a313439393136313836373b73746166665f757365725f69647c733a313a2231223b73746166665f6c6f676765645f696e7c623a313b73657475702d6d656e752d6f70656e7c733a303a22223b),
('ppoojgvdf7q658lp8j3480813vnqkrcd', '::1', 1499162344, 0x5f5f63695f6c6173745f726567656e65726174657c693a313439393136323334333b73746166665f757365725f69647c733a313a2231223b73746166665f6c6f676765645f696e7c623a313b73657475702d6d656e752d6f70656e7c733a303a22223b),
('m8tvb95j7eq9kvjpheqpdgv8nmg6fl92', '::1', 1499162875, 0x5f5f63695f6c6173745f726567656e65726174657c693a313439393136323837353b73746166665f757365725f69647c733a313a2231223b73746166665f6c6f676765645f696e7c623a313b73657475702d6d656e752d6f70656e7c733a303a22223b),
('ebql1144ormvf7ird9jputh09goci4ia', '::1', 1499163270, 0x5f5f63695f6c6173745f726567656e65726174657c693a313439393136333237303b73746166665f757365725f69647c733a313a2231223b73746166665f6c6f676765645f696e7c623a313b73657475702d6d656e752d6f70656e7c733a303a22223b),
('6qd0tdpsredbmljr25f3b4memr4kdm46', '::1', 1499163638, 0x5f5f63695f6c6173745f726567656e65726174657c693a313439393136333633383b73746166665f757365725f69647c733a313a2231223b73746166665f6c6f676765645f696e7c623a313b73657475702d6d656e752d6f70656e7c733a303a22223b),
('gigjh1i444o8g920rfi508gs4e1tvk9b', '::1', 1499217527, 0x5f5f63695f6c6173745f726567656e65726174657c693a313439393231373532373b73746166665f757365725f69647c733a313a2231223b73746166665f6c6f676765645f696e7c623a313b),
('j1v9inmt713bbmricc3jhjlo204qeo1j', '::1', 1499218118, 0x5f5f63695f6c6173745f726567656e65726174657c693a313439393231383131383b73746166665f757365725f69647c733a313a2231223b73746166665f6c6f676765645f696e7c623a313b),
('4p44s1kr5nh1ap1683ku1qso01agksna', '::1', 1499218911, 0x5f5f63695f6c6173745f726567656e65726174657c693a313439393231383631363b73746166665f757365725f69647c733a313a2231223b73746166665f6c6f676765645f696e7c623a313b),
('7duik45irp7gccujppq0hqp91qntdgqb', '::1', 1499219015, 0x5f5f63695f6c6173745f726567656e65726174657c693a313439393231393031353b73746166665f757365725f69647c733a313a2231223b73746166665f6c6f676765645f696e7c623a313b),
('4lt4llbncpheb4gu1pasd7fm5k3h3ibe', '::1', 1499219501, 0x5f5f63695f6c6173745f726567656e65726174657c693a313439393231393530313b73746166665f757365725f69647c733a313a2231223b73746166665f6c6f676765645f696e7c623a313b),
('335dhll0vusc09dkupigku5t143a77i6', '::1', 1499219937, 0x5f5f63695f6c6173745f726567656e65726174657c693a313439393231393933373b73746166665f757365725f69647c733a313a2231223b73746166665f6c6f676765645f696e7c623a313b),
('1rjv9kjr48qb9f319iru2gkpepfhhdb4', '::1', 1499223880, 0x5f5f63695f6c6173745f726567656e65726174657c693a313439393232333838303b73746166665f757365725f69647c733a313a2231223b73746166665f6c6f676765645f696e7c623a313b),
('26u2b54t05dja9jk2oc9qbr9c9797072', '::1', 1499224441, 0x5f5f63695f6c6173745f726567656e65726174657c693a313439393232343434303b73746166665f757365725f69647c733a313a2231223b73746166665f6c6f676765645f696e7c623a313b),
('q4tskrb77ktqbm36qtun8c34b4ied1jm', '::1', 1499230645, 0x5f5f63695f6c6173745f726567656e65726174657c693a313439393233303634353b73746166665f757365725f69647c733a313a2231223b73746166665f6c6f676765645f696e7c623a313b),
('7gi51ivs6sddfnefb5qggjl4iatnkhc3', '::1', 1499273760, 0x5f5f63695f6c6173745f726567656e65726174657c693a313439393237343530373b73746166665f757365725f69647c733a313a2231223b73746166665f6c6f676765645f696e7c623a313b72756c657c733a313a2231223b73657475702d6d656e752d6f70656e7c733a303a22223b),
('tuerl0vdcer48grnfibber4k6tg4dkgq', '::1', 1499279569, 0x5f5f63695f6c6173745f726567656e65726174657c693a313439393237393530313b73746166665f757365725f69647c733a313a2231223b73746166665f6c6f676765645f696e7c623a313b72756c657c733a313a2231223b73657475702d6d656e752d6f70656e7c733a303a22223b),
('e42f665p5cjv7h7dvdk9pei2u02kmc6a', '::1', 1499280230, 0x5f5f63695f6c6173745f726567656e65726174657c693a313439393237393939313b73746166665f757365725f69647c733a313a2231223b73746166665f6c6f676765645f696e7c623a313b72756c657c733a313a2231223b73657475702d6d656e752d6f70656e7c733a303a22223b),
('6tfi8aeld6d7nopmedg4itld9nmq4j29', '::1', 1499280326, 0x5f5f63695f6c6173745f726567656e65726174657c693a313439393238303332363b73746166665f757365725f69647c733a313a2231223b73746166665f6c6f676765645f696e7c623a313b72756c657c733a313a2231223b73657475702d6d656e752d6f70656e7c733a303a22223b),
('gjftoq6vjvhk19jd3qkm2drs6lffi3g1', '::1', 1499281001, 0x5f5f63695f6c6173745f726567656e65726174657c693a313439393238303732393b73746166665f757365725f69647c733a313a2231223b73746166665f6c6f676765645f696e7c623a313b72756c657c733a313a2231223b73657475702d6d656e752d6f70656e7c733a303a22223b),
('76jtteio0spnoqj342mm5eco0k9i65um', '::1', 1499282087, 0x5f5f63695f6c6173745f726567656e65726174657c693a313439393238323036333b73746166665f757365725f69647c733a313a2231223b73746166665f6c6f676765645f696e7c623a313b72756c657c733a313a2231223b73657475702d6d656e752d6f70656e7c733a303a22223b6d6573736167652d737563636573737c733a33393a2253e1baa36e205068e1baa96d2063e1baad70206e68e1baad74207468c3a06e682063c3b46e672e223b5f5f63695f766172737c613a313a7b733a31353a226d6573736167652d73756363657373223b733a333a226f6c64223b7d),
('659fs95b3j2kc601bhtv2nrfe3qmvav8', '::1', 1499282458, 0x5f5f63695f6c6173745f726567656e65726174657c693a313439393238323337363b73746166665f757365725f69647c733a313a2231223b73746166665f6c6f676765645f696e7c623a313b72756c657c733a313a2231223b73657475702d6d656e752d6f70656e7c733a303a22223b),
('bhqq7stciimh8o86s8gkh08d83dh0qhg', '::1', 1499282849, 0x5f5f63695f6c6173745f726567656e65726174657c693a313439393238323830303b73746166665f757365725f69647c733a313a2231223b73746166665f6c6f676765645f696e7c623a313b72756c657c733a313a2231223b73657475702d6d656e752d6f70656e7c733a303a22223b),
('7s60gu6enc6qe4nv3g6im5f234l0je3r', '::1', 1499283563, 0x5f5f63695f6c6173745f726567656e65726174657c693a313439393238333236343b73746166665f757365725f69647c733a313a2231223b73746166665f6c6f676765645f696e7c623a313b72756c657c733a313a2231223b73657475702d6d656e752d6f70656e7c733a303a22223b),
('n3e84bmbqm4m3cce80pscduq24u65nia', '::1', 1499283833, 0x5f5f63695f6c6173745f726567656e65726174657c693a313439393238333537323b73746166665f757365725f69647c733a313a2231223b73746166665f6c6f676765645f696e7c623a313b72756c657c733a313a2231223b73657475702d6d656e752d6f70656e7c733a303a22223b),
('fiobce521isdjn11gvu1t35r4evh8rts', '::1', 1499284049, 0x5f5f63695f6c6173745f726567656e65726174657c693a313439393238333934383b73746166665f757365725f69647c733a313a2231223b73746166665f6c6f676765645f696e7c623a313b72756c657c733a313a2231223b73657475702d6d656e752d6f70656e7c733a303a22223b),
('4s960aif9jm5tqu5t1dd5jbc2tpo1149', '::1', 1499284532, 0x5f5f63695f6c6173745f726567656e65726174657c693a313439393238343331313b73746166665f757365725f69647c733a313a2231223b73746166665f6c6f676765645f696e7c623a313b72756c657c733a313a2231223b73657475702d6d656e752d6f70656e7c733a303a22223b),
('rcnk7df74okausv4j50nqs7jn0rgivik', '::1', 1499286317, 0x5f5f63695f6c6173745f726567656e65726174657c693a313439393238363038313b73746166665f757365725f69647c733a313a2231223b73746166665f6c6f676765645f696e7c623a313b72756c657c733a313a2231223b73657475702d6d656e752d6f70656e7c733a303a22223b),
('v12kg6mjdmpcrr75ifat9624ksg509o3', '::1', 1499286524, 0x5f5f63695f6c6173745f726567656e65726174657c693a313439393238363339333b73746166665f757365725f69647c733a313a2231223b73746166665f6c6f676765645f696e7c623a313b72756c657c733a313a2231223b73657475702d6d656e752d6f70656e7c733a303a22223b),
('satgicldpnmups8ub1q2gtqlks577rfb', '::1', 1499288030, 0x5f5f63695f6c6173745f726567656e65726174657c693a313439393238373931333b73746166665f757365725f69647c733a313a2231223b73746166665f6c6f676765645f696e7c623a313b72756c657c733a313a2231223b73657475702d6d656e752d6f70656e7c733a303a22223b),
('3s0ig5i22tt7fj5soqjikfec804ndtcc', '::1', 1499291941, 0x5f5f63695f6c6173745f726567656e65726174657c693a313439393239313635333b73746166665f757365725f69647c733a313a2231223b73746166665f6c6f676765645f696e7c623a313b72756c657c733a313a2231223b73657475702d6d656e752d6f70656e7c733a303a22223b),
('ek1ue2ermi6ef0r87jdnuovi1nppup8b', '::1', 1499292271, 0x5f5f63695f6c6173745f726567656e65726174657c693a313439393239313937313b73746166665f757365725f69647c733a313a2231223b73746166665f6c6f676765645f696e7c623a313b72756c657c733a313a2231223b73657475702d6d656e752d6f70656e7c733a303a22223b),
('gs4arug00bmrn3hqgoq3ne6tscs6etoj', '::1', 1499292347, 0x5f5f63695f6c6173745f726567656e65726174657c693a313439393239323334373b73746166665f757365725f69647c733a313a2231223b73746166665f6c6f676765645f696e7c623a313b72756c657c733a313a2231223b73657475702d6d656e752d6f70656e7c733a303a22223b),
('ohphphk57hoffc9ilin9jp7rl25u3lvb', '::1', 1499292627, 0x5f5f63695f6c6173745f726567656e65726174657c693a313439393239323334373b73746166665f757365725f69647c733a313a2231223b73746166665f6c6f676765645f696e7c623a313b72756c657c733a313a2231223b73657475702d6d656e752d6f70656e7c733a303a22223b),
('63p0u97pduj4n90npdt3ms22ebvavpm4', '::1', 1499293028, 0x5f5f63695f6c6173745f726567656e65726174657c693a313439393239323734333b73746166665f757365725f69647c733a313a2231223b73746166665f6c6f676765645f696e7c623a313b72756c657c733a313a2231223b73657475702d6d656e752d6f70656e7c733a303a22223b),
('loltb5k1lmn4j9924h1tkc1i88m3th52', '::1', 1499293073, 0x5f5f63695f6c6173745f726567656e65726174657c693a313439393239333036313b73746166665f757365725f69647c733a313a2231223b73746166665f6c6f676765645f696e7c623a313b72756c657c733a313a2231223b73657475702d6d656e752d6f70656e7c733a303a22223b),
('lfo2m2hvrh0ast789qtd22e8okc1n665', '::1', 1499347173, 0x5f5f63695f6c6173745f726567656e65726174657c693a313439393334363837363b73746166665f757365725f69647c733a313a2231223b73746166665f6c6f676765645f696e7c623a313b72756c657c733a313a2231223b),
('tf37jgtqq1mlkbknhu0t4rtljhnaf40b', '::1', 1499347186, 0x5f5f63695f6c6173745f726567656e65726174657c693a313439393334373138363b73746166665f757365725f69647c733a313a2231223b73746166665f6c6f676765645f696e7c623a313b72756c657c733a313a2231223b),
('2s0q7nvanrmr63fiocalrm9m8uasrok4', '::1', 1499347793, 0x5f5f63695f6c6173745f726567656e65726174657c693a313439393334373534383b73746166665f757365725f69647c733a313a2231223b73746166665f6c6f676765645f696e7c623a313b72756c657c733a313a2231223b),
('9h1ojj15ipm4venb3ojj7kho97cfu402', '::1', 1499348320, 0x5f5f63695f6c6173745f726567656e65726174657c693a313439393334383132363b73746166665f757365725f69647c733a313a2231223b73746166665f6c6f676765645f696e7c623a313b72756c657c733a313a2231223b),
('k6i6u6el9ha64ql2nd81bupudvd201i2', '::1', 1499348608, 0x5f5f63695f6c6173745f726567656e65726174657c693a313439393334383538363b73746166665f757365725f69647c733a313a2231223b73746166665f6c6f676765645f696e7c623a313b72756c657c733a313a2231223b),
('tqcaksl3e4ed69g2ihkeam1kjct2obbm', '::1', 1499389384, 0x5f5f63695f6c6173745f726567656e65726174657c693a313439393338393235343b73746166665f757365725f69647c733a313a2231223b73746166665f6c6f676765645f696e7c623a313b72756c657c733a313a2231223b),
('pj15n364h03nohf409qbgqihfjo8sb23', '::1', 1499389590, 0x5f5f63695f6c6173745f726567656e65726174657c693a313439393338393536333b73746166665f757365725f69647c733a313a2231223b73746166665f6c6f676765645f696e7c623a313b72756c657c733a313a2231223b),
('hit5re49l3rc1lja212hd6pl4l0kf94r', '::1', 1499390182, 0x5f5f63695f6c6173745f726567656e65726174657c693a313439393338393839373b73746166665f757365725f69647c733a313a2231223b73746166665f6c6f676765645f696e7c623a313b72756c657c733a313a2231223b),
('q87rsbrug352ihsbl69ncc7tmu1k9vm9', '::1', 1499390477, 0x5f5f63695f6c6173745f726567656e65726174657c693a313439393339303230353b73746166665f757365725f69647c733a313a2231223b73746166665f6c6f676765645f696e7c623a313b72756c657c733a313a2231223b),
('50e9q9mrtl3k5ktqtg3a42fhcqi1rvrt', '::1', 1499391560, 0x5f5f63695f6c6173745f726567656e65726174657c693a313439393339313239333b73746166665f757365725f69647c733a313a2231223b73746166665f6c6f676765645f696e7c623a313b72756c657c733a313a2231223b),
('dltfaah02pnhguuu5737epuvu73h4dg9', '::1', 1499392170, 0x5f5f63695f6c6173745f726567656e65726174657c693a313439393339313931373b73746166665f757365725f69647c733a313a2231223b73746166665f6c6f676765645f696e7c623a313b72756c657c733a313a2231223b),
('qr6bmk9bttcqe8kjca4qon3o5msft700', '::1', 1499392548, 0x5f5f63695f6c6173745f726567656e65726174657c693a313439393339323238393b73746166665f757365725f69647c733a313a2231223b73746166665f6c6f676765645f696e7c623a313b72756c657c733a313a2231223b),
('n6fm1gin3k2l3d0r5kloggtig3c109ae', '::1', 1499392693, 0x5f5f63695f6c6173745f726567656e65726174657c693a313439393339323636333b73746166665f757365725f69647c733a313a2231223b73746166665f6c6f676765645f696e7c623a313b72756c657c733a313a2231223b),
('hpg8j9dnva8ipo4t0qmb7o1gi2bai0up', '::1', 1499393254, 0x5f5f63695f6c6173745f726567656e65726174657c693a313439393339323937323b73746166665f757365725f69647c733a313a2231223b73746166665f6c6f676765645f696e7c623a313b72756c657c733a313a2231223b),
('7jukthl5hctiifu7i3h5omom5d10r8qf', '::1', 1499393543, 0x5f5f63695f6c6173745f726567656e65726174657c693a313439393339333436313b73746166665f757365725f69647c733a313a2231223b73746166665f6c6f676765645f696e7c623a313b72756c657c733a313a2231223b),
('teh1ndn1s5d2fbkglvshn9k2s408uufa', '::1', 1499394375, 0x5f5f63695f6c6173745f726567656e65726174657c693a313439393339343231383b73746166665f757365725f69647c733a313a2231223b73746166665f6c6f676765645f696e7c623a313b72756c657c733a313a2231223b),
('r5m7l32bg415jh06ga2k557it75bm6uf', '::1', 1499395056, 0x5f5f63695f6c6173745f726567656e65726174657c693a313439393339343535373b73746166665f757365725f69647c733a313a2231223b73746166665f6c6f676765645f696e7c623a313b72756c657c733a313a2231223b),
('4jjrc5g1i69kficmj1unsr5s2r8j4sdv', '::1', 1499395398, 0x5f5f63695f6c6173745f726567656e65726174657c693a313439393339353131383b73746166665f757365725f69647c733a313a2231223b73746166665f6c6f676765645f696e7c623a313b72756c657c733a313a2231223b),
('glf3lj44tdqnsirgt0splf8ghu3ia7as', '::1', 1499395620, 0x5f5f63695f6c6173745f726567656e65726174657c693a313439393339353536363b73746166665f757365725f69647c733a313a2231223b73746166665f6c6f676765645f696e7c623a313b72756c657c733a313a2231223b),
('0j9dufesuv9fv5djhtgkt17eop87ha2o', '::1', 1499400397, 0x5f5f63695f6c6173745f726567656e65726174657c693a313439393339363130373b73746166665f757365725f69647c733a313a2231223b73746166665f6c6f676765645f696e7c623a313b72756c657c733a313a2231223b),
('4h0pqflbhj86415cd1uv6hfu6u6vdo13', '::1', 1499401151, 0x5f5f63695f6c6173745f726567656e65726174657c693a313439393430313133303b73746166665f757365725f69647c733a313a2231223b73746166665f6c6f676765645f696e7c623a313b72756c657c733a313a2231223b),
('q2232kkjr10ttd1nbhbs478ldd2ikfmf', '::1', 1499401864, 0x5f5f63695f6c6173745f726567656e65726174657c693a313439393430313639323b73746166665f757365725f69647c733a313a2231223b73746166665f6c6f676765645f696e7c623a313b72756c657c733a313a2231223b),
('qglbpd8lct78pjppeb1nei08pnr1or3n', '::1', 1499402656, 0x5f5f63695f6c6173745f726567656e65726174657c693a313439393430323030323b73746166665f757365725f69647c733a313a2231223b73746166665f6c6f676765645f696e7c623a313b72756c657c733a313a2231223b73657475702d6d656e752d6f70656e7c623a313b),
('3m4vkf7igbij2tq71imv292r5gmsmfm0', '::1', 1499402772, 0x5f5f63695f6c6173745f726567656e65726174657c693a313439393430323636323b73746166665f757365725f69647c733a313a2231223b73746166665f6c6f676765645f696e7c623a313b72756c657c733a313a2231223b73657475702d6d656e752d6f70656e7c623a313b),
('bht8u7tim8eulr8ff09o7t1bpn5ub4fj', '::1', 1499403743, 0x5f5f63695f6c6173745f726567656e65726174657c693a313439393430333530353b73746166665f757365725f69647c733a313a2231223b73746166665f6c6f676765645f696e7c623a313b72756c657c733a313a2231223b73657475702d6d656e752d6f70656e7c623a313b),
('kd9jraraclgifgtjnpa39dm3lbus5d4t', '::1', 1499403928, 0x5f5f63695f6c6173745f726567656e65726174657c693a313439393430333931303b73746166665f757365725f69647c733a313a2231223b73746166665f6c6f676765645f696e7c623a313b72756c657c733a313a2231223b73657475702d6d656e752d6f70656e7c623a313b),
('r4fobg6j73oki9fjiv2sjkue5ct0h56v', '::1', 1499410832, 0x5f5f63695f6c6173745f726567656e65726174657c693a313439393431303531353b73746166665f757365725f69647c733a313a2231223b73746166665f6c6f676765645f696e7c623a313b72756c657c733a313a2231223b73657475702d6d656e752d6f70656e7c733a303a22223b),
('9jn5trecvggc4blb3e42ji7rugpovvb7', '::1', 1499410833, 0x5f5f63695f6c6173745f726567656e65726174657c693a313439393431303833323b73746166665f757365725f69647c733a313a2231223b73746166665f6c6f676765645f696e7c623a313b72756c657c733a313a2231223b73657475702d6d656e752d6f70656e7c733a303a22223b),
('lb3bc0ek3up35ot3omlu8ji6he80cfci', '::1', 1499411266, 0x5f5f63695f6c6173745f726567656e65726174657c693a313439393431313133363b73746166665f757365725f69647c733a313a2231223b73746166665f6c6f676765645f696e7c623a313b72756c657c733a313a2231223b73657475702d6d656e752d6f70656e7c733a303a22223b),
('k1hm0nos7q5fr8v36blnv8khorn2euuc', '::1', 1499411746, 0x5f5f63695f6c6173745f726567656e65726174657c693a313439393431313436303b73746166665f757365725f69647c733a313a2231223b73746166665f6c6f676765645f696e7c623a313b72756c657c733a313a2231223b73657475702d6d656e752d6f70656e7c733a303a22223b),
('0qokjbegh13ugtq51p3r6uuvtvo9fb63', '::1', 1499412074, 0x5f5f63695f6c6173745f726567656e65726174657c693a313439393431313736383b73746166665f757365725f69647c733a313a2231223b73746166665f6c6f676765645f696e7c623a313b72756c657c733a313a2231223b73657475702d6d656e752d6f70656e7c733a303a22223b),
('u2ifht7q76bg3aiv8nl8gke7kdpkkt5j', '::1', 1499412324, 0x5f5f63695f6c6173745f726567656e65726174657c693a313439393431323037393b73746166665f757365725f69647c733a313a2231223b73746166665f6c6f676765645f696e7c623a313b72756c657c733a313a2231223b73657475702d6d656e752d6f70656e7c733a303a22223b),
('32nv8ndc3mq1vkou0bnl0pu2o5fnss3n', '::1', 1499412413, 0x5f5f63695f6c6173745f726567656e65726174657c693a313439393431323339353b73746166665f757365725f69647c733a313a2231223b73746166665f6c6f676765645f696e7c623a313b72756c657c733a313a2231223b73657475702d6d656e752d6f70656e7c733a303a22223b),
('4vljtk3hn6m5nerrnsgvl9rmjtiurfva', '::1', 1499413059, 0x5f5f63695f6c6173745f726567656e65726174657c693a313439393431323932393b73746166665f757365725f69647c733a313a2231223b73746166665f6c6f676765645f696e7c623a313b72756c657c733a313a2231223b73657475702d6d656e752d6f70656e7c733a303a22223b),
('pfcbkiv9ckf0hkkgpn847uu858v0aluv', '::1', 1499413593, 0x5f5f63695f6c6173745f726567656e65726174657c693a313439393431333330333b73746166665f757365725f69647c733a313a2231223b73746166665f6c6f676765645f696e7c623a313b72756c657c733a313a2231223b73657475702d6d656e752d6f70656e7c733a303a22223b),
('gqrm7qusa85v1h2pdl4of5e3nk0lnia0', '::1', 1499413763, 0x5f5f63695f6c6173745f726567656e65726174657c693a313439393431333736303b73746166665f757365725f69647c733a313a2231223b73746166665f6c6f676765645f696e7c623a313b72756c657c733a313a2231223b73657475702d6d656e752d6f70656e7c733a303a22223b),
('7nnud4936bn93ha92639arco8od261lt', '::1', 1499414672, 0x5f5f63695f6c6173745f726567656e65726174657c693a313439393431343534383b73746166665f757365725f69647c733a313a2231223b73746166665f6c6f676765645f696e7c623a313b72756c657c733a313a2231223b73657475702d6d656e752d6f70656e7c733a303a22223b),
('cvaauspdj5pkskc5cdolo1mavec2ef4j', '::1', 1499415859, 0x5f5f63695f6c6173745f726567656e65726174657c693a313439393431353736323b73746166665f757365725f69647c733a313a2231223b73746166665f6c6f676765645f696e7c623a313b72756c657c733a313a2231223b73657475702d6d656e752d6f70656e7c733a303a22223b),
('put48vclbb1rh94maobsjndljjdp09s1', '::1', 1499416171, 0x5f5f63695f6c6173745f726567656e65726174657c693a313439393431363130363b73746166665f757365725f69647c733a313a2231223b73746166665f6c6f676765645f696e7c623a313b72756c657c733a313a2231223b73657475702d6d656e752d6f70656e7c733a303a22223b),
('nf7kf489nfdt7aekugv16ib1o0h500t9', '::1', 1499416453, 0x5f5f63695f6c6173745f726567656e65726174657c693a313439393431363435313b73746166665f757365725f69647c733a313a2231223b73746166665f6c6f676765645f696e7c623a313b72756c657c733a313a2231223b73657475702d6d656e752d6f70656e7c733a303a22223b),
('95e7thfi7oer9q6uos50h97hdtdbvq2c', '::1', 1499416991, 0x5f5f63695f6c6173745f726567656e65726174657c693a313439393431363839373b73746166665f757365725f69647c733a313a2231223b73746166665f6c6f676765645f696e7c623a313b72756c657c733a313a2231223b73657475702d6d656e752d6f70656e7c733a303a22223b),
('j9ln9ht72n6im17tenmdbc8boiuofsck', '::1', 1499417492, 0x5f5f63695f6c6173745f726567656e65726174657c693a313439393431373231363b73746166665f757365725f69647c733a313a2231223b73746166665f6c6f676765645f696e7c623a313b72756c657c733a313a2231223b73657475702d6d656e752d6f70656e7c733a303a22223b),
('mgrn64t6pgpe6chanu7aosok4vam0qev', '::1', 1499417685, 0x5f5f63695f6c6173745f726567656e65726174657c693a313439393431373333323b73746166665f757365725f69647c733a313a2233223b73746166665f6c6f676765645f696e7c623a313b72756c657c733a313a2233223b73657475702d6d656e752d6f70656e7c733a303a22223b),
('87cjfsq7lk62lai9o2v5vbj3v3a1nipb', '::1', 1499417694, 0x5f5f63695f6c6173745f726567656e65726174657c693a313439393431373638363b73746166665f757365725f69647c733a313a2233223b73746166665f6c6f676765645f696e7c623a313b72756c657c733a313a2233223b73657475702d6d656e752d6f70656e7c733a303a22223b),
('vt22a9f3v80uuh9lmu1jvdm70st8hq46', '::1', 1499419949, 0x5f5f63695f6c6173745f726567656e65726174657c693a313439393431393730353b73746166665f757365725f69647c733a313a2231223b73746166665f6c6f676765645f696e7c623a313b72756c657c733a313a2231223b73657475702d6d656e752d6f70656e7c733a303a22223b),
('bm0ap1ofk2jegl07teedn2ririjoppme', '::1', 1499420347, 0x5f5f63695f6c6173745f726567656e65726174657c693a313439393432303034373b73746166665f757365725f69647c733a313a2231223b73746166665f6c6f676765645f696e7c623a313b72756c657c733a313a2231223b73657475702d6d656e752d6f70656e7c733a303a22223b),
('m04o45prfnkkf3b9t6q10ngo4mugsb9l', '::1', 1499420466, 0x5f5f63695f6c6173745f726567656e65726174657c693a313439393432303334393b73746166665f757365725f69647c733a313a2231223b73746166665f6c6f676765645f696e7c623a313b72756c657c733a313a2231223b73657475702d6d656e752d6f70656e7c733a303a22223b),
('l1p5i0r7k7vlpea98us9dlceg9jsgh10', '::1', 1499420905, 0x5f5f63695f6c6173745f726567656e65726174657c693a313439393432303637303b73746166665f757365725f69647c733a313a2231223b73746166665f6c6f676765645f696e7c623a313b72756c657c733a313a2231223b73657475702d6d656e752d6f70656e7c733a303a22223b),
('iseq21ggqmjkp62m8ofl7rj52hr555he', '::1', 1499421407, 0x5f5f63695f6c6173745f726567656e65726174657c693a313439393432313131313b73746166665f757365725f69647c733a313a2231223b73746166665f6c6f676765645f696e7c623a313b72756c657c733a313a2231223b73657475702d6d656e752d6f70656e7c733a303a22223b),
('dql1t55bla5b1b5788obk5v7mba8o7lp', '::1', 1499421754, 0x5f5f63695f6c6173745f726567656e65726174657c693a313439393432313435353b73746166665f757365725f69647c733a313a2231223b73746166665f6c6f676765645f696e7c623a313b72756c657c733a313a2231223b73657475702d6d656e752d6f70656e7c733a303a22223b),
('dt0s2mv7q3i8p2ks29pv4ohh8881q5ng', '::1', 1499421913, 0x5f5f63695f6c6173745f726567656e65726174657c693a313439393432313737323b73746166665f757365725f69647c733a313a2231223b73746166665f6c6f676765645f696e7c623a313b72756c657c733a313a2231223b73657475702d6d656e752d6f70656e7c733a303a22223b),
('7vmg8dqajq8hgc3sdk4jf3rtamdpnoii', '::1', 1499422355, 0x5f5f63695f6c6173745f726567656e65726174657c693a313439393432323139343b73746166665f757365725f69647c733a313a2231223b73746166665f6c6f676765645f696e7c623a313b72756c657c733a313a2231223b73657475702d6d656e752d6f70656e7c733a303a22223b),
('51k38rs8bnoag7ne442jle52vfmernn9', '::1', 1499476422, 0x5f5f63695f6c6173745f726567656e65726174657c693a313439393437363333303b73746166665f757365725f69647c733a313a2231223b73746166665f6c6f676765645f696e7c623a313b72756c657c733a313a2231223b),
('qrrnepq6uqb1lui46vnaq1e55qqpss7e', '::1', 1499476965, 0x5f5f63695f6c6173745f726567656e65726174657c693a313439393437363732343b73746166665f757365725f69647c733a313a2231223b73746166665f6c6f676765645f696e7c623a313b72756c657c733a313a2231223b),
('qllgb2kajne86o6am1ne1mnfranud536', '::1', 1499477552, 0x5f5f63695f6c6173745f726567656e65726174657c693a313439393437373235323b73746166665f757365725f69647c733a313a2231223b73746166665f6c6f676765645f696e7c623a313b72756c657c733a313a2231223b),
('9foc6ekss8s6hgoloncpcrtkapt45ipb', '::1', 1499477828, 0x5f5f63695f6c6173745f726567656e65726174657c693a313439393437373537333b73746166665f757365725f69647c733a313a2231223b73746166665f6c6f676765645f696e7c623a313b72756c657c733a313a2231223b),
('h8i2vfqdqqk8fedmc2n2k87066dsqco5', '::1', 1499478077, 0x5f5f63695f6c6173745f726567656e65726174657c693a313439393437373937313b73746166665f757365725f69647c733a313a2231223b73746166665f6c6f676765645f696e7c623a313b72756c657c733a313a2231223b),
('7730m4qgha2e9nblsba2lbunog6pkvft', '::1', 1499478673, 0x5f5f63695f6c6173745f726567656e65726174657c693a313439393437383337393b73746166665f757365725f69647c733a313a2231223b73746166665f6c6f676765645f696e7c623a313b72756c657c733a313a2231223b),
('usal9v5rdec3p5quogs3h9su50ho3cga', '::1', 1499479026, 0x5f5f63695f6c6173745f726567656e65726174657c693a313439393437383733343b73746166665f757365725f69647c733a313a2231223b73746166665f6c6f676765645f696e7c623a313b72756c657c733a313a2231223b),
('hk8pq2vpc2h8sba6phk639gl1if0io5a', '::1', 1499479476, 0x5f5f63695f6c6173745f726567656e65726174657c693a313439393437393137373b73746166665f757365725f69647c733a313a2231223b73746166665f6c6f676765645f696e7c623a313b72756c657c733a313a2231223b),
('me278pqpigfpd30rkgj3jbvg8076p8t6', '::1', 1499479729, 0x5f5f63695f6c6173745f726567656e65726174657c693a313439393437393535343b73746166665f757365725f69647c733a313a2231223b73746166665f6c6f676765645f696e7c623a313b72756c657c733a313a2231223b),
('8tpl99uqmkd7mcfvme494ubctgg7gsb1', '::1', 1499480701, 0x5f5f63695f6c6173745f726567656e65726174657c693a313439393438303331343b73746166665f757365725f69647c733a313a2231223b73746166665f6c6f676765645f696e7c623a313b72756c657c733a313a2231223b73657475702d6d656e752d6f70656e7c623a313b),
('n1c6uaeeukv1hv6cm0be0o43f40bdgp0', '::1', 1499480873, 0x5f5f63695f6c6173745f726567656e65726174657c693a313439393438303730343b73746166665f757365725f69647c733a313a2231223b73746166665f6c6f676765645f696e7c623a313b72756c657c733a313a2231223b73657475702d6d656e752d6f70656e7c733a303a22223b),
('dvpibm8cc9e4tnl934ijqkfj5ulvvldd', '::1', 1499481389, 0x5f5f63695f6c6173745f726567656e65726174657c693a313439393438313038363b73746166665f757365725f69647c733a313a2231223b73746166665f6c6f676765645f696e7c623a313b72756c657c733a313a2231223b73657475702d6d656e752d6f70656e7c733a303a22223b),
('qe36dq1n337ldfor8t913844l796r9uk', '::1', 1499481398, 0x5f5f63695f6c6173745f726567656e65726174657c693a313439393438313339323b73746166665f757365725f69647c733a313a2231223b73746166665f6c6f676765645f696e7c623a313b72756c657c733a313a2231223b73657475702d6d656e752d6f70656e7c733a303a22223b),
('50cs7tr5q0p3os29rnbgiicbihmo8l33', '::1', 1499482212, 0x5f5f63695f6c6173745f726567656e65726174657c693a313439393438313932333b73746166665f757365725f69647c733a313a2231223b73746166665f6c6f676765645f696e7c623a313b72756c657c733a313a2231223b73657475702d6d656e752d6f70656e7c733a303a22223b),
('mp6s414v6ofgv6cfr9l5aetaec63t8m3', '::1', 1499482857, 0x5f5f63695f6c6173745f726567656e65726174657c693a313439393438323538373b73746166665f757365725f69647c733a313a2231223b73746166665f6c6f676765645f696e7c623a313b72756c657c733a313a2231223b73657475702d6d656e752d6f70656e7c733a303a22223b),
('62i93l35s8jbeefiqjng01u0rvcqdgfv', '::1', 1499483518, 0x5f5f63695f6c6173745f726567656e65726174657c693a313439393438323839393b73746166665f757365725f69647c733a313a2231223b73746166665f6c6f676765645f696e7c623a313b72756c657c733a313a2231223b73657475702d6d656e752d6f70656e7c623a313b),
('vsqom3qmrka2ig0otj66fvosrughk3r9', '::1', 1499483711, 0x5f5f63695f6c6173745f726567656e65726174657c693a313439393438333532353b73746166665f757365725f69647c733a313a2231223b73746166665f6c6f676765645f696e7c623a313b72756c657c733a313a2231223b73657475702d6d656e752d6f70656e7c733a303a22223b),
('h9q32u0ku1tt61s88foak16mrmhln7e9', '::1', 1499483758, 0x5f5f63695f6c6173745f726567656e65726174657c693a313439393438333735383b7265645f75726c7c733a353a2261646d696e223b),
('rnrqeu8apcqij2oa2o90r9trkuvhnbsg', '::1', 1499485333, 0x5f5f63695f6c6173745f726567656e65726174657c693a313439393438353034333b73746166665f757365725f69647c733a313a2231223b73746166665f6c6f676765645f696e7c623a313b72756c657c733a313a2231223b73657475702d6d656e752d6f70656e7c623a313b),
('q4c4fle4aijhmvhu0olpqasrg6gvl99n', '::1', 1499485610, 0x5f5f63695f6c6173745f726567656e65726174657c693a313439393438353538333b73746166665f757365725f69647c733a313a2231223b73746166665f6c6f676765645f696e7c623a313b72756c657c733a313a2231223b73657475702d6d656e752d6f70656e7c733a303a22223b),
('guas41keu5hl8cqv635v8e4h2nr2s6pk', '::1', 1499486201, 0x5f5f63695f6c6173745f726567656e65726174657c693a313439393438353932343b73746166665f757365725f69647c733a313a2231223b73746166665f6c6f676765645f696e7c623a313b72756c657c733a313a2231223b73657475702d6d656e752d6f70656e7c733a303a22223b),
('f7dmiam1hg2v0or56v4crftia0fsr2qn', '::1', 1499486911, 0x5f5f63695f6c6173745f726567656e65726174657c693a313439393438363733393b73746166665f757365725f69647c733a313a2231223b73746166665f6c6f676765645f696e7c623a313b72756c657c733a313a2231223b73657475702d6d656e752d6f70656e7c733a303a22223b),
('bp0gsl53tlo9sq9hid20sovrdkuhbaon', '::1', 1499487468, 0x5f5f63695f6c6173745f726567656e65726174657c693a313439393438373138373b73746166665f757365725f69647c733a313a2231223b73746166665f6c6f676765645f696e7c623a313b72756c657c733a313a2231223b73657475702d6d656e752d6f70656e7c733a303a22223b),
('derlk8g1fh897ii37n2vvt5c02p313ou', '::1', 1499487784, 0x5f5f63695f6c6173745f726567656e65726174657c693a313439393438373530323b73746166665f757365725f69647c733a313a2231223b73746166665f6c6f676765645f696e7c623a313b72756c657c733a313a2231223b73657475702d6d656e752d6f70656e7c733a303a22223b),
('cup1i88bu8faguna6obntsl29kec4ldn', '::1', 1499488164, 0x5f5f63695f6c6173745f726567656e65726174657c693a313439393438373836303b73746166665f757365725f69647c733a313a2231223b73746166665f6c6f676765645f696e7c623a313b72756c657c733a313a2231223b73657475702d6d656e752d6f70656e7c733a303a22223b),
('49dhc7cqg7tn09rbtvlht9i8r8uep9lu', '::1', 1499488461, 0x5f5f63695f6c6173745f726567656e65726174657c693a313439393438383139303b73746166665f757365725f69647c733a313a2231223b73746166665f6c6f676765645f696e7c623a313b72756c657c733a313a2231223b73657475702d6d656e752d6f70656e7c733a303a22223b),
('muvsa3m8d6qlbtdr7c301p1q0ks6ck0n', '::1', 1499488899, 0x5f5f63695f6c6173745f726567656e65726174657c693a313439393438383638373b73746166665f757365725f69647c733a313a2231223b73746166665f6c6f676765645f696e7c623a313b72756c657c733a313a2231223b73657475702d6d656e752d6f70656e7c733a303a22223b),
('rjtlbvrnomhatb87fmk83dtcikr3r5vv', '::1', 1499489224, 0x5f5f63695f6c6173745f726567656e65726174657c693a313439393438393031353b73746166665f757365725f69647c733a313a2231223b73746166665f6c6f676765645f696e7c623a313b72756c657c733a313a2231223b73657475702d6d656e752d6f70656e7c733a303a22223b);

-- --------------------------------------------------------

--
-- Cấu trúc bảng cho bảng `tblstaff`
--

CREATE TABLE `tblstaff` (
  `staffid` int(11) NOT NULL,
  `email` varchar(100) NOT NULL,
  `staff_code` varchar(20) DEFAULT NULL,
  `fullname` varchar(255) DEFAULT NULL,
  `firstname` varchar(50) DEFAULT NULL,
  `lastname` varchar(50) DEFAULT NULL,
  `gender` int(11) DEFAULT '1',
  `date_birth` date DEFAULT NULL,
  `place_birth` varchar(255) DEFAULT NULL,
  `permanent_residence` varchar(255) DEFAULT NULL,
  `current_address` varchar(255) DEFAULT NULL,
  `passport_id` varchar(15) DEFAULT NULL,
  `issued_by` varchar(255) DEFAULT NULL,
  `issued_on` date DEFAULT NULL,
  `hobbies` varchar(255) DEFAULT NULL,
  `height` int(11) DEFAULT NULL,
  `weight` int(11) DEFAULT NULL,
  `marial_status` varchar(50) DEFAULT NULL,
  `emergency_contact` text,
  `education` text,
  `foreign_languge_skills` text,
  `other_certificates` text,
  `facebook` mediumtext,
  `linkedin` mediumtext,
  `phonenumber` varchar(30) DEFAULT NULL,
  `skype` varchar(50) DEFAULT NULL,
  `password` varchar(250) NOT NULL,
  `datecreated` datetime NOT NULL,
  `profile_image` varchar(300) DEFAULT NULL,
  `last_ip` varchar(40) DEFAULT NULL,
  `last_login` datetime DEFAULT NULL,
  `last_password_change` datetime DEFAULT NULL,
  `new_pass_key` varchar(32) DEFAULT NULL,
  `new_pass_key_requested` datetime DEFAULT NULL,
  `admin` int(11) NOT NULL DEFAULT '0',
  `role` int(11) DEFAULT NULL,
  `rule` int(11) DEFAULT NULL,
  `active` int(11) NOT NULL DEFAULT '1',
  `default_language` varchar(40) DEFAULT NULL,
  `direction` varchar(3) DEFAULT NULL,
  `media_path_slug` varchar(300) DEFAULT NULL,
  `is_not_staff` int(11) DEFAULT '0',
  `hourly_rate` decimal(11,2) DEFAULT '0.00',
  `salary` decimal(15,0) DEFAULT NULL,
  `email_signature` text,
  `bank_account` varchar(255) DEFAULT NULL,
  `internal_phone` varchar(255) DEFAULT NULL,
  `date_work` date DEFAULT NULL,
  `place_work` int(11) DEFAULT NULL
) ENGINE=MyISAM DEFAULT CHARSET=utf8;

--
-- Đang đổ dữ liệu cho bảng `tblstaff`
--

INSERT INTO `tblstaff` (`staffid`, `email`, `staff_code`, `fullname`, `firstname`, `lastname`, `gender`, `date_birth`, `place_birth`, `permanent_residence`, `current_address`, `passport_id`, `issued_by`, `issued_on`, `hobbies`, `height`, `weight`, `marial_status`, `emergency_contact`, `education`, `foreign_languge_skills`, `other_certificates`, `facebook`, `linkedin`, `phonenumber`, `skype`, `password`, `datecreated`, `profile_image`, `last_ip`, `last_login`, `last_password_change`, `new_pass_key`, `new_pass_key_requested`, `admin`, `role`, `rule`, `active`, `default_language`, `direction`, `media_path_slug`, `is_not_staff`, `hourly_rate`, `salary`, `email_signature`, `bank_account`, `internal_phone`, `date_work`, `place_work`) VALUES
(1, 'amin@admin.com', NULL, 'admin', '', '', 1, NULL, NULL, NULL, NULL, NULL, NULL, NULL, NULL, NULL, NULL, NULL, NULL, NULL, NULL, NULL, NULL, NULL, NULL, NULL, '$2a$08$9uFKA7CEZjqLO3zSOQfPBul5FwOw8Xwj6pJs4onV4gHAn9Tlcv762', '2017-03-30 09:24:10', NULL, '::1', '2017-07-08 08:13:10', NULL, NULL, NULL, 1, NULL, 1, 1, 'vietnamese', NULL, NULL, 0, '0.00', NULL, NULL, NULL, NULL, NULL, NULL),
(2, 'buiphamthanhthuy@gmail.com', NULL, 'Tan Nguyen', 'Tân', 'Nguyễn', 1, NULL, NULL, NULL, NULL, NULL, NULL, NULL, NULL, NULL, NULL, NULL, NULL, NULL, NULL, NULL, 'tannguyen', '', '0909365456', '', '$2a$08$GMPg1TJgHJsyM9Oa1bp4veWqPqkglBTxdmU.OkFTM8lJ9OS8oLwRe', '2017-03-31 00:37:49', NULL, '::1', '2017-03-31 00:42:57', NULL, NULL, NULL, 0, 1, 2, 1, 'vietnamese', '', 'tan-nguyễn', 0, '200.00', NULL, '', NULL, NULL, NULL, NULL),
(3, 'ngocha@gmail.com', '', 'Ngoc ha', 'Ngọc', 'Hà', 1, '0000-00-00', '', '', '', '', '', '0000-00-00', '', 0, 0, 'single', '', NULL, NULL, NULL, '', '', '0909321456', '', '$2a$08$9uFKA7CEZjqLO3zSOQfPBul5FwOw8Xwj6pJs4onV4gHAn9Tlcv762', '2017-03-31 00:49:22', 'paul-hinz.jpg', '::1', '2017-07-07 15:48:58', NULL, NULL, NULL, 0, 2, 3, 1, 'vietnamese', '', 'ngọc-ha', 0, '200.00', '0', '', '', '', '0000-00-00', 1),
(4, 'thuylinh@gmail.com', 'NV00004', 'Thuy linh', 'Thùy', 'Linh', 1, '2017-06-30', 'HCM', 'HCM', 'HCM', '321348455', 'HCM', '2017-06-30', '', 0, 0, 'single', '12345', NULL, NULL, NULL, '', '', '09123456789', '', '$2a$08$mxYDHk1OwXmcx7QVbtKDTeKprQua5DSEDZTLEhpg65wYscNF2RY86', '2017-03-31 00:50:39', NULL, '::1', '2017-04-03 12:57:20', NULL, NULL, NULL, 0, 3, 4, 1, 'vietnamese', '', 'thuy-linh', 0, '150.00', '100', '', '1234', '5678', '2017-06-30', 1),
(13, 'tvtan06@gmail.com', 'NV-00005', 'Tran Van Tan', 'Tran Van', ' Tan', 0, '2017-06-29', 'HCM', 'HCM', 'HCM', '123345', 'HCM', '2017-06-29', '', 0, 0, 'single', '12342435', NULL, NULL, NULL, NULL, NULL, '0939701693', NULL, '$2a$08$XmWgJQjif5lqJaQ52GrdQu1JwqbSC/3r1Qhvm8pn/JsecZhHVwOfK', '2017-06-29 17:08:57', NULL, NULL, NULL, '2017-06-29 17:31:13', NULL, NULL, 0, 1, NULL, 1, NULL, NULL, 'tran-van-tan', 0, '0.00', '0', '', '1234', '', '0000-00-00', 0),
(14, 'ttktien@gmail.com', 'NV-00014', 'Tran Thij Kieu Tien', 'Tran Thij Kieu', ' Tien', 1, '2017-06-30', 'HCM', 'HCM', 'HCM', '123456', 'HCM', '2017-06-30', '', 0, 0, 'single', '12345', NULL, NULL, NULL, NULL, NULL, '0974497157', NULL, '$2a$08$j910DGb36PHhwxkO5/liBe1ekdF.8TNG8JzISyNHPn6YqvNW3Ed.S', '2017-06-30 08:14:55', NULL, NULL, NULL, NULL, NULL, NULL, 0, 1, NULL, 1, NULL, NULL, 'tran-thij-kieu-tien', 0, '0.00', '500', '', '1234', '4321', '2017-06-30', 1);

-- --------------------------------------------------------

--
-- Cấu trúc bảng cho bảng `tblstaffdepartments`
--

CREATE TABLE `tblstaffdepartments` (
  `staffdepartmentid` int(11) NOT NULL,
  `staffid` int(11) NOT NULL,
  `departmentid` int(11) NOT NULL
) ENGINE=MyISAM DEFAULT CHARSET=utf8;

--
-- Đang đổ dữ liệu cho bảng `tblstaffdepartments`
--

INSERT INTO `tblstaffdepartments` (`staffdepartmentid`, `staffid`, `departmentid`) VALUES
(20, 10, 1);

-- --------------------------------------------------------

--
-- Cấu trúc bảng cho bảng `tblstaffpermissions`
--

CREATE TABLE `tblstaffpermissions` (
  `staffpermid` int(11) NOT NULL,
  `permissionid` int(11) NOT NULL,
  `can_view` tinyint(1) NOT NULL DEFAULT '0',
  `can_view_own` tinyint(1) NOT NULL DEFAULT '0',
  `can_edit` tinyint(1) NOT NULL DEFAULT '0',
  `can_create` tinyint(1) NOT NULL DEFAULT '0',
  `can_delete` tinyint(1) NOT NULL DEFAULT '0',
  `staffid` int(11) NOT NULL
) ENGINE=MyISAM DEFAULT CHARSET=utf8;

--
-- Đang đổ dữ liệu cho bảng `tblstaffpermissions`
--

INSERT INTO `tblstaffpermissions` (`staffpermid`, `permissionid`, `can_view`, `can_view_own`, `can_edit`, `can_create`, `can_delete`, `staffid`) VALUES
(1, 16, 1, 0, 0, 0, 0, 2),
(2, 1, 1, 0, 0, 0, 0, 2),
(3, 8, 1, 0, 0, 0, 0, 2),
(4, 9, 1, 0, 0, 0, 0, 2),
(5, 11, 0, 0, 0, 0, 0, 2),
(6, 15, 0, 0, 0, 0, 0, 2),
(7, 14, 1, 0, 0, 0, 0, 2),
(8, 18, 0, 0, 0, 0, 0, 2),
(9, 19, 1, 0, 0, 0, 0, 2),
(10, 12, 1, 0, 0, 0, 0, 2),
(11, 17, 1, 0, 0, 0, 0, 2),
(12, 5, 0, 0, 0, 0, 0, 2),
(13, 13, 1, 0, 0, 0, 0, 2),
(14, 3, 1, 0, 0, 0, 0, 2),
(15, 10, 1, 0, 0, 0, 0, 2),
(16, 4, 1, 0, 0, 0, 0, 2),
(17, 7, 0, 0, 0, 0, 0, 2),
(18, 6, 1, 0, 0, 0, 0, 2),
(19, 2, 1, 0, 0, 0, 0, 2),
(20, 16, 0, 0, 0, 0, 0, 3),
(21, 1, 1, 0, 0, 0, 0, 3),
(22, 8, 1, 0, 0, 0, 0, 3),
(23, 9, 0, 0, 0, 0, 0, 3),
(24, 11, 0, 0, 0, 0, 0, 3),
(25, 15, 0, 0, 0, 0, 0, 3),
(26, 14, 0, 0, 0, 0, 0, 3),
(27, 18, 0, 0, 0, 0, 0, 3),
(28, 19, 0, 0, 0, 0, 0, 3),
(29, 12, 1, 0, 0, 0, 0, 3),
(30, 17, 0, 0, 0, 0, 0, 3),
(31, 5, 1, 0, 0, 0, 0, 3),
(32, 13, 0, 0, 0, 0, 0, 3),
(33, 3, 1, 0, 0, 0, 0, 3),
(34, 10, 0, 0, 0, 0, 0, 3),
(35, 4, 1, 0, 0, 0, 0, 3),
(36, 7, 0, 0, 0, 0, 0, 3),
(37, 6, 0, 0, 0, 0, 0, 3),
(38, 2, 1, 0, 0, 0, 0, 3),
(39, 16, 0, 0, 0, 0, 0, 4),
(40, 1, 1, 0, 0, 0, 0, 4),
(41, 8, 1, 0, 0, 0, 0, 4),
(42, 9, 0, 0, 0, 0, 0, 4),
(43, 11, 1, 0, 0, 0, 0, 4),
(44, 15, 1, 0, 0, 0, 0, 4),
(45, 14, 0, 0, 0, 0, 0, 4),
(46, 18, 1, 0, 0, 0, 0, 4),
(47, 19, 1, 0, 0, 0, 0, 4),
(48, 12, 1, 0, 0, 0, 0, 4),
(49, 17, 1, 0, 0, 0, 0, 4),
(50, 5, 0, 0, 0, 0, 0, 4),
(51, 13, 0, 0, 0, 0, 0, 4),
(52, 3, 1, 0, 0, 0, 0, 4),
(53, 10, 1, 0, 0, 0, 0, 4),
(54, 4, 1, 0, 0, 0, 0, 4),
(55, 7, 1, 0, 0, 0, 0, 4),
(56, 6, 0, 0, 0, 0, 0, 4),
(57, 2, 0, 0, 0, 0, 0, 4),
(58, 16, 1, 0, 0, 0, 0, 5),
(59, 1, 1, 0, 0, 0, 0, 5),
(60, 8, 1, 0, 0, 0, 0, 5),
(61, 9, 1, 0, 0, 0, 0, 5),
(62, 11, 0, 0, 0, 0, 0, 5),
(63, 15, 0, 0, 0, 0, 0, 5),
(64, 14, 1, 0, 0, 0, 0, 5),
(65, 18, 0, 0, 0, 0, 0, 5),
(66, 19, 1, 0, 0, 0, 0, 5),
(67, 12, 1, 0, 0, 0, 0, 5),
(68, 17, 1, 0, 0, 0, 0, 5),
(69, 5, 0, 0, 0, 0, 0, 5),
(70, 13, 1, 0, 0, 0, 0, 5),
(71, 3, 1, 0, 0, 0, 0, 5),
(72, 10, 1, 0, 0, 0, 0, 5),
(73, 4, 1, 0, 0, 0, 0, 5),
(74, 7, 0, 0, 0, 0, 0, 5),
(75, 6, 1, 0, 0, 0, 0, 5),
(76, 2, 1, 0, 0, 0, 0, 5),
(399, 2, 1, 0, 0, 0, 0, 12),
(398, 6, 1, 0, 0, 0, 0, 12),
(397, 7, 0, 0, 0, 0, 0, 12),
(396, 4, 1, 0, 0, 0, 0, 12),
(395, 10, 1, 0, 0, 0, 0, 12),
(394, 3, 1, 0, 0, 0, 0, 12),
(393, 13, 1, 0, 0, 0, 0, 12),
(392, 5, 0, 0, 0, 0, 0, 12),
(391, 17, 1, 0, 0, 0, 0, 12),
(390, 12, 1, 0, 0, 0, 0, 12),
(389, 19, 1, 0, 0, 0, 0, 12),
(388, 18, 0, 0, 0, 0, 0, 12),
(387, 14, 1, 0, 0, 0, 0, 12),
(386, 15, 0, 0, 0, 0, 0, 12),
(385, 11, 0, 0, 0, 0, 0, 12),
(384, 9, 1, 0, 0, 0, 0, 12),
(383, 8, 1, 0, 0, 0, 0, 12),
(382, 1, 1, 0, 0, 0, 0, 12),
(381, 16, 1, 0, 0, 0, 0, 12),
(400, 16, 1, 0, 0, 0, 0, 13),
(401, 1, 1, 0, 0, 0, 0, 13),
(402, 8, 1, 0, 0, 0, 0, 13),
(403, 9, 1, 0, 0, 0, 0, 13),
(404, 11, 0, 0, 0, 0, 0, 13),
(405, 15, 0, 0, 0, 0, 0, 13),
(406, 14, 1, 0, 0, 0, 0, 13),
(407, 18, 0, 0, 0, 0, 0, 13),
(408, 19, 1, 0, 0, 0, 0, 13),
(409, 12, 1, 0, 0, 0, 0, 13),
(410, 17, 1, 0, 0, 0, 0, 13),
(411, 5, 0, 0, 0, 0, 0, 13),
(412, 13, 1, 0, 0, 0, 0, 13),
(413, 3, 1, 0, 0, 0, 0, 13),
(414, 10, 1, 0, 0, 0, 0, 13),
(415, 4, 1, 0, 0, 0, 0, 13),
(416, 7, 0, 0, 0, 0, 0, 13),
(417, 6, 1, 0, 0, 0, 0, 13),
(418, 2, 1, 0, 0, 0, 0, 13),
(419, 16, 1, 0, 0, 0, 0, 14),
(420, 1, 1, 0, 0, 0, 0, 14),
(421, 8, 1, 0, 0, 0, 0, 14),
(422, 9, 1, 0, 0, 0, 0, 14),
(423, 11, 0, 0, 0, 0, 0, 14),
(424, 15, 0, 0, 0, 0, 0, 14),
(425, 14, 1, 0, 0, 0, 0, 14),
(426, 18, 0, 0, 0, 0, 0, 14),
(427, 19, 1, 0, 0, 0, 0, 14),
(428, 12, 1, 0, 0, 0, 0, 14),
(429, 17, 1, 0, 0, 0, 0, 14),
(430, 5, 0, 0, 0, 0, 0, 14),
(431, 13, 1, 0, 0, 0, 0, 14),
(432, 3, 1, 0, 0, 0, 0, 14),
(433, 10, 1, 0, 0, 0, 0, 14),
(434, 4, 1, 0, 0, 0, 0, 14),
(435, 7, 0, 0, 0, 0, 0, 14),
(436, 6, 1, 0, 0, 0, 0, 14),
(437, 2, 1, 0, 0, 0, 0, 14);

-- --------------------------------------------------------

--
-- Cấu trúc bảng cho bảng `tblstafftaskassignees`
--

CREATE TABLE `tblstafftaskassignees` (
  `id` int(11) NOT NULL,
  `staffid` int(11) NOT NULL,
  `taskid` int(11) NOT NULL,
  `assigned_from` int(11) NOT NULL DEFAULT '0'
) ENGINE=MyISAM DEFAULT CHARSET=utf8;

--
-- Đang đổ dữ liệu cho bảng `tblstafftaskassignees`
--

INSERT INTO `tblstafftaskassignees` (`id`, `staffid`, `taskid`, `assigned_from`) VALUES
(1, 4, 1, 1),
(2, 4, 2, 1),
(3, 4, 3, 1),
(4, 4, 4, 1),
(17, 2, 3, 1),
(9, 123, 0, 1),
(10, 123, 0, 1),
(12, 4, 8, 1),
(16, 1, 3, 1);

-- --------------------------------------------------------

--
-- Cấu trúc bảng cho bảng `tblstafftaskcomments`
--

CREATE TABLE `tblstafftaskcomments` (
  `id` int(11) NOT NULL,
  `content` text NOT NULL,
  `taskid` int(11) NOT NULL,
  `staffid` int(11) NOT NULL,
  `contact_id` int(11) NOT NULL DEFAULT '0',
  `dateadded` datetime NOT NULL
) ENGINE=MyISAM DEFAULT CHARSET=utf8;

--
-- Đang đổ dữ liệu cho bảng `tblstafftaskcomments`
--

INSERT INTO `tblstafftaskcomments` (`id`, `content`, `taskid`, `staffid`, `contact_id`, `dateadded`) VALUES
(1, 'Đ&atilde; nhận được nhiệm vụ', 3, 4, 0, '2017-04-03 12:58:43');

-- --------------------------------------------------------

--
-- Cấu trúc bảng cho bảng `tblstafftasks`
--

CREATE TABLE `tblstafftasks` (
  `id` int(11) NOT NULL,
  `name` mediumtext,
  `description` text,
  `priority` int(11) DEFAULT NULL,
  `dateadded` datetime NOT NULL,
  `startdate` date NOT NULL,
  `duedate` date DEFAULT NULL,
  `datefinished` datetime NOT NULL,
  `addedfrom` int(11) NOT NULL,
  `status` int(11) NOT NULL DEFAULT '0',
  `recurring_type` varchar(10) DEFAULT NULL,
  `repeat_every` int(11) DEFAULT NULL,
  `recurring` int(11) NOT NULL DEFAULT '0',
  `recurring_ends_on` date DEFAULT NULL,
  `custom_recurring` tinyint(1) NOT NULL DEFAULT '0',
  `last_recurring_date` date DEFAULT NULL,
  `rel_id` int(11) DEFAULT NULL,
  `rel_type` varchar(30) DEFAULT NULL,
  `is_public` tinyint(1) NOT NULL DEFAULT '0',
  `billable` tinyint(1) NOT NULL DEFAULT '0',
  `billed` tinyint(1) NOT NULL DEFAULT '0',
  `invoice_id` int(11) NOT NULL DEFAULT '0',
  `hourly_rate` decimal(11,2) NOT NULL DEFAULT '0.00',
  `milestone` int(11) DEFAULT '0',
  `kanban_order` int(11) NOT NULL DEFAULT '0',
  `milestone_order` int(11) NOT NULL DEFAULT '0',
  `visible_to_client` tinyint(1) NOT NULL DEFAULT '0',
  `deadline_notified` int(11) NOT NULL DEFAULT '0'
) ENGINE=MyISAM DEFAULT CHARSET=utf8;

--
-- Đang đổ dữ liệu cho bảng `tblstafftasks`
--

INSERT INTO `tblstafftasks` (`id`, `name`, `description`, `priority`, `dateadded`, `startdate`, `duedate`, `datefinished`, `addedfrom`, `status`, `recurring_type`, `repeat_every`, `recurring`, `recurring_ends_on`, `custom_recurring`, `last_recurring_date`, `rel_id`, `rel_type`, `is_public`, `billable`, `billed`, `invoice_id`, `hourly_rate`, `milestone`, `kanban_order`, `milestone_order`, `visible_to_client`, `deadline_notified`) VALUES
(1, 'Nhiệm vụ 1', '', 2, '2017-04-03 12:52:35', '2017-04-03', '2017-04-05', '2017-04-03 12:53:07', 1, 5, 'month', 1, 1, NULL, 0, NULL, 2, 'customer', 0, 1, 0, 0, '0.00', 0, 0, 0, 0, 0),
(2, 'Chăm sóc khách hàng', '', 2, '2017-04-03 12:56:14', '2017-04-03', NULL, '2017-04-03 12:56:52', 1, 5, 'week', 2, 1, NULL, 0, NULL, 2, 'customer', 0, 1, 0, 0, '0.00', 0, 0, 0, 0, 0),
(3, 'Chăm sóc khách hàng', '', 2, '2017-04-03 12:58:03', '2017-04-03', NULL, '0000-00-00 00:00:00', 1, 4, 'week', 2, 1, NULL, 0, NULL, 2, 'customer', 0, 1, 0, 0, '0.00', 0, 0, 0, 0, 0),
(4, 'saasdasd', '', 2, '2017-06-03 08:27:14', '2017-06-03', NULL, '0000-00-00 00:00:00', 1, 4, NULL, 0, 0, NULL, 0, NULL, 4, 'lead', 0, 1, 0, 0, '0.00', 0, 0, 0, 0, 0),
(5, '21312312321', '', 2, '2017-06-03 08:54:43', '2017-06-03', NULL, '0000-00-00 00:00:00', 1, 4, NULL, 0, 0, NULL, 0, NULL, 1, 'lead', 0, 1, 0, 0, '0.00', 0, 0, 0, 0, 0),
(6, 'Kỹ thuật', '', 2, '2017-06-05 09:58:48', '2017-06-05', NULL, '0000-00-00 00:00:00', 1, 4, NULL, 0, 0, NULL, 0, NULL, 6, 'lead', 0, 1, 0, 0, '0.00', 0, 0, 0, 0, 0),
(7, '12312312', '', 2, '2017-06-06 09:34:33', '2017-06-06', NULL, '0000-00-00 00:00:00', 1, 4, NULL, 0, 0, NULL, 0, NULL, 6, 'lead', 0, 1, 0, 0, '0.00', 0, 0, 0, 0, 0),
(8, '213123123213', '', 2, '2017-06-06 09:34:45', '2017-06-06', NULL, '0000-00-00 00:00:00', 1, 4, NULL, 0, 0, NULL, 0, NULL, 6, 'lead', 1, 1, 0, 0, '0.00', 0, 0, 0, 0, 0);

-- --------------------------------------------------------

--
-- Cấu trúc bảng cho bảng `tblstafftasksfollowers`
--

CREATE TABLE `tblstafftasksfollowers` (
  `id` int(11) NOT NULL,
  `staffid` int(11) NOT NULL,
  `taskid` int(11) NOT NULL
) ENGINE=MyISAM DEFAULT CHARSET=utf8;

--
-- Đang đổ dữ liệu cho bảng `tblstafftasksfollowers`
--

INSERT INTO `tblstafftasksfollowers` (`id`, `staffid`, `taskid`) VALUES
(1, 4, 1),
(2, 4, 3),
(3, 4, 4),
(4, 2, 1),
(5, 3, 1),
(6, 2, 3),
(7, 3, 3),
(8, 1, 1),
(9, 2, 4);

-- --------------------------------------------------------

--
-- Cấu trúc bảng cho bảng `tblsurveyresultsets`
--

CREATE TABLE `tblsurveyresultsets` (
  `resultsetid` int(11) NOT NULL,
  `surveyid` int(11) NOT NULL,
  `ip` varchar(40) NOT NULL,
  `useragent` varchar(150) NOT NULL,
  `date` datetime NOT NULL
) ENGINE=MyISAM DEFAULT CHARSET=utf8;

-- --------------------------------------------------------

--
-- Cấu trúc bảng cho bảng `tblsurveys`
--

CREATE TABLE `tblsurveys` (
  `surveyid` int(11) NOT NULL,
  `subject` mediumtext NOT NULL,
  `slug` mediumtext NOT NULL,
  `description` text NOT NULL,
  `viewdescription` text,
  `datecreated` datetime NOT NULL,
  `redirect_url` varchar(100) DEFAULT NULL,
  `send` tinyint(1) NOT NULL DEFAULT '0',
  `onlyforloggedin` int(11) DEFAULT '0',
  `fromname` varchar(100) DEFAULT NULL,
  `iprestrict` tinyint(1) NOT NULL,
  `active` tinyint(1) NOT NULL DEFAULT '1',
  `hash` varchar(32) NOT NULL
) ENGINE=MyISAM DEFAULT CHARSET=utf8;

-- --------------------------------------------------------

--
-- Cấu trúc bảng cho bảng `tblsurveysemailsendcron`
--

CREATE TABLE `tblsurveysemailsendcron` (
  `id` int(11) NOT NULL,
  `surveyid` int(11) NOT NULL,
  `email` varchar(100) NOT NULL,
  `emailid` int(11) DEFAULT NULL,
  `listid` varchar(11) DEFAULT NULL,
  `log_id` int(11) NOT NULL
) ENGINE=MyISAM DEFAULT CHARSET=utf8;

-- --------------------------------------------------------

--
-- Cấu trúc bảng cho bảng `tblsurveysendlog`
--

CREATE TABLE `tblsurveysendlog` (
  `id` int(11) NOT NULL,
  `surveyid` int(11) NOT NULL,
  `total` int(11) NOT NULL,
  `date` datetime NOT NULL,
  `iscronfinished` int(11) NOT NULL DEFAULT '0',
  `send_to_mail_lists` varchar(500) DEFAULT NULL
) ENGINE=MyISAM DEFAULT CHARSET=utf8;

-- --------------------------------------------------------

--
-- Cấu trúc bảng cho bảng `tbltags`
--

CREATE TABLE `tbltags` (
  `id` int(11) NOT NULL,
  `name` varchar(100) NOT NULL
) ENGINE=MyISAM DEFAULT CHARSET=utf8;

--
-- Đang đổ dữ liệu cho bảng `tbltags`
--

INSERT INTO `tbltags` (`id`, `name`) VALUES
(1, 'Cty TNHH MTV A');

-- --------------------------------------------------------

--
-- Cấu trúc bảng cho bảng `tbltags_in`
--

CREATE TABLE `tbltags_in` (
  `rel_id` int(11) NOT NULL,
  `rel_type` varchar(20) NOT NULL,
  `tag_id` int(11) NOT NULL,
  `tag_order` int(11) NOT NULL DEFAULT '0'
) ENGINE=MyISAM DEFAULT CHARSET=utf8;

--
-- Đang đổ dữ liệu cho bảng `tbltags_in`
--

INSERT INTO `tbltags_in` (`rel_id`, `rel_type`, `tag_id`, `tag_order`) VALUES
(1, 'lead', 1, 1);

-- --------------------------------------------------------

--
-- Cấu trúc bảng cho bảng `tbltaskchecklists`
--

CREATE TABLE `tbltaskchecklists` (
  `id` int(11) NOT NULL,
  `taskid` int(11) NOT NULL,
  `description` varchar(500) NOT NULL,
  `finished` int(11) NOT NULL DEFAULT '0',
  `dateadded` datetime NOT NULL,
  `addedfrom` int(11) NOT NULL,
  `finished_from` int(11) DEFAULT '0',
  `list_order` int(11) NOT NULL DEFAULT '0'
) ENGINE=MyISAM DEFAULT CHARSET=utf8;

--
-- Đang đổ dữ liệu cho bảng `tbltaskchecklists`
--

INSERT INTO `tbltaskchecklists` (`id`, `taskid`, `description`, `finished`, `dateadded`, `addedfrom`, `finished_from`, `list_order`) VALUES
(1, 1, '', 0, '2017-06-05 12:09:38', 1, 0, 1);

-- --------------------------------------------------------

--
-- Cấu trúc bảng cho bảng `tbltaskstimers`
--

CREATE TABLE `tbltaskstimers` (
  `id` int(11) NOT NULL,
  `task_id` int(11) NOT NULL,
  `start_time` varchar(64) NOT NULL,
  `end_time` varchar(64) DEFAULT NULL,
  `staff_id` int(11) NOT NULL,
  `hourly_rate` decimal(11,2) NOT NULL DEFAULT '0.00'
) ENGINE=MyISAM DEFAULT CHARSET=utf8;

-- --------------------------------------------------------

--
-- Cấu trúc bảng cho bảng `tbltaxes`
--

CREATE TABLE `tbltaxes` (
  `id` int(11) NOT NULL,
  `name` varchar(100) NOT NULL,
  `taxrate` decimal(11,2) NOT NULL
) ENGINE=MyISAM DEFAULT CHARSET=utf8;

--
-- Đang đổ dữ liệu cho bảng `tbltaxes`
--

INSERT INTO `tbltaxes` (`id`, `name`, `taxrate`) VALUES
(1, 'Thuế 5%', '5.00'),
(2, 'Thuế 0%', '0.00'),
(3, 'Thuế 10%', '10.00'),
(4, 'Thuế 20%', '20.00');

-- --------------------------------------------------------

--
-- Cấu trúc bảng cho bảng `tblticketattachments`
--

CREATE TABLE `tblticketattachments` (
  `id` int(11) NOT NULL,
  `ticketid` int(11) NOT NULL,
  `replyid` int(11) DEFAULT NULL,
  `file_name` mediumtext NOT NULL,
  `filetype` varchar(50) DEFAULT NULL,
  `dateadded` datetime NOT NULL
) ENGINE=MyISAM DEFAULT CHARSET=utf8;

-- --------------------------------------------------------

--
-- Cấu trúc bảng cho bảng `tblticketpipelog`
--

CREATE TABLE `tblticketpipelog` (
  `id` int(11) NOT NULL,
  `date` datetime NOT NULL,
  `email_to` varchar(500) NOT NULL,
  `name` varchar(200) NOT NULL,
  `subject` varchar(500) NOT NULL,
  `message` mediumtext NOT NULL,
  `email` varchar(300) NOT NULL,
  `status` varchar(100) NOT NULL
) ENGINE=MyISAM DEFAULT CHARSET=utf8;

-- --------------------------------------------------------

--
-- Cấu trúc bảng cho bảng `tblticketreplies`
--

CREATE TABLE `tblticketreplies` (
  `id` int(11) NOT NULL,
  `ticketid` int(11) NOT NULL,
  `userid` int(11) DEFAULT NULL,
  `contactid` int(11) NOT NULL DEFAULT '0',
  `name` text,
  `email` text,
  `date` datetime NOT NULL,
  `message` text,
  `attachment` int(11) DEFAULT NULL,
  `admin` int(11) DEFAULT NULL,
  `ip` varchar(40) DEFAULT NULL
) ENGINE=MyISAM DEFAULT CHARSET=utf8;

-- --------------------------------------------------------

--
-- Cấu trúc bảng cho bảng `tbltickets`
--

CREATE TABLE `tbltickets` (
  `ticketid` int(11) NOT NULL,
  `adminreplying` int(11) NOT NULL DEFAULT '0',
  `userid` int(11) NOT NULL,
  `contactid` int(11) NOT NULL DEFAULT '0',
  `email` text,
  `name` text,
  `department` int(11) NOT NULL,
  `priority` int(11) NOT NULL,
  `status` int(11) NOT NULL,
  `service` int(11) DEFAULT NULL,
  `ticketkey` varchar(32) NOT NULL,
  `subject` varchar(300) NOT NULL,
  `message` text,
  `admin` int(11) DEFAULT NULL,
  `date` datetime NOT NULL,
  `project_id` int(11) NOT NULL DEFAULT '0',
  `lastreply` datetime DEFAULT NULL,
  `clientread` int(11) NOT NULL DEFAULT '0',
  `adminread` int(11) NOT NULL DEFAULT '0',
  `ip` varchar(40) DEFAULT NULL,
  `assigned` int(11) NOT NULL DEFAULT '0'
) ENGINE=MyISAM DEFAULT CHARSET=utf8;

-- --------------------------------------------------------

--
-- Cấu trúc bảng cho bảng `tblticketsspamcontrol`
--

CREATE TABLE `tblticketsspamcontrol` (
  `id` int(11) NOT NULL,
  `type` varchar(40) NOT NULL,
  `value` text NOT NULL
) ENGINE=MyISAM DEFAULT CHARSET=utf8;

-- --------------------------------------------------------

--
-- Cấu trúc bảng cho bảng `tblticketstatus`
--

CREATE TABLE `tblticketstatus` (
  `ticketstatusid` int(11) NOT NULL,
  `name` varchar(50) NOT NULL,
  `isdefault` int(11) NOT NULL DEFAULT '0',
  `statuscolor` varchar(7) DEFAULT NULL,
  `statusorder` int(11) DEFAULT NULL
) ENGINE=MyISAM DEFAULT CHARSET=utf8;

--
-- Đang đổ dữ liệu cho bảng `tblticketstatus`
--

INSERT INTO `tblticketstatus` (`ticketstatusid`, `name`, `isdefault`, `statuscolor`, `statusorder`) VALUES
(3, 'Answered', 1, '#0000ff', 3),
(4, 'On Hold', 1, '#c0c0c0', 4),
(2, 'In progress', 1, '#84c529', 2),
(5, 'Closed', 1, '#03a9f4', 5),
(1, 'Open', 1, '#ff2d42', 1);

-- --------------------------------------------------------

--
-- Cấu trúc bảng cho bảng `tbltodoitems`
--

CREATE TABLE `tbltodoitems` (
  `todoid` int(11) NOT NULL,
  `description` text NOT NULL,
  `staffid` int(11) NOT NULL,
  `dateadded` datetime NOT NULL,
  `finished` tinyint(1) NOT NULL,
  `datefinished` datetime DEFAULT NULL,
  `item_order` int(11) DEFAULT NULL
) ENGINE=MyISAM DEFAULT CHARSET=utf8;

-- --------------------------------------------------------

--
-- Cấu trúc bảng cho bảng `tblunits`
--

CREATE TABLE `tblunits` (
  `unitid` int(11) NOT NULL,
  `unit` varchar(255) COLLATE utf8_unicode_ci DEFAULT NULL,
  `note` text COLLATE utf8_unicode_ci
) ENGINE=InnoDB DEFAULT CHARSET=utf8 COLLATE=utf8_unicode_ci;

--
-- Đang đổ dữ liệu cho bảng `tblunits`
--

INSERT INTO `tblunits` (`unitid`, `unit`, `note`) VALUES
(1, 'Kg', NULL),
(2, 'Thung', NULL),
(3, 'Lon', NULL);

-- --------------------------------------------------------

--
-- Cấu trúc bảng cho bảng `tbluserautologin`
--

CREATE TABLE `tbluserautologin` (
  `key_id` char(32) NOT NULL,
  `user_id` int(11) NOT NULL,
  `user_agent` varchar(150) NOT NULL,
  `last_ip` varchar(40) NOT NULL,
  `last_login` timestamp NOT NULL DEFAULT CURRENT_TIMESTAMP ON UPDATE CURRENT_TIMESTAMP,
  `staff` int(11) NOT NULL
) ENGINE=MyISAM DEFAULT CHARSET=utf8;

--
-- Đang đổ dữ liệu cho bảng `tbluserautologin`
--

INSERT INTO `tbluserautologin` (`key_id`, `user_id`, `user_agent`, `last_ip`, `last_login`, `staff`) VALUES
('66e4e0d1ae350c7acbf8ece958fa9350', 1, 'Mozilla/5.0 (Windows NT 6.1; Win64; x64) AppleWebKit/537.36 (KHTML, like Gecko) Chrome/58.0.3029.110 Safari/537.36', '::1', '2017-05-26 08:33:19', 1),
('c036f90a0ecd6fc4c0841dc17ff01db2', 1, 'Mozilla/5.0 (Windows NT 6.1; Win64; x64) AppleWebKit/537.36 (KHTML, like Gecko) Chrome/58.0.3029.110 Safari/537.36', '::1', '2017-06-29 01:11:32', 1);

-- --------------------------------------------------------

--
-- Cấu trúc bảng cho bảng `tblviewstracking`
--

CREATE TABLE `tblviewstracking` (
  `id` int(11) NOT NULL,
  `rel_id` int(11) NOT NULL,
  `rel_type` varchar(40) NOT NULL,
  `date` datetime NOT NULL,
  `view_ip` varchar(40) NOT NULL
) ENGINE=MyISAM DEFAULT CHARSET=utf8;

--
-- Đang đổ dữ liệu cho bảng `tblviewstracking`
--

INSERT INTO `tblviewstracking` (`id`, `rel_id`, `rel_type`, `date`, `view_ip`) VALUES
(1, 2, 'proposal', '2017-07-04 10:49:31', '::1');

-- --------------------------------------------------------

--
-- Cấu trúc bảng cho bảng `tblwarehouses`
--

CREATE TABLE `tblwarehouses` (
  `warehouseid` int(11) NOT NULL,
  `code` varchar(50) DEFAULT NULL,
  `warehouse` varchar(255) DEFAULT NULL,
  `address` varchar(255) DEFAULT NULL,
  `map` varchar(255) DEFAULT NULL,
  `phone` varchar(55) DEFAULT NULL,
  `email` varchar(55) DEFAULT NULL
) ENGINE=InnoDB DEFAULT CHARSET=utf8;

--
-- Đang đổ dữ liệu cho bảng `tblwarehouses`
--

INSERT INTO `tblwarehouses` (`warehouseid`, `code`, `warehouse`, `address`, `map`, `phone`, `email`) VALUES
(1, 'WHI', 'Kho 1', 'Address, City', NULL, '012345678', 'whi@google.com'),
(2, 'WHII', 'Kho 2', 'HCM', NULL, '0939701693', 'tvtan06@gmail.com'),
(3, 'WHIII 3', 'KHo 33', 'BT 3', NULL, '1234567890', NULL);

-- --------------------------------------------------------

--
-- Cấu trúc bảng cho bảng `tblwarehouses_products`
--

CREATE TABLE `tblwarehouses_products` (
  `id` int(11) NOT NULL,
  `product_id` int(10) DEFAULT NULL,
  `warehouse_id` int(11) NOT NULL,
  `quantity` decimal(15,4) NOT NULL,
  `rack` varchar(55) DEFAULT NULL
) ENGINE=InnoDB DEFAULT CHARSET=utf8;

-- --------------------------------------------------------

--
-- Cấu trúc bảng cho bảng `tblwebtolead`
--

CREATE TABLE `tblwebtolead` (
  `id` int(11) NOT NULL,
  `form_key` varchar(32) NOT NULL,
  `lead_source` int(11) NOT NULL,
  `lead_status` int(11) NOT NULL,
  `notify_lead_imported` int(11) NOT NULL DEFAULT '1',
  `notify_type` varchar(20) DEFAULT NULL,
  `notify_ids` mediumtext,
  `responsible` int(11) NOT NULL DEFAULT '0',
  `name` varchar(400) NOT NULL,
  `form_data` mediumtext,
  `recaptcha` int(11) NOT NULL DEFAULT '0',
  `submit_btn_name` varchar(40) DEFAULT NULL,
  `success_submit_msg` text,
  `language` varchar(40) DEFAULT NULL,
  `allow_duplicate` int(11) NOT NULL DEFAULT '1',
  `track_duplicate_field` varchar(20) DEFAULT NULL,
  `track_duplicate_field_and` varchar(20) DEFAULT NULL,
  `create_task_on_duplicate` int(11) NOT NULL DEFAULT '0',
  `dateadded` datetime NOT NULL
) ENGINE=MyISAM DEFAULT CHARSET=utf8;

--
-- Đang đổ dữ liệu cho bảng `tblwebtolead`
--

INSERT INTO `tblwebtolead` (`id`, `form_key`, `lead_source`, `lead_status`, `notify_lead_imported`, `notify_type`, `notify_ids`, `responsible`, `name`, `form_data`, `recaptcha`, `submit_btn_name`, `success_submit_msg`, `language`, `allow_duplicate`, `track_duplicate_field`, `track_duplicate_field_and`, `create_task_on_duplicate`, `dateadded`) VALUES
(1, '34f7f1fcc488d296390348b1dacfe97c', 1, 2, 1, 'specific_staff', 'a:0:{}', 4, 'New template', '[\n {\n  \"type\": \"text\",\n  \"required\": true,\n  \"label\": \"Tên\",\n  \"subtype\": \"text\",\n  \"className\": \"form-control\",\n  \"name\": \"name\",\n  \"value\": \"Tan Tran\"\n },\n {\n  \"type\": \"text\",\n  \"label\": \"Chức vụ\",\n  \"subtype\": \"text\",\n  \"className\": \"form-control\",\n  \"name\": \"title\",\n  \"value\": \"Nhan vien\"\n },\n {\n  \"type\": \"email\",\n  \"label\": \"Địa chỉ email\",\n  \"className\": \"form-control\",\n  \"name\": \"email\",\n  \"value\": \"tvtan06@gmail.com\"\n },\n {\n  \"type\": \"text\",\n  \"label\": \"Số điện thoại\",\n  \"subtype\": \"text\",\n  \"className\": \"form-control\",\n  \"name\": \"phonenumber\",\n  \"value\": \"0974497157\"\n },\n {\n  \"type\": \"text\",\n  \"label\": \"Địa chỉ\",\n  \"subtype\": \"text\",\n  \"className\": \"form-control\",\n  \"name\": \"address\",\n  \"value\": \"Ben Tre\"\n }\n]', 0, 'Submit', 'New template', 'vietnamese', 1, '', '', 0, '2017-05-26 16:21:19');

-- --------------------------------------------------------

--
-- Cấu trúc bảng cho bảng `tblworkforms`
--

CREATE TABLE `tblworkforms` (
  `workformid` int(11) NOT NULL,
  `workform` varchar(255) COLLATE utf8_unicode_ci DEFAULT NULL,
  `note` text COLLATE utf8_unicode_ci
) ENGINE=InnoDB DEFAULT CHARSET=utf8 COLLATE=utf8_unicode_ci;

--
-- Đang đổ dữ liệu cho bảng `tblworkforms`
--

INSERT INTO `tblworkforms` (`workformid`, `workform`, `note`) VALUES
(1, 'NV Chinh thuc', NULL),
(2, 'CTV', NULL);

-- --------------------------------------------------------

--
-- Cấu trúc bảng cho bảng `tblworkplaces`
--

CREATE TABLE `tblworkplaces` (
  `id` int(11) NOT NULL,
  `workplace` varchar(255) COLLATE utf8_unicode_ci DEFAULT NULL,
  `company_name` varchar(255) COLLATE utf8_unicode_ci DEFAULT NULL,
  `phone` varchar(15) COLLATE utf8_unicode_ci DEFAULT NULL,
  `address` varchar(255) COLLATE utf8_unicode_ci DEFAULT NULL,
  `note` text COLLATE utf8_unicode_ci
) ENGINE=InnoDB DEFAULT CHARSET=utf8 COLLATE=utf8_unicode_ci;

--
-- Đang đổ dữ liệu cho bảng `tblworkplaces`
--

INSERT INTO `tblworkplaces` (`id`, `workplace`, `company_name`, `phone`, `address`, `note`) VALUES
(1, 'Tru so', NULL, '0974497157', 'HCM', NULL),
(2, 'Chi nhánh', NULL, '34546', 'New address', NULL);

-- --------------------------------------------------------

--
-- Cấu trúc bảng cho bảng `tbl_call_logs`
--

CREATE TABLE `tbl_call_logs` (
  `id_lead` int(11) NOT NULL,
  `id_call_logs` int(11) NOT NULL
) ENGINE=InnoDB DEFAULT CHARSET=latin1;

--
-- Đang đổ dữ liệu cho bảng `tbl_call_logs`
--

INSERT INTO `tbl_call_logs` (`id_lead`, `id_call_logs`) VALUES
(4, 1);

--
-- Chỉ mục cho các bảng đã đổ
--

--
-- Chỉ mục cho bảng `district`
--
ALTER TABLE `district`
  ADD PRIMARY KEY (`districtid`),
  ADD KEY `provinceid` (`provinceid`);

--
-- Chỉ mục cho bảng `landtype`
--
ALTER TABLE `landtype`
  ADD PRIMARY KEY (`id`);

--
-- Chỉ mục cho bảng `province`
--
ALTER TABLE `province`
  ADD PRIMARY KEY (`provinceid`);

--
-- Chỉ mục cho bảng `tblactivitylog`
--
ALTER TABLE `tblactivitylog`
  ADD PRIMARY KEY (`id`),
  ADD KEY `staffid` (`staffid`);

--
-- Chỉ mục cho bảng `tblannouncements`
--
ALTER TABLE `tblannouncements`
  ADD PRIMARY KEY (`announcementid`);

--
-- Chỉ mục cho bảng `tblcall_logs`
--
ALTER TABLE `tblcall_logs`
  ADD PRIMARY KEY (`ID`),
  ADD KEY `id_lead` (`id_lead`);

--
-- Chỉ mục cho bảng `tblcategories`
--
ALTER TABLE `tblcategories`
  ADD PRIMARY KEY (`id`),
  ADD KEY `id` (`id`);

--
-- Chỉ mục cho bảng `tblcategory`
--
ALTER TABLE `tblcategory`
  ADD PRIMARY KEY (`Id_category`);

--
-- Chỉ mục cho bảng `tblclients`
--
ALTER TABLE `tblclients`
  ADD PRIMARY KEY (`userid`),
  ADD KEY `country` (`country`);

--
-- Chỉ mục cho bảng `tblcommentlikes`
--
ALTER TABLE `tblcommentlikes`
  ADD PRIMARY KEY (`id`);

--
-- Chỉ mục cho bảng `tblcontactpermissions`
--
ALTER TABLE `tblcontactpermissions`
  ADD PRIMARY KEY (`id`);

--
-- Chỉ mục cho bảng `tblcontacts`
--
ALTER TABLE `tblcontacts`
  ADD PRIMARY KEY (`id`),
  ADD KEY `userid` (`userid`),
  ADD KEY `is_primary` (`is_primary`);

--
-- Chỉ mục cho bảng `tblcontractrenewals`
--
ALTER TABLE `tblcontractrenewals`
  ADD PRIMARY KEY (`id`);

--
-- Chỉ mục cho bảng `tblcontracts`
--
ALTER TABLE `tblcontracts`
  ADD PRIMARY KEY (`id`),
  ADD KEY `client` (`client`),
  ADD KEY `contract_type` (`contract_type`);

--
-- Chỉ mục cho bảng `tblcontracttypes`
--
ALTER TABLE `tblcontracttypes`
  ADD PRIMARY KEY (`id`);

--
-- Chỉ mục cho bảng `tblcountries`
--
ALTER TABLE `tblcountries`
  ADD PRIMARY KEY (`country_id`);

--
-- Chỉ mục cho bảng `tblcurrencies`
--
ALTER TABLE `tblcurrencies`
  ADD PRIMARY KEY (`id`);

--
-- Chỉ mục cho bảng `tblcustomeradmins`
--
ALTER TABLE `tblcustomeradmins`
  ADD KEY `customer_id` (`customer_id`),
  ADD KEY `staff_id` (`staff_id`);

--
-- Chỉ mục cho bảng `tblcustomergroups_in`
--
ALTER TABLE `tblcustomergroups_in`
  ADD PRIMARY KEY (`id`),
  ADD KEY `groupid` (`groupid`),
  ADD KEY `customer_id` (`customer_id`);

--
-- Chỉ mục cho bảng `tblcustomersgroups`
--
ALTER TABLE `tblcustomersgroups`
  ADD PRIMARY KEY (`id`);

--
-- Chỉ mục cho bảng `tblcustomfields`
--
ALTER TABLE `tblcustomfields`
  ADD PRIMARY KEY (`id`);

--
-- Chỉ mục cho bảng `tblcustomfieldsvalues`
--
ALTER TABLE `tblcustomfieldsvalues`
  ADD PRIMARY KEY (`id`),
  ADD KEY `relid` (`relid`),
  ADD KEY `fieldid` (`fieldid`),
  ADD KEY `fieldto` (`fieldto`),
  ADD KEY `relid_2` (`relid`);

--
-- Chỉ mục cho bảng `tbldepartment`
--
ALTER TABLE `tbldepartment`
  ADD PRIMARY KEY (`id`);

--
-- Chỉ mục cho bảng `tbldepartments`
--
ALTER TABLE `tbldepartments`
  ADD PRIMARY KEY (`departmentid`);

--
-- Chỉ mục cho bảng `tbldismissedannouncements`
--
ALTER TABLE `tbldismissedannouncements`
  ADD PRIMARY KEY (`dismissedannouncementid`),
  ADD KEY `announcementid` (`announcementid`);

--
-- Chỉ mục cho bảng `tblemaillists`
--
ALTER TABLE `tblemaillists`
  ADD PRIMARY KEY (`listid`);

--
-- Chỉ mục cho bảng `tblemailtemplates`
--
ALTER TABLE `tblemailtemplates`
  ADD PRIMARY KEY (`emailtemplateid`);

--
-- Chỉ mục cho bảng `tblestimates`
--
ALTER TABLE `tblestimates`
  ADD PRIMARY KEY (`id`),
  ADD KEY `clientid` (`clientid`),
  ADD KEY `currency` (`currency`),
  ADD KEY `project_id` (`project_id`);

--
-- Chỉ mục cho bảng `tblevents`
--
ALTER TABLE `tblevents`
  ADD PRIMARY KEY (`eventid`);

--
-- Chỉ mục cho bảng `tblexpenses`
--
ALTER TABLE `tblexpenses`
  ADD PRIMARY KEY (`id`),
  ADD KEY `clientid` (`clientid`),
  ADD KEY `project_id` (`project_id`),
  ADD KEY `category` (`category`);

--
-- Chỉ mục cho bảng `tblexpensescategories`
--
ALTER TABLE `tblexpensescategories`
  ADD PRIMARY KEY (`id`);

--
-- Chỉ mục cho bảng `tblfiles`
--
ALTER TABLE `tblfiles`
  ADD PRIMARY KEY (`id`),
  ADD KEY `rel_id` (`rel_id`),
  ADD KEY `rel_type` (`rel_type`);

--
-- Chỉ mục cho bảng `tblformquestionboxes`
--
ALTER TABLE `tblformquestionboxes`
  ADD PRIMARY KEY (`boxid`);

--
-- Chỉ mục cho bảng `tblformquestionboxesdescription`
--
ALTER TABLE `tblformquestionboxesdescription`
  ADD PRIMARY KEY (`questionboxdescriptionid`);

--
-- Chỉ mục cho bảng `tblformquestions`
--
ALTER TABLE `tblformquestions`
  ADD PRIMARY KEY (`questionid`);

--
-- Chỉ mục cho bảng `tblformresults`
--
ALTER TABLE `tblformresults`
  ADD PRIMARY KEY (`resultid`);

--
-- Chỉ mục cho bảng `tblgoals`
--
ALTER TABLE `tblgoals`
  ADD PRIMARY KEY (`id`);

--
-- Chỉ mục cho bảng `tblinvoicepaymentrecords`
--
ALTER TABLE `tblinvoicepaymentrecords`
  ADD PRIMARY KEY (`id`),
  ADD KEY `invoiceid` (`invoiceid`),
  ADD KEY `paymentmethod` (`paymentmethod`);

--
-- Chỉ mục cho bảng `tblinvoicepaymentsmodes`
--
ALTER TABLE `tblinvoicepaymentsmodes`
  ADD PRIMARY KEY (`id`);

--
-- Chỉ mục cho bảng `tblinvoices`
--
ALTER TABLE `tblinvoices`
  ADD PRIMARY KEY (`id`),
  ADD KEY `currency` (`currency`),
  ADD KEY `clientid` (`clientid`),
  ADD KEY `project_id` (`project_id`);

--
-- Chỉ mục cho bảng `tblitems`
--
ALTER TABLE `tblitems`
  ADD PRIMARY KEY (`id`),
  ADD UNIQUE KEY `id` (`id`);

--
-- Chỉ mục cho bảng `tblitemsrelated`
--
ALTER TABLE `tblitemsrelated`
  ADD PRIMARY KEY (`id`);

--
-- Chỉ mục cho bảng `tblitemstax`
--
ALTER TABLE `tblitemstax`
  ADD PRIMARY KEY (`id`);

--
-- Chỉ mục cho bảng `tblitems_groups`
--
ALTER TABLE `tblitems_groups`
  ADD PRIMARY KEY (`id`);

--
-- Chỉ mục cho bảng `tblitems_in`
--
ALTER TABLE `tblitems_in`
  ADD PRIMARY KEY (`id`),
  ADD KEY `rel_id` (`rel_id`),
  ADD KEY `rel_type` (`rel_type`);

--
-- Chỉ mục cho bảng `tblitem_price_history`
--
ALTER TABLE `tblitem_price_history`
  ADD PRIMARY KEY (`id`),
  ADD KEY `id_item` (`item_id`),
  ADD KEY `id_item_2` (`item_id`);

--
-- Chỉ mục cho bảng `tblknowledgebase`
--
ALTER TABLE `tblknowledgebase`
  ADD PRIMARY KEY (`articleid`);

--
-- Chỉ mục cho bảng `tblknowledgebasearticleanswers`
--
ALTER TABLE `tblknowledgebasearticleanswers`
  ADD PRIMARY KEY (`articleanswerid`);

--
-- Chỉ mục cho bảng `tblknowledgebasegroups`
--
ALTER TABLE `tblknowledgebasegroups`
  ADD PRIMARY KEY (`groupid`);

--
-- Chỉ mục cho bảng `tblleadactivitylog`
--
ALTER TABLE `tblleadactivitylog`
  ADD PRIMARY KEY (`id`);

--
-- Chỉ mục cho bảng `tblleads`
--
ALTER TABLE `tblleads`
  ADD PRIMARY KEY (`id`),
  ADD KEY `status` (`status`),
  ADD KEY `assigned` (`assigned`),
  ADD KEY `source` (`source`),
  ADD KEY `lastcontact` (`lastcontact`),
  ADD KEY `leadorder` (`leadorder`),
  ADD KEY `dateadded` (`dateadded`),
  ADD KEY `from_form_id` (`from_form_id`),
  ADD KEY `from_form_id_2` (`from_form_id`);

--
-- Chỉ mục cho bảng `tblleadsemailintegrationemails`
--
ALTER TABLE `tblleadsemailintegrationemails`
  ADD PRIMARY KEY (`id`);

--
-- Chỉ mục cho bảng `tblleadsintegration`
--
ALTER TABLE `tblleadsintegration`
  ADD PRIMARY KEY (`id`);

--
-- Chỉ mục cho bảng `tblleadssources`
--
ALTER TABLE `tblleadssources`
  ADD PRIMARY KEY (`id`);

--
-- Chỉ mục cho bảng `tblleadsstatus`
--
ALTER TABLE `tblleadsstatus`
  ADD PRIMARY KEY (`id`);

--
-- Chỉ mục cho bảng `tbllistemails`
--
ALTER TABLE `tbllistemails`
  ADD PRIMARY KEY (`emailid`);

--
-- Chỉ mục cho bảng `tblmaillistscustomfields`
--
ALTER TABLE `tblmaillistscustomfields`
  ADD PRIMARY KEY (`customfieldid`);

--
-- Chỉ mục cho bảng `tblmaillistscustomfieldvalues`
--
ALTER TABLE `tblmaillistscustomfieldvalues`
  ADD PRIMARY KEY (`customfieldvalueid`),
  ADD KEY `listid` (`listid`),
  ADD KEY `customfieldid` (`customfieldid`);

--
-- Chỉ mục cho bảng `tblmilestones`
--
ALTER TABLE `tblmilestones`
  ADD PRIMARY KEY (`id`);

--
-- Chỉ mục cho bảng `tblnotes`
--
ALTER TABLE `tblnotes`
  ADD PRIMARY KEY (`id`);

--
-- Chỉ mục cho bảng `tblnotifications`
--
ALTER TABLE `tblnotifications`
  ADD PRIMARY KEY (`id`);

--
-- Chỉ mục cho bảng `tbloptions`
--
ALTER TABLE `tbloptions`
  ADD PRIMARY KEY (`id`);

--
-- Chỉ mục cho bảng `tblpermissions`
--
ALTER TABLE `tblpermissions`
  ADD PRIMARY KEY (`permissionid`);

--
-- Chỉ mục cho bảng `tblpinnedprojects`
--
ALTER TABLE `tblpinnedprojects`
  ADD PRIMARY KEY (`id`);

--
-- Chỉ mục cho bảng `tblpositions`
--
ALTER TABLE `tblpositions`
  ADD PRIMARY KEY (`positionid`);

--
-- Chỉ mục cho bảng `tblpostcomments`
--
ALTER TABLE `tblpostcomments`
  ADD PRIMARY KEY (`id`);

--
-- Chỉ mục cho bảng `tblpostlikes`
--
ALTER TABLE `tblpostlikes`
  ADD PRIMARY KEY (`id`);

--
-- Chỉ mục cho bảng `tblposts`
--
ALTER TABLE `tblposts`
  ADD PRIMARY KEY (`postid`);

--
-- Chỉ mục cho bảng `tblpredifinedreplies`
--
ALTER TABLE `tblpredifinedreplies`
  ADD PRIMARY KEY (`id`);

--
-- Chỉ mục cho bảng `tblpriorities`
--
ALTER TABLE `tblpriorities`
  ADD PRIMARY KEY (`priorityid`);

--
-- Chỉ mục cho bảng `tblproduct_files`
--
ALTER TABLE `tblproduct_files`
  ADD PRIMARY KEY (`id`);

--
-- Chỉ mục cho bảng `tblproduct_photos`
--
ALTER TABLE `tblproduct_photos`
  ADD PRIMARY KEY (`id`);

--
-- Chỉ mục cho bảng `tblprojectactivity`
--
ALTER TABLE `tblprojectactivity`
  ADD PRIMARY KEY (`id`);

--
-- Chỉ mục cho bảng `tblprojectdiscussioncomments`
--
ALTER TABLE `tblprojectdiscussioncomments`
  ADD PRIMARY KEY (`id`);

--
-- Chỉ mục cho bảng `tblprojectdiscussions`
--
ALTER TABLE `tblprojectdiscussions`
  ADD PRIMARY KEY (`id`);

--
-- Chỉ mục cho bảng `tblprojectfiles`
--
ALTER TABLE `tblprojectfiles`
  ADD PRIMARY KEY (`id`);

--
-- Chỉ mục cho bảng `tblprojectmembers`
--
ALTER TABLE `tblprojectmembers`
  ADD PRIMARY KEY (`id`),
  ADD KEY `project_id` (`project_id`),
  ADD KEY `staff_id` (`staff_id`);

--
-- Chỉ mục cho bảng `tblprojectnotes`
--
ALTER TABLE `tblprojectnotes`
  ADD PRIMARY KEY (`id`);

--
-- Chỉ mục cho bảng `tblprojects`
--
ALTER TABLE `tblprojects`
  ADD PRIMARY KEY (`id`),
  ADD KEY `clientid` (`clientid`);

--
-- Chỉ mục cho bảng `tblprojectsettings`
--
ALTER TABLE `tblprojectsettings`
  ADD PRIMARY KEY (`id`);

--
-- Chỉ mục cho bảng `tblproposalcomments`
--
ALTER TABLE `tblproposalcomments`
  ADD PRIMARY KEY (`id`);

--
-- Chỉ mục cho bảng `tblproposals`
--
ALTER TABLE `tblproposals`
  ADD PRIMARY KEY (`id`);

--
-- Chỉ mục cho bảng `tblracks`
--
ALTER TABLE `tblracks`
  ADD PRIMARY KEY (`rackid`);

--
-- Chỉ mục cho bảng `tblreminders`
--
ALTER TABLE `tblreminders`
  ADD PRIMARY KEY (`id`);

--
-- Chỉ mục cho bảng `tblrolepermissions`
--
ALTER TABLE `tblrolepermissions`
  ADD PRIMARY KEY (`rolepermissionid`);

--
-- Chỉ mục cho bảng `tblroles`
--
ALTER TABLE `tblroles`
  ADD PRIMARY KEY (`roleid`);

--
-- Chỉ mục cho bảng `tblrule`
--
ALTER TABLE `tblrule`
  ADD PRIMARY KEY (`id`);

--
-- Chỉ mục cho bảng `tblsalesactivity`
--
ALTER TABLE `tblsalesactivity`
  ADD PRIMARY KEY (`id`);

--
-- Chỉ mục cho bảng `tblservices`
--
ALTER TABLE `tblservices`
  ADD PRIMARY KEY (`serviceid`);

--
-- Chỉ mục cho bảng `tblsessions`
--
ALTER TABLE `tblsessions`
  ADD KEY `ci_sessions_timestamp` (`timestamp`);

--
-- Chỉ mục cho bảng `tblstaff`
--
ALTER TABLE `tblstaff`
  ADD PRIMARY KEY (`staffid`);

--
-- Chỉ mục cho bảng `tblstaffdepartments`
--
ALTER TABLE `tblstaffdepartments`
  ADD PRIMARY KEY (`staffdepartmentid`);

--
-- Chỉ mục cho bảng `tblstaffpermissions`
--
ALTER TABLE `tblstaffpermissions`
  ADD PRIMARY KEY (`staffpermid`);

--
-- Chỉ mục cho bảng `tblstafftaskassignees`
--
ALTER TABLE `tblstafftaskassignees`
  ADD PRIMARY KEY (`id`),
  ADD KEY `taskid` (`taskid`),
  ADD KEY `staffid` (`staffid`);

--
-- Chỉ mục cho bảng `tblstafftaskcomments`
--
ALTER TABLE `tblstafftaskcomments`
  ADD PRIMARY KEY (`id`);

--
-- Chỉ mục cho bảng `tblstafftasks`
--
ALTER TABLE `tblstafftasks`
  ADD PRIMARY KEY (`id`),
  ADD KEY `rel_id` (`rel_id`),
  ADD KEY `rel_type` (`rel_type`),
  ADD KEY `milestone` (`milestone`),
  ADD KEY `kanban_order` (`kanban_order`);

--
-- Chỉ mục cho bảng `tblstafftasksfollowers`
--
ALTER TABLE `tblstafftasksfollowers`
  ADD PRIMARY KEY (`id`);

--
-- Chỉ mục cho bảng `tblsurveyresultsets`
--
ALTER TABLE `tblsurveyresultsets`
  ADD PRIMARY KEY (`resultsetid`);

--
-- Chỉ mục cho bảng `tblsurveys`
--
ALTER TABLE `tblsurveys`
  ADD PRIMARY KEY (`surveyid`);

--
-- Chỉ mục cho bảng `tblsurveysemailsendcron`
--
ALTER TABLE `tblsurveysemailsendcron`
  ADD PRIMARY KEY (`id`);

--
-- Chỉ mục cho bảng `tblsurveysendlog`
--
ALTER TABLE `tblsurveysendlog`
  ADD PRIMARY KEY (`id`);

--
-- Chỉ mục cho bảng `tbltags`
--
ALTER TABLE `tbltags`
  ADD PRIMARY KEY (`id`);

--
-- Chỉ mục cho bảng `tbltags_in`
--
ALTER TABLE `tbltags_in`
  ADD KEY `rel_id` (`rel_id`),
  ADD KEY `rel_type` (`rel_type`),
  ADD KEY `tag_id` (`tag_id`);

--
-- Chỉ mục cho bảng `tbltaskchecklists`
--
ALTER TABLE `tbltaskchecklists`
  ADD PRIMARY KEY (`id`);

--
-- Chỉ mục cho bảng `tbltaskstimers`
--
ALTER TABLE `tbltaskstimers`
  ADD PRIMARY KEY (`id`),
  ADD KEY `task_id` (`task_id`),
  ADD KEY `staff_id` (`staff_id`);

--
-- Chỉ mục cho bảng `tbltaxes`
--
ALTER TABLE `tbltaxes`
  ADD PRIMARY KEY (`id`);

--
-- Chỉ mục cho bảng `tblticketattachments`
--
ALTER TABLE `tblticketattachments`
  ADD PRIMARY KEY (`id`);

--
-- Chỉ mục cho bảng `tblticketpipelog`
--
ALTER TABLE `tblticketpipelog`
  ADD PRIMARY KEY (`id`);

--
-- Chỉ mục cho bảng `tblticketreplies`
--
ALTER TABLE `tblticketreplies`
  ADD PRIMARY KEY (`id`);

--
-- Chỉ mục cho bảng `tbltickets`
--
ALTER TABLE `tbltickets`
  ADD PRIMARY KEY (`ticketid`),
  ADD KEY `service` (`service`),
  ADD KEY `department` (`department`),
  ADD KEY `status` (`status`),
  ADD KEY `userid` (`userid`),
  ADD KEY `priority` (`priority`),
  ADD KEY `project_id` (`project_id`);

--
-- Chỉ mục cho bảng `tblticketsspamcontrol`
--
ALTER TABLE `tblticketsspamcontrol`
  ADD PRIMARY KEY (`id`);

--
-- Chỉ mục cho bảng `tblticketstatus`
--
ALTER TABLE `tblticketstatus`
  ADD PRIMARY KEY (`ticketstatusid`);

--
-- Chỉ mục cho bảng `tbltodoitems`
--
ALTER TABLE `tbltodoitems`
  ADD PRIMARY KEY (`todoid`);

--
-- Chỉ mục cho bảng `tblunits`
--
ALTER TABLE `tblunits`
  ADD PRIMARY KEY (`unitid`);

--
-- Chỉ mục cho bảng `tblviewstracking`
--
ALTER TABLE `tblviewstracking`
  ADD PRIMARY KEY (`id`);

--
-- Chỉ mục cho bảng `tblwarehouses`
--
ALTER TABLE `tblwarehouses`
  ADD PRIMARY KEY (`warehouseid`),
  ADD KEY `id` (`warehouseid`);

--
-- Chỉ mục cho bảng `tblwarehouses_products`
--
ALTER TABLE `tblwarehouses_products`
  ADD PRIMARY KEY (`id`),
  ADD KEY `warehouse_id` (`warehouse_id`);

--
-- Chỉ mục cho bảng `tblwebtolead`
--
ALTER TABLE `tblwebtolead`
  ADD PRIMARY KEY (`id`);

--
-- Chỉ mục cho bảng `tblworkforms`
--
ALTER TABLE `tblworkforms`
  ADD PRIMARY KEY (`workformid`);

--
-- Chỉ mục cho bảng `tblworkplaces`
--
ALTER TABLE `tblworkplaces`
  ADD PRIMARY KEY (`id`);

--
-- AUTO_INCREMENT cho các bảng đã đổ
--

--
-- AUTO_INCREMENT cho bảng `landtype`
--
ALTER TABLE `landtype`
  MODIFY `id` tinyint(4) NOT NULL AUTO_INCREMENT, AUTO_INCREMENT=13;
--
-- AUTO_INCREMENT cho bảng `tblactivitylog`
--
ALTER TABLE `tblactivitylog`
  MODIFY `id` int(11) NOT NULL AUTO_INCREMENT, AUTO_INCREMENT=382;
--
-- AUTO_INCREMENT cho bảng `tblannouncements`
--
ALTER TABLE `tblannouncements`
  MODIFY `announcementid` int(11) NOT NULL AUTO_INCREMENT;
--
-- AUTO_INCREMENT cho bảng `tblcall_logs`
--
ALTER TABLE `tblcall_logs`
  MODIFY `ID` int(11) NOT NULL AUTO_INCREMENT, AUTO_INCREMENT=7;
--
-- AUTO_INCREMENT cho bảng `tblcategories`
--
ALTER TABLE `tblcategories`
  MODIFY `id` int(11) NOT NULL AUTO_INCREMENT, AUTO_INCREMENT=17;
--
-- AUTO_INCREMENT cho bảng `tblcategory`
--
ALTER TABLE `tblcategory`
  MODIFY `Id_category` int(11) NOT NULL AUTO_INCREMENT, AUTO_INCREMENT=4;
--
-- AUTO_INCREMENT cho bảng `tblclients`
--
ALTER TABLE `tblclients`
  MODIFY `userid` int(11) NOT NULL AUTO_INCREMENT, AUTO_INCREMENT=9;
--
-- AUTO_INCREMENT cho bảng `tblcommentlikes`
--
ALTER TABLE `tblcommentlikes`
  MODIFY `id` int(11) NOT NULL AUTO_INCREMENT;
--
-- AUTO_INCREMENT cho bảng `tblcontactpermissions`
--
ALTER TABLE `tblcontactpermissions`
  MODIFY `id` int(11) NOT NULL AUTO_INCREMENT, AUTO_INCREMENT=19;
--
-- AUTO_INCREMENT cho bảng `tblcontacts`
--
ALTER TABLE `tblcontacts`
  MODIFY `id` int(11) NOT NULL AUTO_INCREMENT, AUTO_INCREMENT=4;
--
-- AUTO_INCREMENT cho bảng `tblcontractrenewals`
--
ALTER TABLE `tblcontractrenewals`
  MODIFY `id` int(11) NOT NULL AUTO_INCREMENT, AUTO_INCREMENT=2;
--
-- AUTO_INCREMENT cho bảng `tblcontracts`
--
ALTER TABLE `tblcontracts`
  MODIFY `id` int(11) NOT NULL AUTO_INCREMENT, AUTO_INCREMENT=2;
--
-- AUTO_INCREMENT cho bảng `tblcontracttypes`
--
ALTER TABLE `tblcontracttypes`
  MODIFY `id` int(11) NOT NULL AUTO_INCREMENT;
--
-- AUTO_INCREMENT cho bảng `tblcountries`
--
ALTER TABLE `tblcountries`
  MODIFY `country_id` int(5) NOT NULL AUTO_INCREMENT, AUTO_INCREMENT=251;
--
-- AUTO_INCREMENT cho bảng `tblcurrencies`
--
ALTER TABLE `tblcurrencies`
  MODIFY `id` int(11) NOT NULL AUTO_INCREMENT, AUTO_INCREMENT=4;
--
-- AUTO_INCREMENT cho bảng `tblcustomergroups_in`
--
ALTER TABLE `tblcustomergroups_in`
  MODIFY `id` int(11) NOT NULL AUTO_INCREMENT, AUTO_INCREMENT=3;
--
-- AUTO_INCREMENT cho bảng `tblcustomersgroups`
--
ALTER TABLE `tblcustomersgroups`
  MODIFY `id` int(11) NOT NULL AUTO_INCREMENT, AUTO_INCREMENT=3;
--
-- AUTO_INCREMENT cho bảng `tblcustomfields`
--
ALTER TABLE `tblcustomfields`
  MODIFY `id` int(11) NOT NULL AUTO_INCREMENT, AUTO_INCREMENT=4;
--
-- AUTO_INCREMENT cho bảng `tblcustomfieldsvalues`
--
ALTER TABLE `tblcustomfieldsvalues`
  MODIFY `id` int(11) NOT NULL AUTO_INCREMENT, AUTO_INCREMENT=2;
--
-- AUTO_INCREMENT cho bảng `tbldepartment`
--
ALTER TABLE `tbldepartment`
  MODIFY `id` int(11) NOT NULL AUTO_INCREMENT, AUTO_INCREMENT=3;
--
-- AUTO_INCREMENT cho bảng `tbldepartments`
--
ALTER TABLE `tbldepartments`
  MODIFY `departmentid` int(11) NOT NULL AUTO_INCREMENT, AUTO_INCREMENT=3;
--
-- AUTO_INCREMENT cho bảng `tbldismissedannouncements`
--
ALTER TABLE `tbldismissedannouncements`
  MODIFY `dismissedannouncementid` int(11) NOT NULL AUTO_INCREMENT;
--
-- AUTO_INCREMENT cho bảng `tblemaillists`
--
ALTER TABLE `tblemaillists`
  MODIFY `listid` int(11) NOT NULL AUTO_INCREMENT;
--
-- AUTO_INCREMENT cho bảng `tblemailtemplates`
--
ALTER TABLE `tblemailtemplates`
  MODIFY `emailtemplateid` int(11) NOT NULL AUTO_INCREMENT, AUTO_INCREMENT=833;
--
-- AUTO_INCREMENT cho bảng `tblestimates`
--
ALTER TABLE `tblestimates`
  MODIFY `id` int(11) NOT NULL AUTO_INCREMENT;
--
-- AUTO_INCREMENT cho bảng `tblevents`
--
ALTER TABLE `tblevents`
  MODIFY `eventid` int(11) NOT NULL AUTO_INCREMENT;
--
-- AUTO_INCREMENT cho bảng `tblexpenses`
--
ALTER TABLE `tblexpenses`
  MODIFY `id` int(11) NOT NULL AUTO_INCREMENT;
--
-- AUTO_INCREMENT cho bảng `tblexpensescategories`
--
ALTER TABLE `tblexpensescategories`
  MODIFY `id` int(11) NOT NULL AUTO_INCREMENT;
--
-- AUTO_INCREMENT cho bảng `tblfiles`
--
ALTER TABLE `tblfiles`
  MODIFY `id` int(11) NOT NULL AUTO_INCREMENT, AUTO_INCREMENT=60;
--
-- AUTO_INCREMENT cho bảng `tblformquestionboxes`
--
ALTER TABLE `tblformquestionboxes`
  MODIFY `boxid` int(11) NOT NULL AUTO_INCREMENT;
--
-- AUTO_INCREMENT cho bảng `tblformquestionboxesdescription`
--
ALTER TABLE `tblformquestionboxesdescription`
  MODIFY `questionboxdescriptionid` int(11) NOT NULL AUTO_INCREMENT;
--
-- AUTO_INCREMENT cho bảng `tblformquestions`
--
ALTER TABLE `tblformquestions`
  MODIFY `questionid` int(11) NOT NULL AUTO_INCREMENT;
--
-- AUTO_INCREMENT cho bảng `tblformresults`
--
ALTER TABLE `tblformresults`
  MODIFY `resultid` int(11) NOT NULL AUTO_INCREMENT;
--
-- AUTO_INCREMENT cho bảng `tblgoals`
--
ALTER TABLE `tblgoals`
  MODIFY `id` int(11) NOT NULL AUTO_INCREMENT;
--
-- AUTO_INCREMENT cho bảng `tblinvoicepaymentrecords`
--
ALTER TABLE `tblinvoicepaymentrecords`
  MODIFY `id` int(11) NOT NULL AUTO_INCREMENT;
--
-- AUTO_INCREMENT cho bảng `tblinvoicepaymentsmodes`
--
ALTER TABLE `tblinvoicepaymentsmodes`
  MODIFY `id` int(11) NOT NULL AUTO_INCREMENT, AUTO_INCREMENT=3;
--
-- AUTO_INCREMENT cho bảng `tblinvoices`
--
ALTER TABLE `tblinvoices`
  MODIFY `id` int(11) NOT NULL AUTO_INCREMENT, AUTO_INCREMENT=2;
--
-- AUTO_INCREMENT cho bảng `tblitems`
--
ALTER TABLE `tblitems`
  MODIFY `id` int(11) NOT NULL AUTO_INCREMENT, AUTO_INCREMENT=39;
--
-- AUTO_INCREMENT cho bảng `tblitemsrelated`
--
ALTER TABLE `tblitemsrelated`
  MODIFY `id` int(11) NOT NULL AUTO_INCREMENT;
--
-- AUTO_INCREMENT cho bảng `tblitemstax`
--
ALTER TABLE `tblitemstax`
  MODIFY `id` int(11) NOT NULL AUTO_INCREMENT;
--
-- AUTO_INCREMENT cho bảng `tblitems_groups`
--
ALTER TABLE `tblitems_groups`
  MODIFY `id` int(11) NOT NULL AUTO_INCREMENT, AUTO_INCREMENT=5;
--
-- AUTO_INCREMENT cho bảng `tblitems_in`
--
ALTER TABLE `tblitems_in`
  MODIFY `id` int(11) NOT NULL AUTO_INCREMENT, AUTO_INCREMENT=4;
--
-- AUTO_INCREMENT cho bảng `tblitem_price_history`
--
ALTER TABLE `tblitem_price_history`
  MODIFY `id` int(11) NOT NULL AUTO_INCREMENT, AUTO_INCREMENT=12;
--
-- AUTO_INCREMENT cho bảng `tblknowledgebase`
--
ALTER TABLE `tblknowledgebase`
  MODIFY `articleid` int(11) NOT NULL AUTO_INCREMENT;
--
-- AUTO_INCREMENT cho bảng `tblknowledgebasearticleanswers`
--
ALTER TABLE `tblknowledgebasearticleanswers`
  MODIFY `articleanswerid` int(11) NOT NULL AUTO_INCREMENT;
--
-- AUTO_INCREMENT cho bảng `tblknowledgebasegroups`
--
ALTER TABLE `tblknowledgebasegroups`
  MODIFY `groupid` int(11) NOT NULL AUTO_INCREMENT;
--
-- AUTO_INCREMENT cho bảng `tblleadactivitylog`
--
ALTER TABLE `tblleadactivitylog`
  MODIFY `id` int(11) NOT NULL AUTO_INCREMENT, AUTO_INCREMENT=26;
--
-- AUTO_INCREMENT cho bảng `tblleads`
--
ALTER TABLE `tblleads`
  MODIFY `id` int(11) NOT NULL AUTO_INCREMENT, AUTO_INCREMENT=16;
--
-- AUTO_INCREMENT cho bảng `tblleadsemailintegrationemails`
--
ALTER TABLE `tblleadsemailintegrationemails`
  MODIFY `id` int(11) NOT NULL AUTO_INCREMENT;
--
-- AUTO_INCREMENT cho bảng `tblleadsintegration`
--
ALTER TABLE `tblleadsintegration`
  MODIFY `id` int(11) NOT NULL AUTO_INCREMENT COMMENT 'the ID always must be 1', AUTO_INCREMENT=2;
--
-- AUTO_INCREMENT cho bảng `tblleadssources`
--
ALTER TABLE `tblleadssources`
  MODIFY `id` int(11) NOT NULL AUTO_INCREMENT, AUTO_INCREMENT=5;
--
-- AUTO_INCREMENT cho bảng `tblleadsstatus`
--
ALTER TABLE `tblleadsstatus`
  MODIFY `id` int(11) NOT NULL AUTO_INCREMENT, AUTO_INCREMENT=5;
--
-- AUTO_INCREMENT cho bảng `tbllistemails`
--
ALTER TABLE `tbllistemails`
  MODIFY `emailid` int(11) NOT NULL AUTO_INCREMENT;
--
-- AUTO_INCREMENT cho bảng `tblmaillistscustomfields`
--
ALTER TABLE `tblmaillistscustomfields`
  MODIFY `customfieldid` int(11) NOT NULL AUTO_INCREMENT;
--
-- AUTO_INCREMENT cho bảng `tblmaillistscustomfieldvalues`
--
ALTER TABLE `tblmaillistscustomfieldvalues`
  MODIFY `customfieldvalueid` int(11) NOT NULL AUTO_INCREMENT;
--
-- AUTO_INCREMENT cho bảng `tblmilestones`
--
ALTER TABLE `tblmilestones`
  MODIFY `id` int(11) NOT NULL AUTO_INCREMENT;
--
-- AUTO_INCREMENT cho bảng `tblnotes`
--
ALTER TABLE `tblnotes`
  MODIFY `id` int(11) NOT NULL AUTO_INCREMENT, AUTO_INCREMENT=9;
--
-- AUTO_INCREMENT cho bảng `tblnotifications`
--
ALTER TABLE `tblnotifications`
  MODIFY `id` int(11) NOT NULL AUTO_INCREMENT, AUTO_INCREMENT=66;
--
-- AUTO_INCREMENT cho bảng `tbloptions`
--
ALTER TABLE `tbloptions`
  MODIFY `id` int(11) NOT NULL AUTO_INCREMENT, AUTO_INCREMENT=248;
--
-- AUTO_INCREMENT cho bảng `tblpermissions`
--
ALTER TABLE `tblpermissions`
  MODIFY `permissionid` int(11) NOT NULL AUTO_INCREMENT, AUTO_INCREMENT=20;
--
-- AUTO_INCREMENT cho bảng `tblpinnedprojects`
--
ALTER TABLE `tblpinnedprojects`
  MODIFY `id` int(11) NOT NULL AUTO_INCREMENT;
--
-- AUTO_INCREMENT cho bảng `tblpositions`
--
ALTER TABLE `tblpositions`
  MODIFY `positionid` int(11) NOT NULL AUTO_INCREMENT, AUTO_INCREMENT=5;
--
-- AUTO_INCREMENT cho bảng `tblpostcomments`
--
ALTER TABLE `tblpostcomments`
  MODIFY `id` int(11) NOT NULL AUTO_INCREMENT;
--
-- AUTO_INCREMENT cho bảng `tblpostlikes`
--
ALTER TABLE `tblpostlikes`
  MODIFY `id` int(11) NOT NULL AUTO_INCREMENT;
--
-- AUTO_INCREMENT cho bảng `tblposts`
--
ALTER TABLE `tblposts`
  MODIFY `postid` int(11) NOT NULL AUTO_INCREMENT;
--
-- AUTO_INCREMENT cho bảng `tblpredifinedreplies`
--
ALTER TABLE `tblpredifinedreplies`
  MODIFY `id` int(11) NOT NULL AUTO_INCREMENT;
--
-- AUTO_INCREMENT cho bảng `tblpriorities`
--
ALTER TABLE `tblpriorities`
  MODIFY `priorityid` int(11) NOT NULL AUTO_INCREMENT, AUTO_INCREMENT=4;
--
-- AUTO_INCREMENT cho bảng `tblproduct_files`
--
ALTER TABLE `tblproduct_files`
  MODIFY `id` int(11) NOT NULL AUTO_INCREMENT;
--
-- AUTO_INCREMENT cho bảng `tblproduct_photos`
--
ALTER TABLE `tblproduct_photos`
  MODIFY `id` int(11) NOT NULL AUTO_INCREMENT;
--
-- AUTO_INCREMENT cho bảng `tblprojectactivity`
--
ALTER TABLE `tblprojectactivity`
  MODIFY `id` int(11) NOT NULL AUTO_INCREMENT, AUTO_INCREMENT=6;
--
-- AUTO_INCREMENT cho bảng `tblprojectdiscussioncomments`
--
ALTER TABLE `tblprojectdiscussioncomments`
  MODIFY `id` int(11) NOT NULL AUTO_INCREMENT;
--
-- AUTO_INCREMENT cho bảng `tblprojectdiscussions`
--
ALTER TABLE `tblprojectdiscussions`
  MODIFY `id` int(11) NOT NULL AUTO_INCREMENT;
--
-- AUTO_INCREMENT cho bảng `tblprojectfiles`
--
ALTER TABLE `tblprojectfiles`
  MODIFY `id` int(11) NOT NULL AUTO_INCREMENT;
--
-- AUTO_INCREMENT cho bảng `tblprojectmembers`
--
ALTER TABLE `tblprojectmembers`
  MODIFY `id` int(11) NOT NULL AUTO_INCREMENT, AUTO_INCREMENT=4;
--
-- AUTO_INCREMENT cho bảng `tblprojectnotes`
--
ALTER TABLE `tblprojectnotes`
  MODIFY `id` int(11) NOT NULL AUTO_INCREMENT;
--
-- AUTO_INCREMENT cho bảng `tblprojects`
--
ALTER TABLE `tblprojects`
  MODIFY `id` int(11) NOT NULL AUTO_INCREMENT, AUTO_INCREMENT=2;
--
-- AUTO_INCREMENT cho bảng `tblprojectsettings`
--
ALTER TABLE `tblprojectsettings`
  MODIFY `id` int(11) NOT NULL AUTO_INCREMENT, AUTO_INCREMENT=16;
--
-- AUTO_INCREMENT cho bảng `tblproposalcomments`
--
ALTER TABLE `tblproposalcomments`
  MODIFY `id` int(11) NOT NULL AUTO_INCREMENT;
--
-- AUTO_INCREMENT cho bảng `tblproposals`
--
ALTER TABLE `tblproposals`
  MODIFY `id` int(11) NOT NULL AUTO_INCREMENT, AUTO_INCREMENT=4;
--
-- AUTO_INCREMENT cho bảng `tblracks`
--
ALTER TABLE `tblracks`
  MODIFY `rackid` int(10) NOT NULL AUTO_INCREMENT, AUTO_INCREMENT=20;
--
-- AUTO_INCREMENT cho bảng `tblreminders`
--
ALTER TABLE `tblreminders`
  MODIFY `id` int(11) NOT NULL AUTO_INCREMENT, AUTO_INCREMENT=8;
--
-- AUTO_INCREMENT cho bảng `tblrolepermissions`
--
ALTER TABLE `tblrolepermissions`
  MODIFY `rolepermissionid` int(11) NOT NULL AUTO_INCREMENT, AUTO_INCREMENT=96;
--
-- AUTO_INCREMENT cho bảng `tblroles`
--
ALTER TABLE `tblroles`
  MODIFY `roleid` int(11) NOT NULL AUTO_INCREMENT, AUTO_INCREMENT=6;
--
-- AUTO_INCREMENT cho bảng `tblrule`
--
ALTER TABLE `tblrule`
  MODIFY `id` int(11) NOT NULL AUTO_INCREMENT, AUTO_INCREMENT=5;
--
-- AUTO_INCREMENT cho bảng `tblsalesactivity`
--
ALTER TABLE `tblsalesactivity`
  MODIFY `id` int(11) NOT NULL AUTO_INCREMENT, AUTO_INCREMENT=7;
--
-- AUTO_INCREMENT cho bảng `tblservices`
--
ALTER TABLE `tblservices`
  MODIFY `serviceid` int(11) NOT NULL AUTO_INCREMENT;
--
-- AUTO_INCREMENT cho bảng `tblstaff`
--
ALTER TABLE `tblstaff`
  MODIFY `staffid` int(11) NOT NULL AUTO_INCREMENT, AUTO_INCREMENT=15;
--
-- AUTO_INCREMENT cho bảng `tblstaffdepartments`
--
ALTER TABLE `tblstaffdepartments`
  MODIFY `staffdepartmentid` int(11) NOT NULL AUTO_INCREMENT, AUTO_INCREMENT=21;
--
-- AUTO_INCREMENT cho bảng `tblstaffpermissions`
--
ALTER TABLE `tblstaffpermissions`
  MODIFY `staffpermid` int(11) NOT NULL AUTO_INCREMENT, AUTO_INCREMENT=438;
--
-- AUTO_INCREMENT cho bảng `tblstafftaskassignees`
--
ALTER TABLE `tblstafftaskassignees`
  MODIFY `id` int(11) NOT NULL AUTO_INCREMENT, AUTO_INCREMENT=18;
--
-- AUTO_INCREMENT cho bảng `tblstafftaskcomments`
--
ALTER TABLE `tblstafftaskcomments`
  MODIFY `id` int(11) NOT NULL AUTO_INCREMENT, AUTO_INCREMENT=2;
--
-- AUTO_INCREMENT cho bảng `tblstafftasks`
--
ALTER TABLE `tblstafftasks`
  MODIFY `id` int(11) NOT NULL AUTO_INCREMENT, AUTO_INCREMENT=9;
--
-- AUTO_INCREMENT cho bảng `tblstafftasksfollowers`
--
ALTER TABLE `tblstafftasksfollowers`
  MODIFY `id` int(11) NOT NULL AUTO_INCREMENT, AUTO_INCREMENT=10;
--
-- AUTO_INCREMENT cho bảng `tblsurveyresultsets`
--
ALTER TABLE `tblsurveyresultsets`
  MODIFY `resultsetid` int(11) NOT NULL AUTO_INCREMENT;
--
-- AUTO_INCREMENT cho bảng `tblsurveys`
--
ALTER TABLE `tblsurveys`
  MODIFY `surveyid` int(11) NOT NULL AUTO_INCREMENT;
--
-- AUTO_INCREMENT cho bảng `tblsurveysemailsendcron`
--
ALTER TABLE `tblsurveysemailsendcron`
  MODIFY `id` int(11) NOT NULL AUTO_INCREMENT;
--
-- AUTO_INCREMENT cho bảng `tblsurveysendlog`
--
ALTER TABLE `tblsurveysendlog`
  MODIFY `id` int(11) NOT NULL AUTO_INCREMENT;
--
-- AUTO_INCREMENT cho bảng `tbltags`
--
ALTER TABLE `tbltags`
  MODIFY `id` int(11) NOT NULL AUTO_INCREMENT, AUTO_INCREMENT=2;
--
-- AUTO_INCREMENT cho bảng `tbltaskchecklists`
--
ALTER TABLE `tbltaskchecklists`
  MODIFY `id` int(11) NOT NULL AUTO_INCREMENT, AUTO_INCREMENT=2;
--
-- AUTO_INCREMENT cho bảng `tbltaskstimers`
--
ALTER TABLE `tbltaskstimers`
  MODIFY `id` int(11) NOT NULL AUTO_INCREMENT;
--
-- AUTO_INCREMENT cho bảng `tbltaxes`
--
ALTER TABLE `tbltaxes`
  MODIFY `id` int(11) NOT NULL AUTO_INCREMENT, AUTO_INCREMENT=5;
--
-- AUTO_INCREMENT cho bảng `tblticketattachments`
--
ALTER TABLE `tblticketattachments`
  MODIFY `id` int(11) NOT NULL AUTO_INCREMENT;
--
-- AUTO_INCREMENT cho bảng `tblticketpipelog`
--
ALTER TABLE `tblticketpipelog`
  MODIFY `id` int(11) NOT NULL AUTO_INCREMENT;
--
-- AUTO_INCREMENT cho bảng `tblticketreplies`
--
ALTER TABLE `tblticketreplies`
  MODIFY `id` int(11) NOT NULL AUTO_INCREMENT;
--
-- AUTO_INCREMENT cho bảng `tbltickets`
--
ALTER TABLE `tbltickets`
  MODIFY `ticketid` int(11) NOT NULL AUTO_INCREMENT;
--
-- AUTO_INCREMENT cho bảng `tblticketsspamcontrol`
--
ALTER TABLE `tblticketsspamcontrol`
  MODIFY `id` int(11) NOT NULL AUTO_INCREMENT;
--
-- AUTO_INCREMENT cho bảng `tblticketstatus`
--
ALTER TABLE `tblticketstatus`
  MODIFY `ticketstatusid` int(11) NOT NULL AUTO_INCREMENT, AUTO_INCREMENT=6;
--
-- AUTO_INCREMENT cho bảng `tbltodoitems`
--
ALTER TABLE `tbltodoitems`
  MODIFY `todoid` int(11) NOT NULL AUTO_INCREMENT;
--
-- AUTO_INCREMENT cho bảng `tblunits`
--
ALTER TABLE `tblunits`
  MODIFY `unitid` int(11) NOT NULL AUTO_INCREMENT, AUTO_INCREMENT=4;
--
-- AUTO_INCREMENT cho bảng `tblviewstracking`
--
ALTER TABLE `tblviewstracking`
  MODIFY `id` int(11) NOT NULL AUTO_INCREMENT, AUTO_INCREMENT=2;
--
-- AUTO_INCREMENT cho bảng `tblwarehouses`
--
ALTER TABLE `tblwarehouses`
  MODIFY `warehouseid` int(11) NOT NULL AUTO_INCREMENT, AUTO_INCREMENT=4;
--
-- AUTO_INCREMENT cho bảng `tblwarehouses_products`
--
ALTER TABLE `tblwarehouses_products`
  MODIFY `id` int(11) NOT NULL AUTO_INCREMENT;
--
-- AUTO_INCREMENT cho bảng `tblwebtolead`
--
ALTER TABLE `tblwebtolead`
  MODIFY `id` int(11) NOT NULL AUTO_INCREMENT, AUTO_INCREMENT=2;
--
-- AUTO_INCREMENT cho bảng `tblworkforms`
--
ALTER TABLE `tblworkforms`
  MODIFY `workformid` int(11) NOT NULL AUTO_INCREMENT, AUTO_INCREMENT=3;
--
-- AUTO_INCREMENT cho bảng `tblworkplaces`
--
ALTER TABLE `tblworkplaces`
  MODIFY `id` int(11) NOT NULL AUTO_INCREMENT, AUTO_INCREMENT=3;
/*!40101 SET CHARACTER_SET_CLIENT=@OLD_CHARACTER_SET_CLIENT */;
/*!40101 SET CHARACTER_SET_RESULTS=@OLD_CHARACTER_SET_RESULTS */;
/*!40101 SET COLLATION_CONNECTION=@OLD_COLLATION_CONNECTION */;
